timestamp,field_id,trap_id,temp_c,humidity_pct,wind_kmh,rainfall_mm
2026-05-01 00:00:00,F01,TRAP-A,23.5,93.72,12.88,0.0
2026-05-01 00:10:00,F01,TRAP-A,22.9,93.92,10.73,0.0
2026-05-01 00:20:00,F01,TRAP-A,23.44,89.25,11.19,0.0
2026-05-01 00:30:00,F01,TRAP-A,24.06,95.85,10.39,0.0
2026-05-01 00:40:00,F01,TRAP-A,22.58,88.45,9.58,0.0
2026-05-01 00:50:00,F01,TRAP-A,22.52,90.74,11.54,0.0
2026-05-01 01:00:00,F01,TRAP-A,23.92,93.69,12.82,0.0
2026-05-01 01:10:00,F01,TRAP-A,23.22,90.51,10.59,0.0
2026-05-01 01:20:00,F01,TRAP-A,22.19,93.43,11.48,0.0
2026-05-01 01:30:00,F01,TRAP-A,22.97,93.47,15.02,0.0
2026-05-01 01:40:00,F01,TRAP-A,22.15,92.48,10.17,0.0
2026-05-01 01:50:00,F01,TRAP-A,22.13,95.07,12.21,0.0
2026-05-01 02:00:00,F01,TRAP-A,22.69,92.43,11.29,0.0
2026-05-01 02:10:00,F01,TRAP-A,20.97,93.56,13.79,0.0
2026-05-01 02:20:00,F01,TRAP-A,21.14,95.81,10.35,0.0
2026-05-01 02:30:00,F01,TRAP-A,22.09,94.85,13.77,0.0
2026-05-01 02:40:00,F01,TRAP-A,21.76,94.74,10.9,0.0
2026-05-01 02:50:00,F01,TRAP-A,22.86,89.77,10.9,0.0
2026-05-01 03:00:00,F01,TRAP-A,21.93,93.8,14.7,0.0
2026-05-01 03:10:00,F01,TRAP-A,21.58,90.11,14.02,0.0
2026-05-01 03:20:00,F01,TRAP-A,23.94,88.89,17.82,0.0
2026-05-01 03:30:00,F01,TRAP-A,22.66,91.68,13.37,0.0
2026-05-01 03:40:00,F01,TRAP-A,22.98,89.33,13.54,0.0
2026-05-01 03:50:00,F01,TRAP-A,21.87,93.28,15.06,0.0
2026-05-01 04:00:00,F01,TRAP-A,22.67,93.03,12.64,0.0
2026-05-01 04:10:00,F01,TRAP-A,23.29,85.89,11.66,0.0
2026-05-01 04:20:00,F01,TRAP-A,22.39,88.22,12.41,0.0
2026-05-01 04:30:00,F01,TRAP-A,23.73,86.25,12.51,0.0
2026-05-01 04:40:00,F01,TRAP-A,23.07,88.33,12.99,0.0
2026-05-01 04:50:00,F01,TRAP-A,23.45,90.2,20.43,0.0
2026-05-01 05:00:00,F01,TRAP-A,23.34,88.0,16.77,0.0
2026-05-01 05:10:00,F01,TRAP-A,25.44,86.66,20.15,0.0
2026-05-01 05:20:00,F01,TRAP-A,24.1,90.89,30.0,0.0
2026-05-01 05:30:00,F01,TRAP-A,23.41,81.37,13.67,0.0
2026-05-01 05:40:00,F01,TRAP-A,25.08,89.69,12.76,0.0
2026-05-01 05:50:00,F01,TRAP-A,23.61,84.7,14.46,0.0
2026-05-01 06:00:00,F01,TRAP-A,24.92,85.3,18.39,0.0
2026-05-01 06:10:00,F01,TRAP-A,23.35,83.61,13.88,0.0
2026-05-01 06:20:00,F01,TRAP-A,24.04,88.19,14.1,0.0
2026-05-01 06:30:00,F01,TRAP-A,25.44,80.66,12.4,0.0
2026-05-01 06:40:00,F01,TRAP-A,26.05,83.16,13.58,0.0
2026-05-01 06:50:00,F01,TRAP-A,25.78,83.83,13.37,0.0
2026-05-01 07:00:00,F01,TRAP-A,25.74,77.85,13.16,0.0
2026-05-01 07:10:00,F01,TRAP-A,25.79,78.94,18.36,0.0
2026-05-01 07:20:00,F01,TRAP-A,25.04,80.23,11.94,0.0
2026-05-01 07:30:00,F01,TRAP-A,25.84,77.74,22.44,0.0
2026-05-01 07:40:00,F01,TRAP-A,26.24,77.27,11.65,0.0
2026-05-01 07:50:00,F01,TRAP-A,27.65,77.78,20.28,0.0
2026-05-01 08:00:00,F01,TRAP-A,27.28,79.62,13.85,0.0
2026-05-01 08:10:00,F01,TRAP-A,25.79,76.49,15.01,0.0
2026-05-01 08:20:00,F01,TRAP-A,27.65,79.39,11.9,0.0
2026-05-01 08:30:00,F01,TRAP-A,27.28,73.55,14.36,0.0
2026-05-01 08:40:00,F01,TRAP-A,27.24,72.26,17.47,0.0
2026-05-01 08:50:00,F01,TRAP-A,28.46,79.57,11.4,0.0
2026-05-01 09:00:00,F01,TRAP-A,28.99,72.47,11.24,0.0
2026-05-01 09:10:00,F01,TRAP-A,29.1,70.21,11.79,0.0
2026-05-01 09:20:00,F01,TRAP-A,27.87,68.51,11.1,0.0
2026-05-01 09:30:00,F01,TRAP-A,28.48,74.94,10.79,0.0
2026-05-01 09:40:00,F01,TRAP-A,29.17,70.8,13.7,0.89
2026-05-01 09:50:00,F01,TRAP-A,29.86,70.44,10.87,0.0
2026-05-01 10:00:00,F01,TRAP-A,28.87,70.1,13.3,0.0
2026-05-01 10:10:00,F01,TRAP-A,29.27,72.47,15.79,0.0
2026-05-01 10:20:00,F01,TRAP-A,28.7,68.94,12.86,0.0
2026-05-01 10:30:00,F01,TRAP-A,28.78,74.73,9.91,0.0
2026-05-01 10:40:00,F01,TRAP-A,30.54,68.69,11.92,0.0
2026-05-01 10:50:00,F01,TRAP-A,31.13,70.52,10.7,0.0
2026-05-01 11:00:00,F01,TRAP-A,30.13,69.4,10.3,0.0
2026-05-01 11:10:00,F01,TRAP-A,31.12,66.85,10.02,0.0
2026-05-01 11:20:00,F01,TRAP-A,30.74,65.04,16.65,0.0
2026-05-01 11:30:00,F01,TRAP-A,30.05,66.93,12.59,0.0
2026-05-01 11:40:00,F01,TRAP-A,30.98,66.99,8.78,0.0
2026-05-01 11:50:00,F01,TRAP-A,32.03,63.92,10.11,0.0
2026-05-01 12:00:00,F01,TRAP-A,30.87,65.42,9.15,0.0
2026-05-01 12:10:00,F01,TRAP-A,32.24,67.78,19.27,0.0
2026-05-01 12:20:00,F01,TRAP-A,28.98,69.58,19.1,0.0
2026-05-01 12:30:00,F01,TRAP-A,31.82,66.28,8.63,0.0
2026-05-01 12:40:00,F01,TRAP-A,31.3,68.56,8.61,0.0
2026-05-01 12:50:00,F01,TRAP-A,31.05,62.12,9.88,0.0
2026-05-01 13:00:00,F01,TRAP-A,31.42,65.26,8.92,0.0
2026-05-01 13:10:00,F01,TRAP-A,29.8,66.7,7.52,0.0
2026-05-01 13:20:00,F01,TRAP-A,31.26,60.99,9.87,0.0
2026-05-01 13:30:00,F01,TRAP-A,31.75,61.91,7.69,0.0
2026-05-01 13:40:00,F01,TRAP-A,32.67,67.4,9.49,0.0
2026-05-01 13:50:00,F01,TRAP-A,31.08,60.58,7.6,0.0
2026-05-01 14:00:00,F01,TRAP-A,30.85,59.65,9.61,0.0
2026-05-01 14:10:00,F01,TRAP-A,31.09,66.83,9.16,0.0
2026-05-01 14:20:00,F01,TRAP-A,32.22,66.05,7.84,0.0
2026-05-01 14:30:00,F01,TRAP-A,31.72,64.21,9.22,0.0
2026-05-01 14:40:00,F01,TRAP-A,31.01,63.11,7.28,0.0
2026-05-01 14:50:00,F01,TRAP-A,31.8,62.26,5.67,0.0
2026-05-01 15:00:00,F01,TRAP-A,31.42,64.22,5.77,0.0
2026-05-01 15:10:00,F01,TRAP-A,32.07,67.65,5.9,0.0
2026-05-01 15:20:00,F01,TRAP-A,30.67,64.5,5.13,0.0
2026-05-01 15:30:00,F01,TRAP-A,30.89,69.56,8.55,0.0
2026-05-01 15:40:00,F01,TRAP-A,30.76,62.16,6.1,0.0
2026-05-01 15:50:00,F01,TRAP-A,29.82,64.65,4.92,0.0
2026-05-01 16:00:00,F01,TRAP-A,31.13,64.08,9.68,0.0
2026-05-01 16:10:00,F01,TRAP-A,31.0,62.64,7.9,0.0
2026-05-01 16:20:00,F01,TRAP-A,30.69,65.33,6.18,0.0
2026-05-01 16:30:00,F01,TRAP-A,30.38,67.15,5.16,0.0
2026-05-01 16:40:00,F01,TRAP-A,29.31,67.82,4.73,0.0
2026-05-01 16:50:00,F01,TRAP-A,29.98,72.37,6.02,0.0
2026-05-01 17:00:00,F01,TRAP-A,29.91,68.56,10.63,0.0
2026-05-01 17:10:00,F01,TRAP-A,29.4,70.75,4.72,0.0
2026-05-01 17:20:00,F01,TRAP-A,29.76,68.53,6.58,0.0
2026-05-01 17:30:00,F01,TRAP-A,30.06,73.07,13.82,0.0
2026-05-01 17:40:00,F01,TRAP-A,31.09,75.4,7.06,0.0
2026-05-01 17:50:00,F01,TRAP-A,29.56,71.27,5.74,0.0
2026-05-01 18:00:00,F01,TRAP-A,29.45,68.02,7.78,0.0
2026-05-01 18:10:00,F01,TRAP-A,29.02,69.71,9.23,0.0
2026-05-01 18:20:00,F01,TRAP-A,27.37,72.37,6.69,0.0
2026-05-01 18:30:00,F01,TRAP-A,28.7,73.41,10.2,0.0
2026-05-01 18:40:00,F01,TRAP-A,28.59,74.62,6.23,0.0
2026-05-01 18:50:00,F01,TRAP-A,30.32,74.65,9.41,0.0
2026-05-01 19:00:00,F01,TRAP-A,28.01,74.14,13.25,0.0
2026-05-01 19:10:00,F01,TRAP-A,28.21,73.17,6.27,0.0
2026-05-01 19:20:00,F01,TRAP-A,27.75,76.4,7.03,0.0
2026-05-01 19:30:00,F01,TRAP-A,26.65,80.69,7.13,0.0
2026-05-01 19:40:00,F01,TRAP-A,28.3,79.25,8.94,0.0
2026-05-01 19:50:00,F01,TRAP-A,27.8,78.69,9.65,0.0
2026-05-01 20:00:00,F01,TRAP-A,27.63,80.58,4.62,0.0
2026-05-01 20:10:00,F01,TRAP-A,26.07,77.73,8.59,0.0
2026-05-01 20:20:00,F01,TRAP-A,27.73,78.04,9.32,0.0
2026-05-01 20:30:00,F01,TRAP-A,25.29,78.09,8.44,0.0
2026-05-01 20:40:00,F01,TRAP-A,26.69,80.3,8.69,0.0
2026-05-01 20:50:00,F01,TRAP-A,27.78,80.2,5.18,0.0
2026-05-01 21:00:00,F01,TRAP-A,25.04,84.91,6.92,0.0
2026-05-01 21:10:00,F01,TRAP-A,25.19,81.33,10.41,0.0
2026-05-01 21:20:00,F01,TRAP-A,25.54,81.13,13.58,0.0
2026-05-01 21:30:00,F01,TRAP-A,24.87,88.6,6.35,0.0
2026-05-01 21:40:00,F01,TRAP-A,23.86,83.22,8.3,0.0
2026-05-01 21:50:00,F01,TRAP-A,24.98,85.32,10.75,0.0
2026-05-01 22:00:00,F01,TRAP-A,23.9,86.63,10.19,0.0
2026-05-01 22:10:00,F01,TRAP-A,24.96,83.22,9.05,0.0
2026-05-01 22:20:00,F01,TRAP-A,23.68,89.7,6.37,0.0
2026-05-01 22:30:00,F01,TRAP-A,25.5,88.73,10.33,0.0
2026-05-01 22:40:00,F01,TRAP-A,23.48,91.54,11.09,0.0
2026-05-01 22:50:00,F01,TRAP-A,23.7,86.44,10.65,0.0
2026-05-01 23:00:00,F01,TRAP-A,24.47,88.86,11.32,0.0
2026-05-01 23:10:00,F01,TRAP-A,22.7,89.16,8.83,0.0
2026-05-01 23:20:00,F01,TRAP-A,23.73,90.15,22.53,0.0
2026-05-01 23:30:00,F01,TRAP-A,24.47,86.27,11.9,0.0
2026-05-01 23:40:00,F01,TRAP-A,22.03,90.57,10.25,0.0
2026-05-01 23:50:00,F01,TRAP-A,23.35,87.09,15.99,0.0
2026-05-02 00:00:00,F01,TRAP-A,23.31,91.89,15.17,0.0
2026-05-02 00:10:00,F01,TRAP-A,23.63,85.99,13.23,0.0
2026-05-02 00:20:00,F01,TRAP-A,21.93,86.97,10.84,0.0
2026-05-02 00:30:00,F01,TRAP-A,21.79,93.91,10.77,0.0
2026-05-02 00:40:00,F01,TRAP-A,23.19,90.73,9.89,0.0
2026-05-02 00:50:00,F01,TRAP-A,22.95,89.84,9.73,0.0
2026-05-02 01:00:00,F01,TRAP-A,22.85,95.67,11.19,0.0
2026-05-02 01:10:00,F01,TRAP-A,22.88,93.47,11.79,0.0
2026-05-02 01:20:00,F01,TRAP-A,22.02,94.95,10.21,8.25
2026-05-02 01:30:00,F01,TRAP-A,22.72,92.46,17.21,0.0
2026-05-02 01:40:00,F01,TRAP-A,22.75,98.0,12.14,0.0
2026-05-02 01:50:00,F01,TRAP-A,21.93,91.47,12.09,0.0
2026-05-02 02:00:00,F01,TRAP-A,23.99,97.36,11.72,0.0
2026-05-02 02:10:00,F01,TRAP-A,22.88,92.83,10.33,0.0
2026-05-02 02:20:00,F01,TRAP-A,21.56,88.81,16.72,0.0
2026-05-02 02:30:00,F01,TRAP-A,23.06,94.08,11.58,0.0
2026-05-02 02:40:00,F01,TRAP-A,21.79,93.56,13.66,0.0
2026-05-02 02:50:00,F01,TRAP-A,23.24,90.01,13.51,0.0
2026-05-02 03:00:00,F01,TRAP-A,23.58,90.18,13.46,0.0
2026-05-02 03:10:00,F01,TRAP-A,22.05,92.24,13.19,0.0
2026-05-02 03:20:00,F01,TRAP-A,23.54,92.97,11.67,0.0
2026-05-02 03:30:00,F01,TRAP-A,23.17,85.68,12.16,0.0
2026-05-02 03:40:00,F01,TRAP-A,23.58,94.22,13.51,0.0
2026-05-02 03:50:00,F01,TRAP-A,24.53,90.07,16.05,0.0
2026-05-02 04:00:00,F01,TRAP-A,22.91,87.66,13.16,0.0
2026-05-02 04:10:00,F01,TRAP-A,22.6,93.0,12.23,0.0
2026-05-02 04:20:00,F01,TRAP-A,22.6,90.22,11.9,0.0
2026-05-02 04:30:00,F01,TRAP-A,22.78,92.94,14.96,0.0
2026-05-02 04:40:00,F01,TRAP-A,23.49,90.58,13.41,0.0
2026-05-02 04:50:00,F01,TRAP-A,23.96,89.05,12.22,0.0
2026-05-02 05:00:00,F01,TRAP-A,24.04,88.22,15.23,0.0
2026-05-02 05:10:00,F01,TRAP-A,24.62,89.33,12.6,0.0
2026-05-02 05:20:00,F01,TRAP-A,24.12,86.6,14.07,0.0
2026-05-02 05:30:00,F01,TRAP-A,25.43,84.99,13.06,0.0
2026-05-02 05:40:00,F01,TRAP-A,24.21,88.12,20.04,0.0
2026-05-02 05:50:00,F01,TRAP-A,26.76,85.69,12.77,0.0
2026-05-02 06:00:00,F01,TRAP-A,25.25,85.58,13.63,0.0
2026-05-02 06:10:00,F01,TRAP-A,24.24,87.64,21.61,0.0
2026-05-02 06:20:00,F01,TRAP-A,24.24,84.05,13.14,0.0
2026-05-02 06:30:00,F01,TRAP-A,25.67,83.77,15.07,0.0
2026-05-02 06:40:00,F01,TRAP-A,25.28,81.62,13.08,0.0
2026-05-02 06:50:00,F01,TRAP-A,26.22,83.58,12.26,0.0
2026-05-02 07:00:00,F01,TRAP-A,26.22,82.75,14.83,0.0
2026-05-02 07:10:00,F01,TRAP-A,25.97,83.49,19.25,0.0
2026-05-02 07:20:00,F01,TRAP-A,25.54,79.15,13.57,0.0
2026-05-02 07:30:00,F01,TRAP-A,25.2,78.8,14.65,0.0
2026-05-02 07:40:00,F01,TRAP-A,26.25,81.28,14.44,0.0
2026-05-02 07:50:00,F01,TRAP-A,27.49,79.28,13.16,0.0
2026-05-02 08:00:00,F01,TRAP-A,27.17,75.72,14.33,0.0
2026-05-02 08:10:00,F01,TRAP-A,26.2,80.6,12.27,0.0
2026-05-02 08:20:00,F01,TRAP-A,27.53,72.44,12.7,0.0
2026-05-02 08:30:00,F01,TRAP-A,27.9,77.99,12.92,0.0
2026-05-02 08:40:00,F01,TRAP-A,27.08,72.22,17.05,0.0
2026-05-02 08:50:00,F01,TRAP-A,28.1,79.46,12.23,0.0
2026-05-02 09:00:00,F01,TRAP-A,28.21,70.25,13.85,0.0
2026-05-02 09:10:00,F01,TRAP-A,27.44,76.36,11.42,0.0
2026-05-02 09:20:00,F01,TRAP-A,28.83,72.66,11.44,5.12
2026-05-02 09:30:00,F01,TRAP-A,29.17,71.33,13.57,0.0
2026-05-02 09:40:00,F01,TRAP-A,29.77,72.11,14.6,0.0
2026-05-02 09:50:00,F01,TRAP-A,29.92,72.64,12.01,0.0
2026-05-02 10:00:00,F01,TRAP-A,28.15,68.23,11.22,0.0
2026-05-02 10:10:00,F01,TRAP-A,28.67,67.89,17.08,0.0
2026-05-02 10:20:00,F01,TRAP-A,30.0,71.01,10.13,0.0
2026-05-02 10:30:00,F01,TRAP-A,30.15,64.59,13.35,0.0
2026-05-02 10:40:00,F01,TRAP-A,30.31,66.89,12.88,0.0
2026-05-02 10:50:00,F01,TRAP-A,33.12,75.46,12.72,0.0
2026-05-02 11:00:00,F01,TRAP-A,30.64,64.97,17.25,0.0
2026-05-02 11:10:00,F01,TRAP-A,31.23,69.8,12.77,0.0
2026-05-02 11:20:00,F01,TRAP-A,31.21,65.04,9.77,0.0
2026-05-02 11:30:00,F01,TRAP-A,31.09,67.37,9.83,0.0
2026-05-02 11:40:00,F01,TRAP-A,30.44,67.34,9.83,0.0
2026-05-02 11:50:00,F01,TRAP-A,31.4,68.17,8.27,0.0
2026-05-02 12:00:00,F01,TRAP-A,30.28,64.5,15.34,0.0
2026-05-02 12:10:00,F01,TRAP-A,30.8,69.66,8.05,0.0
2026-05-02 12:20:00,F01,TRAP-A,30.69,62.93,11.26,0.0
2026-05-02 12:30:00,F01,TRAP-A,31.22,64.72,11.4,0.0
2026-05-02 12:40:00,F01,TRAP-A,33.08,64.51,12.87,0.0
2026-05-02 12:50:00,F01,TRAP-A,29.8,60.89,9.55,0.0
2026-05-02 13:00:00,F01,TRAP-A,31.9,62.79,10.84,0.0
2026-05-02 13:10:00,F01,TRAP-A,30.1,63.76,7.88,0.0
2026-05-02 13:20:00,F01,TRAP-A,31.05,62.15,10.74,0.0
2026-05-02 13:30:00,F01,TRAP-A,32.33,69.23,7.73,0.0
2026-05-02 13:40:00,F01,TRAP-A,31.53,60.96,13.3,0.0
2026-05-02 13:50:00,F01,TRAP-A,30.63,65.96,6.69,0.0
2026-05-02 14:00:00,F01,TRAP-A,30.93,65.14,7.14,0.0
2026-05-02 14:10:00,F01,TRAP-A,32.04,62.98,7.92,0.0
2026-05-02 14:20:00,F01,TRAP-A,30.9,60.9,10.19,0.0
2026-05-02 14:30:00,F01,TRAP-A,31.63,61.21,9.71,0.0
2026-05-02 14:40:00,F01,TRAP-A,31.47,61.94,6.14,0.0
2026-05-02 14:50:00,F01,TRAP-A,30.87,58.89,5.76,0.0
2026-05-02 15:00:00,F01,TRAP-A,33.06,61.01,6.26,0.85
2026-05-02 15:10:00,F01,TRAP-A,31.8,59.99,7.03,0.0
2026-05-02 15:20:00,F01,TRAP-A,29.61,67.27,7.26,0.0
2026-05-02 15:30:00,F01,TRAP-A,31.31,65.69,6.51,0.0
2026-05-02 15:40:00,F01,TRAP-A,30.55,66.38,7.99,0.0
2026-05-02 15:50:00,F01,TRAP-A,31.67,66.17,6.3,0.0
2026-05-02 16:00:00,F01,TRAP-A,30.26,65.43,13.31,0.0
2026-05-02 16:10:00,F01,TRAP-A,30.7,69.01,5.36,0.0
2026-05-02 16:20:00,F01,TRAP-A,31.09,64.19,7.33,0.0
2026-05-02 16:30:00,F01,TRAP-A,31.26,66.37,7.14,0.0
2026-05-02 16:40:00,F01,TRAP-A,29.48,68.38,5.23,0.0
2026-05-02 16:50:00,F01,TRAP-A,30.05,63.65,5.78,0.0
2026-05-02 17:00:00,F01,TRAP-A,29.8,75.14,5.5,0.0
2026-05-02 17:10:00,F01,TRAP-A,29.51,67.95,4.66,0.0
2026-05-02 17:20:00,F01,TRAP-A,31.3,68.72,6.01,0.0
2026-05-02 17:30:00,F01,TRAP-A,30.06,72.02,5.5,0.0
2026-05-02 17:40:00,F01,TRAP-A,28.57,71.69,4.6,1.79
2026-05-02 17:50:00,F01,TRAP-A,30.15,70.05,5.8,0.0
2026-05-02 18:00:00,F01,TRAP-A,30.94,70.84,5.64,0.0
2026-05-02 18:10:00,F01,TRAP-A,29.9,67.32,4.43,0.0
2026-05-02 18:20:00,F01,TRAP-A,27.68,70.28,4.44,0.0
2026-05-02 18:30:00,F01,TRAP-A,28.33,73.56,7.16,0.0
2026-05-02 18:40:00,F01,TRAP-A,29.55,73.99,7.74,0.0
2026-05-02 18:50:00,F01,TRAP-A,27.78,76.55,12.6,0.0
2026-05-02 19:00:00,F01,TRAP-A,28.52,73.83,4.41,0.0
2026-05-02 19:10:00,F01,TRAP-A,28.59,71.3,4.56,0.0
2026-05-02 19:20:00,F01,TRAP-A,27.04,78.05,4.4,0.0
2026-05-02 19:30:00,F01,TRAP-A,27.54,79.65,6.59,0.0
2026-05-02 19:40:00,F01,TRAP-A,24.8,78.95,7.3,0.0
2026-05-02 19:50:00,F01,TRAP-A,26.37,76.95,6.0,0.0
2026-05-02 20:00:00,F01,TRAP-A,26.79,80.62,9.33,0.0
2026-05-02 20:10:00,F01,TRAP-A,25.8,87.24,8.11,0.0
2026-05-02 20:20:00,F01,TRAP-A,27.91,79.61,17.5,0.0
2026-05-02 20:30:00,F01,TRAP-A,25.26,76.69,5.27,0.38
2026-05-02 20:40:00,F01,TRAP-A,25.86,79.15,5.12,0.0
2026-05-02 20:50:00,F01,TRAP-A,26.13,82.82,6.02,0.0
2026-05-02 21:00:00,F01,TRAP-A,26.98,77.88,5.23,0.0
2026-05-02 21:10:00,F01,TRAP-A,24.49,82.95,13.39,0.0
2026-05-02 21:20:00,F01,TRAP-A,26.39,84.09,6.52,5.74
2026-05-02 21:30:00,F01,TRAP-A,25.28,87.59,7.98,0.0
2026-05-02 21:40:00,F01,TRAP-A,24.31,87.63,6.86,0.0
2026-05-02 21:50:00,F01,TRAP-A,25.29,87.1,6.7,0.0
2026-05-02 22:00:00,F01,TRAP-A,24.91,80.11,6.5,0.0
2026-05-02 22:10:00,F01,TRAP-A,24.1,88.37,7.31,0.0
2026-05-02 22:20:00,F01,TRAP-A,24.47,88.38,9.18,0.0
2026-05-02 22:30:00,F01,TRAP-A,23.95,87.78,17.16,0.0
2026-05-02 22:40:00,F01,TRAP-A,24.2,83.33,9.09,0.0
2026-05-02 22:50:00,F01,TRAP-A,24.49,86.2,9.08,0.0
2026-05-02 23:00:00,F01,TRAP-A,25.08,85.7,7.08,0.0
2026-05-02 23:10:00,F01,TRAP-A,22.69,84.03,12.64,0.0
2026-05-02 23:20:00,F01,TRAP-A,25.26,89.49,7.45,0.0
2026-05-02 23:30:00,F01,TRAP-A,21.87,87.91,14.58,0.0
2026-05-02 23:40:00,F01,TRAP-A,23.19,96.86,9.98,0.0
2026-05-02 23:50:00,F01,TRAP-A,23.67,90.24,8.38,0.0
2026-05-03 00:00:00,F01,TRAP-A,23.33,94.23,9.81,0.0
2026-05-03 00:10:00,F01,TRAP-A,22.51,87.39,24.06,0.0
2026-05-03 00:20:00,F01,TRAP-A,22.75,90.28,9.44,0.0
2026-05-03 00:30:00,F01,TRAP-A,22.45,92.11,9.47,0.0
2026-05-03 00:40:00,F01,TRAP-A,22.3,89.83,9.08,0.0
2026-05-03 00:50:00,F01,TRAP-A,23.39,91.25,11.6,0.0
2026-05-03 01:00:00,F01,TRAP-A,22.94,91.95,9.32,0.0
2026-05-03 01:10:00,F01,TRAP-A,22.05,92.06,13.56,0.0
2026-05-03 01:20:00,F01,TRAP-A,23.29,97.41,16.92,0.0
2026-05-03 01:30:00,F01,TRAP-A,22.78,93.82,17.59,1.48
2026-05-03 01:40:00,F01,TRAP-A,23.17,94.14,10.04,0.0
2026-05-03 01:50:00,F01,TRAP-A,23.01,94.34,12.3,0.0
2026-05-03 02:00:00,F01,TRAP-A,21.84,94.53,10.31,0.0
2026-05-03 02:10:00,F01,TRAP-A,22.06,92.78,12.7,0.0
2026-05-03 02:20:00,F01,TRAP-A,23.12,92.14,15.36,0.0
2026-05-03 02:30:00,F01,TRAP-A,23.03,93.29,12.75,0.0
2026-05-03 02:40:00,F01,TRAP-A,22.55,95.66,16.74,0.0
2026-05-03 02:50:00,F01,TRAP-A,22.7,95.46,15.56,0.0
2026-05-03 03:00:00,F01,TRAP-A,23.68,91.88,11.8,0.0
2026-05-03 03:10:00,F01,TRAP-A,22.24,94.22,13.94,0.0
2026-05-03 03:20:00,F01,TRAP-A,23.21,91.6,11.09,0.0
2026-05-03 03:30:00,F01,TRAP-A,22.68,91.94,12.69,0.0
2026-05-03 03:40:00,F01,TRAP-A,22.75,90.4,12.09,0.0
2026-05-03 03:50:00,F01,TRAP-A,23.89,90.84,19.68,0.0
2026-05-03 04:00:00,F01,TRAP-A,23.77,94.34,13.03,0.0
2026-05-03 04:10:00,F01,TRAP-A,23.86,90.87,14.73,0.0
2026-05-03 04:20:00,F01,TRAP-A,24.36,90.62,15.58,0.0
2026-05-03 04:30:00,F01,TRAP-A,23.45,86.27,16.15,0.0
2026-05-03 04:40:00,F01,TRAP-A,24.1,88.71,15.75,0.0
2026-05-03 04:50:00,F01,TRAP-A,23.44,88.45,12.84,0.0
2026-05-03 05:00:00,F01,TRAP-A,24.08,86.52,15.34,4.03
2026-05-03 05:10:00,F01,TRAP-A,23.86,88.18,14.3,0.0
2026-05-03 05:20:00,F01,TRAP-A,24.19,86.56,14.67,0.0
2026-05-03 05:30:00,F01,TRAP-A,24.74,87.32,11.97,0.0
2026-05-03 05:40:00,F01,TRAP-A,23.77,86.89,12.88,0.0
2026-05-03 05:50:00,F01,TRAP-A,26.26,83.66,20.0,0.0
2026-05-03 06:00:00,F01,TRAP-A,23.95,84.49,13.03,0.0
2026-05-03 06:10:00,F01,TRAP-A,23.96,85.11,13.72,0.0
2026-05-03 06:20:00,F01,TRAP-A,26.03,87.29,12.6,0.0
2026-05-03 06:30:00,F01,TRAP-A,25.92,84.37,12.41,0.0
2026-05-03 06:40:00,F01,TRAP-A,25.96,81.46,12.64,0.0
2026-05-03 06:50:00,F01,TRAP-A,26.15,83.49,14.32,0.0
2026-05-03 07:00:00,F01,TRAP-A,25.83,86.14,19.4,0.0
2026-05-03 07:10:00,F01,TRAP-A,25.31,83.52,13.0,0.0
2026-05-03 07:20:00,F01,TRAP-A,26.28,81.96,12.93,0.0
2026-05-03 07:30:00,F01,TRAP-A,25.88,81.76,14.19,0.0
2026-05-03 07:40:00,F01,TRAP-A,27.39,82.89,12.95,0.0
2026-05-03 07:50:00,F01,TRAP-A,26.69,81.33,18.78,0.0
2026-05-03 08:00:00,F01,TRAP-A,26.34,79.4,12.89,0.0
2026-05-03 08:10:00,F01,TRAP-A,26.94,80.0,13.39,0.0
2026-05-03 08:20:00,F01,TRAP-A,27.73,73.97,13.56,0.0
2026-05-03 08:30:00,F01,TRAP-A,27.14,72.27,15.74,0.0
2026-05-03 08:40:00,F01,TRAP-A,27.13,75.77,13.55,0.0
2026-05-03 08:50:00,F01,TRAP-A,28.17,74.91,11.77,0.0
2026-05-03 09:00:00,F01,TRAP-A,28.37,72.74,11.22,0.0
2026-05-03 09:10:00,F01,TRAP-A,27.95,75.54,19.03,1.28
2026-05-03 09:20:00,F01,TRAP-A,28.17,68.2,15.42,0.0
2026-05-03 09:30:00,F01,TRAP-A,28.91,70.91,10.5,0.0
2026-05-03 09:40:00,F01,TRAP-A,27.75,70.43,15.46,0.0
2026-05-03 09:50:00,F01,TRAP-A,27.96,66.97,12.82,0.0
2026-05-03 10:00:00,F01,TRAP-A,28.68,74.22,12.19,7.16
2026-05-03 10:10:00,F01,TRAP-A,29.25,66.53,9.88,0.0
2026-05-03 10:20:00,F01,TRAP-A,29.83,67.91,14.24,0.0
2026-05-03 10:30:00,F01,TRAP-A,30.92,71.12,10.19,0.0
2026-05-03 10:40:00,F01,TRAP-A,30.58,69.96,13.27,0.0
2026-05-03 10:50:00,F01,TRAP-A,29.92,65.08,9.25,0.0
2026-05-03 11:00:00,F01,TRAP-A,30.17,69.09,13.8,0.0
2026-05-03 11:10:00,F01,TRAP-A,29.52,67.65,8.93,0.0
2026-05-03 11:20:00,F01,TRAP-A,30.44,72.33,9.5,0.0
2026-05-03 11:30:00,F01,TRAP-A,30.34,67.1,9.45,0.0
2026-05-03 11:40:00,F01,TRAP-A,30.95,65.35,8.86,0.0
2026-05-03 11:50:00,F01,TRAP-A,30.14,63.2,10.14,0.0
2026-05-03 12:00:00,F01,TRAP-A,31.32,63.14,9.0,0.0
2026-05-03 12:10:00,F01,TRAP-A,32.22,62.62,22.83,0.0
2026-05-03 12:20:00,F01,TRAP-A,30.99,67.83,10.25,0.0
2026-05-03 12:30:00,F01,TRAP-A,31.48,64.18,9.98,0.0
2026-05-03 12:40:00,F01,TRAP-A,31.78,65.31,8.05,0.0
2026-05-03 12:50:00,F01,TRAP-A,30.97,67.47,8.71,0.0
2026-05-03 13:00:00,F01,TRAP-A,31.53,57.61,7.36,0.0
2026-05-03 13:10:00,F01,TRAP-A,31.4,66.55,11.11,0.0
2026-05-03 13:20:00,F01,TRAP-A,31.51,63.36,7.83,0.0
2026-05-03 13:30:00,F01,TRAP-A,30.84,64.21,10.65,0.0
2026-05-03 13:40:00,F01,TRAP-A,31.5,60.98,7.7,0.67
2026-05-03 13:50:00,F01,TRAP-A,31.89,61.13,19.61,0.0
2026-05-03 14:00:00,F01,TRAP-A,32.66,64.22,6.56,0.0
2026-05-03 14:10:00,F01,TRAP-A,32.26,68.98,5.85,0.0
2026-05-03 14:20:00,F01,TRAP-A,33.2,65.57,8.41,0.0
2026-05-03 14:30:00,F01,TRAP-A,30.85,66.29,14.73,4.53
2026-05-03 14:40:00,F01,TRAP-A,32.13,62.75,8.55,0.0
2026-05-03 14:50:00,F01,TRAP-A,31.54,61.86,5.56,0.0
2026-05-03 15:00:00,F01,TRAP-A,33.1,61.56,7.5,0.0
2026-05-03 15:10:00,F01,TRAP-A,30.64,62.48,12.25,0.0
2026-05-03 15:20:00,F01,TRAP-A,30.55,58.78,4.95,0.0
2026-05-03 15:30:00,F01,TRAP-A,30.68,62.34,5.37,0.0
2026-05-03 15:40:00,F01,TRAP-A,29.38,63.01,9.78,0.0
2026-05-03 15:50:00,F01,TRAP-A,30.57,64.27,11.35,0.0
2026-05-03 16:00:00,F01,TRAP-A,30.29,65.35,8.22,0.0
2026-05-03 16:10:00,F01,TRAP-A,30.91,66.27,18.77,0.0
2026-05-03 16:20:00,F01,TRAP-A,30.96,65.69,4.66,0.0
2026-05-03 16:30:00,F01,TRAP-A,32.07,64.66,6.67,0.0
2026-05-03 16:40:00,F01,TRAP-A,31.2,61.61,7.7,0.0
2026-05-03 16:50:00,F01,TRAP-A,29.85,65.52,7.82,0.0
2026-05-03 17:00:00,F01,TRAP-A,29.46,64.98,8.87,0.0
2026-05-03 17:10:00,F01,TRAP-A,30.43,69.05,11.58,2.15
2026-05-03 17:20:00,F01,TRAP-A,28.83,70.65,5.41,0.0
2026-05-03 17:30:00,F01,TRAP-A,31.2,71.23,4.17,0.0
2026-05-03 17:40:00,F01,TRAP-A,30.52,71.31,5.37,0.0
2026-05-03 17:50:00,F01,TRAP-A,29.04,69.62,7.34,0.66
2026-05-03 18:00:00,F01,TRAP-A,27.87,69.21,4.72,0.0
2026-05-03 18:10:00,F01,TRAP-A,30.16,69.22,8.99,0.0
2026-05-03 18:20:00,F01,TRAP-A,28.8,67.91,4.76,0.0
2026-05-03 18:30:00,F01,TRAP-A,29.71,74.76,4.07,0.0
2026-05-03 18:40:00,F01,TRAP-A,27.26,72.45,6.19,0.0
2026-05-03 18:50:00,F01,TRAP-A,27.87,70.39,7.98,0.0
2026-05-03 19:00:00,F01,TRAP-A,28.16,72.07,5.43,2.34
2026-05-03 19:10:00,F01,TRAP-A,28.01,72.61,8.33,0.0
2026-05-03 19:20:00,F01,TRAP-A,27.42,75.52,5.97,0.0
2026-05-03 19:30:00,F01,TRAP-A,28.08,78.73,4.87,0.0
2026-05-03 19:40:00,F01,TRAP-A,26.53,75.84,4.66,0.0
2026-05-03 19:50:00,F01,TRAP-A,27.08,71.73,8.17,0.0
2026-05-03 20:00:00,F01,TRAP-A,27.09,77.55,6.0,0.0
2026-05-03 20:10:00,F01,TRAP-A,27.21,78.28,11.95,0.0
2026-05-03 20:20:00,F01,TRAP-A,27.17,78.77,7.06,0.0
2026-05-03 20:30:00,F01,TRAP-A,25.51,78.41,6.12,0.0
2026-05-03 20:40:00,F01,TRAP-A,24.99,81.17,6.23,0.0
2026-05-03 20:50:00,F01,TRAP-A,27.04,81.43,5.48,0.0
2026-05-03 21:00:00,F01,TRAP-A,26.1,81.84,7.88,0.0
2026-05-03 21:10:00,F01,TRAP-A,25.04,83.56,7.92,0.0
2026-05-03 21:20:00,F01,TRAP-A,26.7,82.08,10.26,0.0
2026-05-03 21:30:00,F01,TRAP-A,25.36,82.54,6.24,0.0
2026-05-03 21:40:00,F01,TRAP-A,26.04,87.81,6.74,0.0
2026-05-03 21:50:00,F01,TRAP-A,24.97,86.34,6.16,0.0
2026-05-03 22:00:00,F01,TRAP-A,26.39,87.59,7.06,0.0
2026-05-03 22:10:00,F01,TRAP-A,25.98,89.14,7.83,0.0
2026-05-03 22:20:00,F01,TRAP-A,24.21,87.94,16.29,0.0
2026-05-03 22:30:00,F01,TRAP-A,25.03,89.47,9.65,0.0
2026-05-03 22:40:00,F01,TRAP-A,24.62,83.71,11.22,0.0
2026-05-03 22:50:00,F01,TRAP-A,25.05,88.66,7.98,0.0
2026-05-03 23:00:00,F01,TRAP-A,23.04,88.17,7.44,0.99
2026-05-03 23:10:00,F01,TRAP-A,24.23,93.27,8.03,0.0
2026-05-03 23:20:00,F01,TRAP-A,24.4,91.82,8.2,0.0
2026-05-03 23:30:00,F01,TRAP-A,22.02,88.34,10.11,0.0
2026-05-03 23:40:00,F01,TRAP-A,22.36,91.23,8.91,0.0
2026-05-03 23:50:00,F01,TRAP-A,21.57,91.08,13.67,0.0
2026-05-04 00:00:00,F01,TRAP-A,22.88,92.14,21.41,0.0
2026-05-04 00:10:00,F01,TRAP-A,23.58,88.77,9.44,0.0
2026-05-04 00:20:00,F01,TRAP-A,24.12,92.5,12.02,0.0
2026-05-04 00:30:00,F01,TRAP-A,22.9,91.3,11.74,0.0
2026-05-04 00:40:00,F01,TRAP-A,24.07,92.81,9.35,0.0
2026-05-04 00:50:00,F01,TRAP-A,21.6,90.5,16.37,0.0
2026-05-04 01:00:00,F01,TRAP-A,21.29,91.03,9.71,0.0
2026-05-04 01:10:00,F01,TRAP-A,22.56,95.58,13.21,0.0
2026-05-04 01:20:00,F01,TRAP-A,22.87,90.15,10.65,0.0
2026-05-04 01:30:00,F01,TRAP-A,22.51,90.43,10.91,0.0
2026-05-04 01:40:00,F01,TRAP-A,20.86,92.82,11.52,0.0
2026-05-04 01:50:00,F01,TRAP-A,22.43,91.06,15.85,0.0
2026-05-04 02:00:00,F01,TRAP-A,21.46,90.79,10.46,0.0
2026-05-04 02:10:00,F01,TRAP-A,23.04,93.25,10.32,0.0
2026-05-04 02:20:00,F01,TRAP-A,22.81,89.18,11.84,0.0
2026-05-04 02:30:00,F01,TRAP-A,21.79,90.35,10.61,0.0
2026-05-04 02:40:00,F01,TRAP-A,22.16,97.9,14.07,0.0
2026-05-04 02:50:00,F01,TRAP-A,21.76,93.79,14.99,0.0
2026-05-04 03:00:00,F01,TRAP-A,22.6,90.62,16.62,0.0
2026-05-04 03:10:00,F01,TRAP-A,23.47,93.34,15.04,0.0
2026-05-04 03:20:00,F01,TRAP-A,21.99,93.51,18.51,0.0
2026-05-04 03:30:00,F01,TRAP-A,23.25,94.34,15.32,0.0
2026-05-04 03:40:00,F01,TRAP-A,22.5,91.27,19.53,0.0
2026-05-04 03:50:00,F01,TRAP-A,22.38,93.74,12.02,0.0
2026-05-04 04:00:00,F01,TRAP-A,23.02,85.88,13.55,0.0
2026-05-04 04:10:00,F01,TRAP-A,22.38,88.0,26.86,0.0
2026-05-04 04:20:00,F01,TRAP-A,22.87,90.68,15.06,0.0
2026-05-04 04:30:00,F01,TRAP-A,22.48,90.71,18.02,0.0
2026-05-04 04:40:00,F01,TRAP-A,25.13,87.2,11.85,0.0
2026-05-04 04:50:00,F01,TRAP-A,23.72,89.69,17.98,0.0
2026-05-04 05:00:00,F01,TRAP-A,23.26,87.03,15.45,0.0
2026-05-04 05:10:00,F01,TRAP-A,24.14,87.42,12.47,0.0
2026-05-04 05:20:00,F01,TRAP-A,24.02,90.19,12.02,0.0
2026-05-04 05:30:00,F01,TRAP-A,24.09,89.39,12.87,0.0
2026-05-04 05:40:00,F01,TRAP-A,24.92,84.09,19.41,0.0
2026-05-04 05:50:00,F01,TRAP-A,25.19,83.4,15.31,0.0
2026-05-04 06:00:00,F01,TRAP-A,24.33,84.45,19.56,0.0
2026-05-04 06:10:00,F01,TRAP-A,24.47,84.84,13.77,0.0
2026-05-04 06:20:00,F01,TRAP-A,24.88,82.67,20.26,0.0
2026-05-04 06:30:00,F01,TRAP-A,23.44,86.32,13.83,0.0
2026-05-04 06:40:00,F01,TRAP-A,24.26,83.98,12.62,0.0
2026-05-04 06:50:00,F01,TRAP-A,26.75,83.5,12.4,0.0
2026-05-04 07:00:00,F01,TRAP-A,27.16,78.69,27.12,0.0
2026-05-04 07:10:00,F01,TRAP-A,25.83,84.14,13.03,0.0
2026-05-04 07:20:00,F01,TRAP-A,26.69,73.53,12.28,0.0
2026-05-04 07:30:00,F01,TRAP-A,26.67,82.02,11.72,0.0
2026-05-04 07:40:00,F01,TRAP-A,29.08,81.62,12.63,0.0
2026-05-04 07:50:00,F01,TRAP-A,27.71,77.55,18.14,0.0
2026-05-04 08:00:00,F01,TRAP-A,26.9,81.16,13.75,0.0
2026-05-04 08:10:00,F01,TRAP-A,26.44,77.16,14.37,0.0
2026-05-04 08:20:00,F01,TRAP-A,26.11,76.82,18.94,0.0
2026-05-04 08:30:00,F01,TRAP-A,27.76,76.87,13.33,0.0
2026-05-04 08:40:00,F01,TRAP-A,27.18,83.34,16.53,0.0
2026-05-04 08:50:00,F01,TRAP-A,26.84,78.09,12.12,0.0
2026-05-04 09:00:00,F01,TRAP-A,27.65,75.85,22.15,0.0
2026-05-04 09:10:00,F01,TRAP-A,27.49,71.18,10.94,0.51
2026-05-04 09:20:00,F01,TRAP-A,29.9,73.21,14.44,0.0
2026-05-04 09:30:00,F01,TRAP-A,29.43,70.2,13.67,0.0
2026-05-04 09:40:00,F01,TRAP-A,28.9,73.69,10.93,0.0
2026-05-04 09:50:00,F01,TRAP-A,30.27,71.4,11.62,0.0
2026-05-04 10:00:00,F01,TRAP-A,29.32,67.67,11.12,0.0
2026-05-04 10:10:00,F01,TRAP-A,28.74,70.12,10.14,0.0
2026-05-04 10:20:00,F01,TRAP-A,30.81,67.25,12.32,0.0
2026-05-04 10:30:00,F01,TRAP-A,30.18,69.23,24.71,0.0
2026-05-04 10:40:00,F01,TRAP-A,29.07,66.19,11.82,0.0
2026-05-04 10:50:00,F01,TRAP-A,29.89,67.92,11.56,0.0
2026-05-04 11:00:00,F01,TRAP-A,29.49,69.25,9.15,0.0
2026-05-04 11:10:00,F01,TRAP-A,29.22,66.79,9.31,1.99
2026-05-04 11:20:00,F01,TRAP-A,31.19,65.52,10.85,0.0
2026-05-04 11:30:00,F01,TRAP-A,32.1,66.59,21.15,0.0
2026-05-04 11:40:00,F01,TRAP-A,29.57,67.44,14.62,5.49
2026-05-04 11:50:00,F01,TRAP-A,31.25,62.57,9.42,0.0
2026-05-04 12:00:00,F01,TRAP-A,30.38,65.65,10.34,0.0
2026-05-04 12:10:00,F01,TRAP-A,30.61,67.98,10.23,0.0
2026-05-04 12:20:00,F01,TRAP-A,30.61,65.83,11.11,0.0
2026-05-04 12:30:00,F01,TRAP-A,30.47,64.28,10.96,0.0
2026-05-04 12:40:00,F01,TRAP-A,31.27,65.5,11.98,0.0
2026-05-04 12:50:00,F01,TRAP-A,30.63,64.82,7.2,0.0
2026-05-04 13:00:00,F01,TRAP-A,31.57,65.39,15.59,0.0
2026-05-04 13:10:00,F01,TRAP-A,31.35,58.29,7.01,0.0
2026-05-04 13:20:00,F01,TRAP-A,31.24,59.34,8.57,0.0
2026-05-04 13:30:00,F01,TRAP-A,30.74,65.64,14.02,0.0
2026-05-04 13:40:00,F01,TRAP-A,31.02,59.29,8.31,0.0
2026-05-04 13:50:00,F01,TRAP-A,32.1,64.02,6.34,0.0
2026-05-04 14:00:00,F01,TRAP-A,31.9,62.12,6.78,0.0
2026-05-04 14:10:00,F01,TRAP-A,30.71,60.52,8.44,0.0
2026-05-04 14:20:00,F01,TRAP-A,31.56,63.93,5.98,0.0
2026-05-04 14:30:00,F01,TRAP-A,32.06,63.63,7.21,0.0
2026-05-04 14:40:00,F01,TRAP-A,30.09,68.51,6.62,0.0
2026-05-04 14:50:00,F01,TRAP-A,31.83,61.8,10.36,0.0
2026-05-04 15:00:00,F01,TRAP-A,30.81,67.12,5.52,0.0
2026-05-04 15:10:00,F01,TRAP-A,31.75,64.58,8.49,0.0
2026-05-04 15:20:00,F01,TRAP-A,30.62,62.26,6.5,0.0
2026-05-04 15:30:00,F01,TRAP-A,29.71,66.15,7.48,0.0
2026-05-04 15:40:00,F01,TRAP-A,29.77,65.83,5.41,0.0
2026-05-04 15:50:00,F01,TRAP-A,31.03,64.8,7.45,0.0
2026-05-04 16:00:00,F01,TRAP-A,31.1,65.69,7.89,0.0
2026-05-04 16:10:00,F01,TRAP-A,30.07,63.87,4.67,0.0
2026-05-04 16:20:00,F01,TRAP-A,31.19,63.66,9.59,0.0
2026-05-04 16:30:00,F01,TRAP-A,29.24,68.01,10.23,0.0
2026-05-04 16:40:00,F01,TRAP-A,30.39,65.97,4.44,0.0
2026-05-04 16:50:00,F01,TRAP-A,29.34,66.76,6.96,0.0
2026-05-04 17:00:00,F01,TRAP-A,29.65,68.11,6.84,0.0
2026-05-04 17:10:00,F01,TRAP-A,30.07,68.55,4.13,0.0
2026-05-04 17:20:00,F01,TRAP-A,29.2,64.81,5.32,0.0
2026-05-04 17:30:00,F01,TRAP-A,29.43,72.11,14.45,0.0
2026-05-04 17:40:00,F01,TRAP-A,30.38,69.72,6.45,0.0
2026-05-04 17:50:00,F01,TRAP-A,28.95,69.46,12.12,0.0
2026-05-04 18:00:00,F01,TRAP-A,29.91,71.6,7.38,0.0
2026-05-04 18:10:00,F01,TRAP-A,28.17,71.69,4.09,0.0
2026-05-04 18:20:00,F01,TRAP-A,29.32,73.6,4.26,0.0
2026-05-04 18:30:00,F01,TRAP-A,29.87,73.63,7.88,0.0
2026-05-04 18:40:00,F01,TRAP-A,26.55,74.69,6.49,0.0
2026-05-04 18:50:00,F01,TRAP-A,27.71,76.89,4.5,0.0
2026-05-04 19:00:00,F01,TRAP-A,28.62,76.35,6.99,0.0
2026-05-04 19:10:00,F01,TRAP-A,27.8,74.38,9.17,0.0
2026-05-04 19:20:00,F01,TRAP-A,28.07,72.62,8.44,0.0
2026-05-04 19:30:00,F01,TRAP-A,27.1,80.24,5.16,0.0
2026-05-04 19:40:00,F01,TRAP-A,27.45,76.13,5.27,0.0
2026-05-04 19:50:00,F01,TRAP-A,27.06,76.19,14.77,0.0
2026-05-04 20:00:00,F01,TRAP-A,27.93,73.69,11.09,0.0
2026-05-04 20:10:00,F01,TRAP-A,27.0,79.53,5.78,0.0
2026-05-04 20:20:00,F01,TRAP-A,26.87,79.71,9.94,0.0
2026-05-04 20:30:00,F01,TRAP-A,26.07,76.2,5.36,0.0
2026-05-04 20:40:00,F01,TRAP-A,25.82,81.77,5.6,0.0
2026-05-04 20:50:00,F01,TRAP-A,25.67,80.03,5.66,0.0
2026-05-04 21:00:00,F01,TRAP-A,26.14,88.64,5.45,0.0
2026-05-04 21:10:00,F01,TRAP-A,25.3,81.11,11.09,0.0
2026-05-04 21:20:00,F01,TRAP-A,25.68,82.07,8.03,0.0
2026-05-04 21:30:00,F01,TRAP-A,26.93,81.58,6.47,0.0
2026-05-04 21:40:00,F01,TRAP-A,25.79,87.56,11.38,0.0
2026-05-04 21:50:00,F01,TRAP-A,24.65,84.02,10.73,0.0
2026-05-04 22:00:00,F01,TRAP-A,25.7,83.71,6.33,0.0
2026-05-04 22:10:00,F01,TRAP-A,24.25,87.85,9.26,0.0
2026-05-04 22:20:00,F01,TRAP-A,22.78,83.18,10.16,0.0
2026-05-04 22:30:00,F01,TRAP-A,23.45,88.72,10.25,0.0
2026-05-04 22:40:00,F01,TRAP-A,22.6,92.12,10.49,0.0
2026-05-04 22:50:00,F01,TRAP-A,23.67,89.57,7.36,0.0
2026-05-04 23:00:00,F01,TRAP-A,23.83,90.22,8.11,0.0
2026-05-04 23:10:00,F01,TRAP-A,25.02,91.25,12.72,0.0
2026-05-04 23:20:00,F01,TRAP-A,23.81,93.78,14.17,0.0
2026-05-04 23:30:00,F01,TRAP-A,23.25,92.94,8.47,0.0
2026-05-04 23:40:00,F01,TRAP-A,23.97,91.4,7.73,0.0
2026-05-04 23:50:00,F01,TRAP-A,21.43,92.93,13.73,0.0
2026-05-05 00:00:00,F01,TRAP-A,23.29,88.79,9.43,0.0
2026-05-05 00:10:00,F01,TRAP-A,23.62,93.26,9.38,0.0
2026-05-05 00:20:00,F01,TRAP-A,21.74,89.09,9.63,0.0
2026-05-05 00:30:00,F01,TRAP-A,23.75,90.95,10.14,0.0
2026-05-05 00:40:00,F01,TRAP-A,23.04,84.4,10.13,0.0
2026-05-05 00:50:00,F01,TRAP-A,22.37,93.32,11.38,0.0
2026-05-05 01:00:00,F01,TRAP-A,23.16,90.89,9.29,0.0
2026-05-05 01:10:00,F01,TRAP-A,24.42,95.43,19.89,0.0
2026-05-05 01:20:00,F01,TRAP-A,22.71,93.75,17.64,0.0
2026-05-05 01:30:00,F01,TRAP-A,22.74,95.69,17.71,0.0
2026-05-05 01:40:00,F01,TRAP-A,22.15,90.24,16.04,0.0
2026-05-05 01:50:00,F01,TRAP-A,21.82,95.58,13.09,0.0
2026-05-05 02:00:00,F01,TRAP-A,23.16,98.0,10.76,0.0
2026-05-05 02:10:00,F01,TRAP-A,21.82,94.89,10.31,0.0
2026-05-05 02:20:00,F01,TRAP-A,22.58,94.92,10.61,0.0
2026-05-05 02:30:00,F01,TRAP-A,22.16,93.29,11.62,0.0
2026-05-05 02:40:00,F01,TRAP-A,22.95,91.46,12.68,0.16
2026-05-05 02:50:00,F01,TRAP-A,22.88,94.54,25.7,0.0
2026-05-05 03:00:00,F01,TRAP-A,23.49,88.72,12.55,0.59
2026-05-05 03:10:00,F01,TRAP-A,22.3,91.25,13.19,0.0
2026-05-05 03:20:00,F01,TRAP-A,22.56,87.66,14.63,0.0
2026-05-05 03:30:00,F01,TRAP-A,22.06,90.09,11.78,0.0
2026-05-05 03:40:00,F01,TRAP-A,22.57,93.19,19.38,0.0
2026-05-05 03:50:00,F01,TRAP-A,23.31,92.55,13.64,0.0
2026-05-05 04:00:00,F01,TRAP-A,23.71,91.1,12.44,0.0
2026-05-05 04:10:00,F01,TRAP-A,22.47,91.06,19.76,0.0
2026-05-05 04:20:00,F01,TRAP-A,24.01,85.56,14.57,0.0
2026-05-05 04:30:00,F01,TRAP-A,24.52,88.95,13.68,0.0
2026-05-05 04:40:00,F01,TRAP-A,23.89,87.77,14.37,0.0
2026-05-05 04:50:00,F01,TRAP-A,25.19,87.39,15.96,0.0
2026-05-05 05:00:00,F01,TRAP-A,23.21,90.08,12.37,0.0
2026-05-05 05:10:00,F01,TRAP-A,22.97,85.96,17.91,0.0
2026-05-05 05:20:00,F01,TRAP-A,22.69,86.11,21.56,0.0
2026-05-05 05:30:00,F01,TRAP-A,25.46,81.89,14.48,0.0
2026-05-05 05:40:00,F01,TRAP-A,24.95,85.84,15.43,0.0
2026-05-05 05:50:00,F01,TRAP-A,24.55,83.31,17.89,0.0
2026-05-05 06:00:00,F01,TRAP-A,24.98,85.67,13.41,0.0
2026-05-05 06:10:00,F01,TRAP-A,24.03,82.52,26.81,0.0
2026-05-05 06:20:00,F01,TRAP-A,27.06,84.57,15.41,0.0
2026-05-05 06:30:00,F01,TRAP-A,25.39,83.35,13.62,0.0
2026-05-05 06:40:00,F01,TRAP-A,25.56,87.28,15.33,0.0
2026-05-05 06:50:00,F01,TRAP-A,26.24,83.72,14.12,0.0
2026-05-05 07:00:00,F01,TRAP-A,26.23,77.25,12.22,0.0
2026-05-05 07:10:00,F01,TRAP-A,26.21,78.05,16.58,0.0
2026-05-05 07:20:00,F01,TRAP-A,25.6,80.71,14.25,0.0
2026-05-05 07:30:00,F01,TRAP-A,26.8,77.6,16.46,0.0
2026-05-05 07:40:00,F01,TRAP-A,28.12,71.86,12.13,0.0
2026-05-05 07:50:00,F01,TRAP-A,27.89,82.0,13.86,0.0
2026-05-05 08:00:00,F01,TRAP-A,28.28,79.77,15.83,0.0
2026-05-05 08:10:00,F01,TRAP-A,26.8,78.62,24.71,0.0
2026-05-05 08:20:00,F01,TRAP-A,26.61,75.14,17.74,0.0
2026-05-05 08:30:00,F01,TRAP-A,27.5,77.08,17.16,0.0
2026-05-05 08:40:00,F01,TRAP-A,27.84,73.6,11.91,0.0
2026-05-05 08:50:00,F01,TRAP-A,28.86,75.23,16.4,0.0
2026-05-05 09:00:00,F01,TRAP-A,26.82,71.79,11.38,0.0
2026-05-05 09:10:00,F01,TRAP-A,29.59,77.25,11.36,0.0
2026-05-05 09:20:00,F01,TRAP-A,28.42,68.91,10.91,0.0
2026-05-05 09:30:00,F01,TRAP-A,28.39,75.31,16.28,0.0
2026-05-05 09:40:00,F01,TRAP-A,28.1,71.73,10.63,0.0
2026-05-05 09:50:00,F01,TRAP-A,27.76,69.82,10.59,3.1
2026-05-05 10:00:00,F01,TRAP-A,29.92,70.89,10.84,0.0
2026-05-05 10:10:00,F01,TRAP-A,29.48,71.75,12.39,0.0
2026-05-05 10:20:00,F01,TRAP-A,28.56,72.79,16.05,0.0
2026-05-05 10:30:00,F01,TRAP-A,28.71,69.63,11.15,0.0
2026-05-05 10:40:00,F01,TRAP-A,29.63,66.11,11.73,0.0
2026-05-05 10:50:00,F01,TRAP-A,31.38,67.98,9.74,0.0
2026-05-05 11:00:00,F01,TRAP-A,29.98,71.91,9.95,0.0
2026-05-05 11:10:00,F01,TRAP-A,29.12,70.29,9.29,0.0
2026-05-05 11:20:00,F01,TRAP-A,30.26,68.76,10.27,0.0
2026-05-05 11:30:00,F01,TRAP-A,30.36,68.07,11.19,0.0
2026-05-05 11:40:00,F01,TRAP-A,28.53,67.44,9.34,0.0
2026-05-05 11:50:00,F01,TRAP-A,30.76,68.23,13.78,0.0
2026-05-05 12:00:00,F01,TRAP-A,30.72,63.85,19.92,0.0
2026-05-05 12:10:00,F01,TRAP-A,31.55,61.29,8.2,0.0
2026-05-05 12:20:00,F01,TRAP-A,32.56,64.56,7.7,0.0
2026-05-05 12:30:00,F01,TRAP-A,32.06,62.09,12.15,0.0
2026-05-05 12:40:00,F01,TRAP-A,31.02,61.26,7.93,0.0
2026-05-05 12:50:00,F01,TRAP-A,30.41,61.88,8.43,0.0
2026-05-05 13:00:00,F01,TRAP-A,33.41,69.72,8.46,0.0
2026-05-05 13:10:00,F01,TRAP-A,31.44,63.69,14.24,0.0
2026-05-05 13:20:00,F01,TRAP-A,31.44,64.13,9.85,0.0
2026-05-05 13:30:00,F01,TRAP-A,31.44,60.07,6.59,0.0
2026-05-05 13:40:00,F01,TRAP-A,31.64,58.44,6.35,0.0
2026-05-05 13:50:00,F01,TRAP-A,31.38,60.97,6.81,0.0
2026-05-05 14:00:00,F01,TRAP-A,31.04,66.6,7.14,0.0
2026-05-05 14:10:00,F01,TRAP-A,31.06,63.85,7.83,0.0
2026-05-05 14:20:00,F01,TRAP-A,31.46,64.56,11.16,0.0
2026-05-05 14:30:00,F01,TRAP-A,31.03,64.98,6.69,0.0
2026-05-05 14:40:00,F01,TRAP-A,30.86,61.76,6.84,0.0
2026-05-05 14:50:00,F01,TRAP-A,31.48,66.83,6.49,0.0
2026-05-05 15:00:00,F01,TRAP-A,31.14,61.94,5.19,0.0
2026-05-05 15:10:00,F01,TRAP-A,32.49,67.22,14.36,0.0
2026-05-05 15:20:00,F01,TRAP-A,29.1,65.02,5.38,0.0
2026-05-05 15:30:00,F01,TRAP-A,32.03,59.68,5.84,0.0
2026-05-05 15:40:00,F01,TRAP-A,32.07,62.55,5.13,0.0
2026-05-05 15:50:00,F01,TRAP-A,29.33,60.25,6.64,0.0
2026-05-05 16:00:00,F01,TRAP-A,30.62,67.93,12.6,0.0
2026-05-05 16:10:00,F01,TRAP-A,30.49,65.31,4.77,0.0
2026-05-05 16:20:00,F01,TRAP-A,29.55,60.16,6.12,0.0
2026-05-05 16:30:00,F01,TRAP-A,29.94,67.06,4.37,0.0
2026-05-05 16:40:00,F01,TRAP-A,29.55,65.19,8.66,0.0
2026-05-05 16:50:00,F01,TRAP-A,31.71,63.25,7.26,0.0
2026-05-05 17:00:00,F01,TRAP-A,30.92,71.61,7.74,0.0
2026-05-05 17:10:00,F01,TRAP-A,31.05,68.16,6.01,0.0
2026-05-05 17:20:00,F01,TRAP-A,30.46,67.65,11.21,0.0
2026-05-05 17:30:00,F01,TRAP-A,28.83,67.9,5.61,0.0
2026-05-05 17:40:00,F01,TRAP-A,29.15,65.64,6.18,0.0
2026-05-05 17:50:00,F01,TRAP-A,29.8,66.71,7.57,0.0
2026-05-05 18:00:00,F01,TRAP-A,28.26,73.74,6.21,0.0
2026-05-05 18:10:00,F01,TRAP-A,29.64,69.92,4.63,0.0
2026-05-05 18:20:00,F01,TRAP-A,28.7,71.75,5.16,0.0
2026-05-05 18:30:00,F01,TRAP-A,28.41,67.18,4.33,0.0
2026-05-05 18:40:00,F01,TRAP-A,29.1,69.61,5.76,0.0
2026-05-05 18:50:00,F01,TRAP-A,28.7,75.05,6.92,0.0
2026-05-05 19:00:00,F01,TRAP-A,27.87,75.1,4.52,0.0
2026-05-05 19:10:00,F01,TRAP-A,28.89,79.17,7.18,0.0
2026-05-05 19:20:00,F01,TRAP-A,26.91,78.79,10.95,0.0
2026-05-05 19:30:00,F01,TRAP-A,28.07,75.5,5.54,0.0
2026-05-05 19:40:00,F01,TRAP-A,27.86,77.91,5.13,0.0
2026-05-05 19:50:00,F01,TRAP-A,26.94,76.59,11.16,0.0
2026-05-05 20:00:00,F01,TRAP-A,27.25,83.17,8.07,0.0
2026-05-05 20:10:00,F01,TRAP-A,25.79,81.56,4.97,0.0
2026-05-05 20:20:00,F01,TRAP-A,27.34,79.77,6.3,0.0
2026-05-05 20:30:00,F01,TRAP-A,26.25,80.49,8.2,0.0
2026-05-05 20:40:00,F01,TRAP-A,25.79,84.25,7.5,0.0
2026-05-05 20:50:00,F01,TRAP-A,26.85,82.73,7.95,0.0
2026-05-05 21:00:00,F01,TRAP-A,25.26,85.81,7.69,0.0
2026-05-05 21:10:00,F01,TRAP-A,24.51,77.06,10.1,0.0
2026-05-05 21:20:00,F01,TRAP-A,24.21,84.32,6.59,0.0
2026-05-05 21:30:00,F01,TRAP-A,25.75,82.48,9.27,0.0
2026-05-05 21:40:00,F01,TRAP-A,24.06,88.76,19.87,0.0
2026-05-05 21:50:00,F01,TRAP-A,26.32,88.82,7.34,0.0
2026-05-05 22:00:00,F01,TRAP-A,23.08,85.61,10.71,0.0
2026-05-05 22:10:00,F01,TRAP-A,25.93,89.93,7.01,0.0
2026-05-05 22:20:00,F01,TRAP-A,24.58,91.09,7.31,0.0
2026-05-05 22:30:00,F01,TRAP-A,24.17,87.35,14.67,0.0
2026-05-05 22:40:00,F01,TRAP-A,23.66,93.85,6.72,0.0
2026-05-05 22:50:00,F01,TRAP-A,24.27,88.08,7.54,0.0
2026-05-05 23:00:00,F01,TRAP-A,23.78,88.1,8.95,0.0
2026-05-05 23:10:00,F01,TRAP-A,24.56,91.25,8.69,0.0
2026-05-05 23:20:00,F01,TRAP-A,23.64,88.63,10.29,0.0
2026-05-05 23:30:00,F01,TRAP-A,23.54,90.14,8.13,0.0
2026-05-05 23:40:00,F01,TRAP-A,23.02,93.83,7.88,0.0
2026-05-05 23:50:00,F01,TRAP-A,23.15,90.72,9.22,0.0
2026-05-06 00:00:00,F01,TRAP-A,23.34,86.77,10.24,0.0
2026-05-06 00:10:00,F01,TRAP-A,21.64,92.24,10.66,0.0
2026-05-06 00:20:00,F01,TRAP-A,21.84,89.87,11.12,0.0
2026-05-06 00:30:00,F01,TRAP-A,23.43,94.04,10.92,0.0
2026-05-06 00:40:00,F01,TRAP-A,22.9,93.85,9.55,2.97
2026-05-06 00:50:00,F01,TRAP-A,22.56,96.0,13.21,0.0
2026-05-06 01:00:00,F01,TRAP-A,22.67,94.77,9.32,0.0
2026-05-06 01:10:00,F01,TRAP-A,22.88,95.38,9.88,0.0
2026-05-06 01:20:00,F01,TRAP-A,22.13,91.11,13.41,0.0
2026-05-06 01:30:00,F01,TRAP-A,21.91,94.89,10.52,0.0
2026-05-06 01:40:00,F01,TRAP-A,22.67,97.87,11.74,0.0
2026-05-06 01:50:00,F01,TRAP-A,21.72,91.27,11.04,0.0
2026-05-06 02:00:00,F01,TRAP-A,22.83,97.5,12.13,0.0
2026-05-06 02:10:00,F01,TRAP-A,21.14,91.61,11.43,0.13
2026-05-06 02:20:00,F01,TRAP-A,23.34,90.81,25.76,0.0
2026-05-06 02:30:00,F01,TRAP-A,22.92,93.61,11.77,0.0
2026-05-06 02:40:00,F01,TRAP-A,22.78,94.56,13.54,0.0
2026-05-06 02:50:00,F01,TRAP-A,23.4,94.92,17.29,0.0
2026-05-06 03:00:00,F01,TRAP-A,23.99,90.07,13.88,0.0
2026-05-06 03:10:00,F01,TRAP-A,23.52,93.38,13.46,0.0
2026-05-06 03:20:00,F01,TRAP-A,21.3,90.37,13.6,0.0
2026-05-06 03:30:00,F01,TRAP-A,21.82,88.12,13.24,0.0
2026-05-06 03:40:00,F01,TRAP-A,22.43,89.26,16.23,0.0
2026-05-06 03:50:00,F01,TRAP-A,23.03,89.41,11.53,0.0
2026-05-06 04:00:00,F01,TRAP-A,23.52,92.28,17.96,0.0
2026-05-06 04:10:00,F01,TRAP-A,22.63,93.51,14.2,0.0
2026-05-06 04:20:00,F01,TRAP-A,23.47,86.58,17.3,0.0
2026-05-06 04:30:00,F01,TRAP-A,22.83,90.76,11.73,0.0
2026-05-06 04:40:00,F01,TRAP-A,23.07,86.52,17.87,0.0
2026-05-06 04:50:00,F01,TRAP-A,22.56,90.61,12.2,0.0
2026-05-06 05:00:00,F01,TRAP-A,23.09,87.02,15.7,0.0
2026-05-06 05:10:00,F01,TRAP-A,22.89,85.48,13.52,0.0
2026-05-06 05:20:00,F01,TRAP-A,23.34,89.61,15.37,0.0
2026-05-06 05:30:00,F01,TRAP-A,25.11,85.63,14.94,0.0
2026-05-06 05:40:00,F01,TRAP-A,23.67,85.78,12.52,0.0
2026-05-06 05:50:00,F01,TRAP-A,26.7,80.48,14.17,0.0
2026-05-06 06:00:00,F01,TRAP-A,25.15,87.83,12.97,0.0
2026-05-06 06:10:00,F01,TRAP-A,25.08,86.94,14.46,0.0
2026-05-06 06:20:00,F01,TRAP-A,24.42,84.32,16.0,0.0
2026-05-06 06:30:00,F01,TRAP-A,25.85,79.89,12.22,0.0
2026-05-06 06:40:00,F01,TRAP-A,25.01,86.12,14.11,0.0
2026-05-06 06:50:00,F01,TRAP-A,25.76,80.81,14.79,0.0
2026-05-06 07:00:00,F01,TRAP-A,27.89,80.71,12.91,0.0
2026-05-06 07:10:00,F01,TRAP-A,25.96,86.99,20.98,0.0
2026-05-06 07:20:00,F01,TRAP-A,27.15,78.81,13.96,0.0
2026-05-06 07:30:00,F01,TRAP-A,25.86,81.78,12.3,0.0
2026-05-06 07:40:00,F01,TRAP-A,26.59,80.67,11.96,0.0
2026-05-06 07:50:00,F01,TRAP-A,28.23,79.59,13.88,0.0
2026-05-06 08:00:00,F01,TRAP-A,26.51,78.67,12.87,0.0
2026-05-06 08:10:00,F01,TRAP-A,28.66,78.25,12.01,0.0
2026-05-06 08:20:00,F01,TRAP-A,27.97,77.33,11.36,0.0
2026-05-06 08:30:00,F01,TRAP-A,27.15,75.87,13.68,0.0
2026-05-06 08:40:00,F01,TRAP-A,28.3,79.14,13.8,0.0
2026-05-06 08:50:00,F01,TRAP-A,28.76,71.43,11.4,0.0
2026-05-06 09:00:00,F01,TRAP-A,28.67,76.63,13.58,0.0
2026-05-06 09:10:00,F01,TRAP-A,27.11,75.51,19.8,0.0
2026-05-06 09:20:00,F01,TRAP-A,27.97,74.58,22.05,0.0
2026-05-06 09:30:00,F01,TRAP-A,28.53,75.02,17.01,0.0
2026-05-06 09:40:00,F01,TRAP-A,28.85,71.39,15.22,0.0
2026-05-06 09:50:00,F01,TRAP-A,29.58,66.37,10.85,0.0
2026-05-06 10:00:00,F01,TRAP-A,29.4,70.29,10.5,0.0
2026-05-06 10:10:00,F01,TRAP-A,28.36,67.43,11.6,0.0
2026-05-06 10:20:00,F01,TRAP-A,29.89,67.53,12.58,0.0
2026-05-06 10:30:00,F01,TRAP-A,30.24,65.73,15.23,0.0
2026-05-06 10:40:00,F01,TRAP-A,30.35,67.13,10.15,0.0
2026-05-06 10:50:00,F01,TRAP-A,30.91,66.35,11.15,0.0
2026-05-06 11:00:00,F01,TRAP-A,30.86,61.42,12.15,0.0
2026-05-06 11:10:00,F01,TRAP-A,30.69,68.66,10.62,0.0
2026-05-06 11:20:00,F01,TRAP-A,30.4,72.03,10.5,0.0
2026-05-06 11:30:00,F01,TRAP-A,29.25,67.59,9.28,0.0
2026-05-06 11:40:00,F01,TRAP-A,31.04,65.18,21.29,0.0
2026-05-06 11:50:00,F01,TRAP-A,30.97,65.19,10.1,0.0
2026-05-06 12:00:00,F01,TRAP-A,31.12,63.94,10.27,0.0
2026-05-06 12:10:00,F01,TRAP-A,29.98,64.9,8.55,0.0
2026-05-06 12:20:00,F01,TRAP-A,30.22,64.3,9.81,0.0
2026-05-06 12:30:00,F01,TRAP-A,32.0,62.02,8.35,0.0
2026-05-06 12:40:00,F01,TRAP-A,31.2,68.1,7.97,0.0
2026-05-06 12:50:00,F01,TRAP-A,31.84,59.96,8.09,0.0
2026-05-06 13:00:00,F01,TRAP-A,31.37,65.3,6.96,0.0
2026-05-06 13:10:00,F01,TRAP-A,31.42,63.09,9.32,0.0
2026-05-06 13:20:00,F01,TRAP-A,32.18,67.97,8.09,0.0
2026-05-06 13:30:00,F01,TRAP-A,31.05,63.98,13.33,0.0
2026-05-06 13:40:00,F01,TRAP-A,31.56,62.15,6.42,0.0
2026-05-06 13:50:00,F01,TRAP-A,31.13,62.39,6.28,0.0
2026-05-06 14:00:00,F01,TRAP-A,31.15,63.1,12.5,0.0
2026-05-06 14:10:00,F01,TRAP-A,31.25,60.16,6.25,0.07
2026-05-06 14:20:00,F01,TRAP-A,31.66,61.14,5.7,0.0
2026-05-06 14:30:00,F01,TRAP-A,31.08,58.67,6.15,0.0
2026-05-06 14:40:00,F01,TRAP-A,32.43,60.93,10.63,0.0
2026-05-06 14:50:00,F01,TRAP-A,30.67,63.6,10.16,0.0
2026-05-06 15:00:00,F01,TRAP-A,31.19,64.27,6.41,0.0
2026-05-06 15:10:00,F01,TRAP-A,30.94,58.76,8.35,0.0
2026-05-06 15:20:00,F01,TRAP-A,32.38,63.58,7.05,0.0
2026-05-06 15:30:00,F01,TRAP-A,31.31,65.57,11.87,0.0
2026-05-06 15:40:00,F01,TRAP-A,31.9,64.02,4.89,0.0
2026-05-06 15:50:00,F01,TRAP-A,29.8,63.13,9.65,0.0
2026-05-06 16:00:00,F01,TRAP-A,31.1,64.0,5.09,0.0
2026-05-06 16:10:00,F01,TRAP-A,31.5,64.02,5.94,0.0
2026-05-06 16:20:00,F01,TRAP-A,30.74,64.14,5.01,0.0
2026-05-06 16:30:00,F01,TRAP-A,31.41,66.56,7.94,0.0
2026-05-06 16:40:00,F01,TRAP-A,30.03,72.31,7.64,0.0
2026-05-06 16:50:00,F01,TRAP-A,31.44,65.11,6.56,0.0
2026-05-06 17:00:00,F01,TRAP-A,32.01,66.63,7.73,0.0
2026-05-06 17:10:00,F01,TRAP-A,29.74,67.77,7.15,0.0
2026-05-06 17:20:00,F01,TRAP-A,29.53,66.67,8.55,0.0
2026-05-06 17:30:00,F01,TRAP-A,30.89,71.65,4.85,0.0
2026-05-06 17:40:00,F01,TRAP-A,30.83,63.5,5.69,0.0
2026-05-06 17:50:00,F01,TRAP-A,28.99,68.65,4.5,0.0
2026-05-06 18:00:00,F01,TRAP-A,28.9,72.58,5.68,0.0
2026-05-06 18:10:00,F01,TRAP-A,28.84,70.38,7.63,0.0
2026-05-06 18:20:00,F01,TRAP-A,27.81,69.65,7.54,0.0
2026-05-06 18:30:00,F01,TRAP-A,27.98,73.4,7.74,0.0
2026-05-06 18:40:00,F01,TRAP-A,27.72,75.18,5.17,0.0
2026-05-06 18:50:00,F01,TRAP-A,27.73,74.06,7.35,0.0
2026-05-06 19:00:00,F01,TRAP-A,28.12,72.16,5.51,0.0
2026-05-06 19:10:00,F01,TRAP-A,28.15,75.94,12.86,0.0
2026-05-06 19:20:00,F01,TRAP-A,29.01,74.43,5.51,0.0
2026-05-06 19:30:00,F01,TRAP-A,26.78,77.95,7.08,0.0
2026-05-06 19:40:00,F01,TRAP-A,28.17,80.44,8.54,0.0
2026-05-06 19:50:00,F01,TRAP-A,27.01,70.87,11.56,0.0
2026-05-06 20:00:00,F01,TRAP-A,26.95,78.32,6.27,0.0
2026-05-06 20:10:00,F01,TRAP-A,27.33,74.36,5.97,0.0
2026-05-06 20:20:00,F01,TRAP-A,25.7,85.45,6.42,0.0
2026-05-06 20:30:00,F01,TRAP-A,26.71,78.83,6.01,0.0
2026-05-06 20:40:00,F01,TRAP-A,26.34,82.51,8.13,0.0
2026-05-06 20:50:00,F01,TRAP-A,26.41,81.2,13.16,0.0
2026-05-06 21:00:00,F01,TRAP-A,26.05,79.92,5.58,0.0
2026-05-06 21:10:00,F01,TRAP-A,27.6,80.25,7.78,0.0
2026-05-06 21:20:00,F01,TRAP-A,24.94,87.13,12.28,0.0
2026-05-06 21:30:00,F01,TRAP-A,24.84,86.17,5.89,0.0
2026-05-06 21:40:00,F01,TRAP-A,24.59,89.24,7.76,0.0
2026-05-06 21:50:00,F01,TRAP-A,24.47,85.1,11.87,0.0
2026-05-06 22:00:00,F01,TRAP-A,24.23,86.26,12.93,0.0
2026-05-06 22:10:00,F01,TRAP-A,25.52,85.43,8.33,0.0
2026-05-06 22:20:00,F01,TRAP-A,25.54,85.92,6.4,0.0
2026-05-06 22:30:00,F01,TRAP-A,23.79,84.56,6.81,0.0
2026-05-06 22:40:00,F01,TRAP-A,23.43,87.88,9.29,0.0
2026-05-06 22:50:00,F01,TRAP-A,24.33,86.19,7.2,0.0
2026-05-06 23:00:00,F01,TRAP-A,23.37,89.74,7.46,0.0
2026-05-06 23:10:00,F01,TRAP-A,24.18,89.51,11.58,0.0
2026-05-06 23:20:00,F01,TRAP-A,23.71,90.24,11.48,0.0
2026-05-06 23:30:00,F01,TRAP-A,22.21,94.11,13.04,0.0
2026-05-06 23:40:00,F01,TRAP-A,24.54,90.22,8.0,0.0
2026-05-06 23:50:00,F01,TRAP-A,24.63,92.57,8.5,0.0
2026-05-07 00:00:00,F01,TRAP-A,22.61,96.14,13.38,0.0
2026-05-07 00:10:00,F01,TRAP-A,22.69,94.59,12.02,0.0
2026-05-07 00:20:00,F01,TRAP-A,23.14,94.5,13.28,0.0
2026-05-07 00:30:00,F01,TRAP-A,23.11,91.11,22.27,0.0
2026-05-07 00:40:00,F01,TRAP-A,23.29,92.68,14.7,0.0
2026-05-07 00:50:00,F01,TRAP-A,24.31,89.02,11.08,0.0
2026-05-07 01:00:00,F01,TRAP-A,22.51,93.75,10.16,0.0
2026-05-07 01:10:00,F01,TRAP-A,21.97,93.34,11.74,0.0
2026-05-07 01:20:00,F01,TRAP-A,21.46,92.84,12.43,0.0
2026-05-07 01:30:00,F01,TRAP-A,21.95,95.45,10.77,0.0
2026-05-07 01:40:00,F01,TRAP-A,22.49,89.93,14.12,0.0
2026-05-07 01:50:00,F01,TRAP-A,23.94,97.07,10.15,0.0
2026-05-07 02:00:00,F01,TRAP-A,22.09,95.25,14.54,0.0
2026-05-07 02:10:00,F01,TRAP-A,22.68,92.81,10.26,0.0
2026-05-07 02:20:00,F01,TRAP-A,22.51,92.57,12.37,0.0
2026-05-07 02:30:00,F01,TRAP-A,23.49,94.07,16.37,0.0
2026-05-07 02:40:00,F01,TRAP-A,24.59,96.57,10.85,0.0
2026-05-07 02:50:00,F01,TRAP-A,22.18,92.89,12.9,0.0
2026-05-07 03:00:00,F01,TRAP-A,22.27,92.84,11.36,0.0
2026-05-07 03:10:00,F01,TRAP-A,23.55,92.34,17.71,0.0
2026-05-07 03:20:00,F01,TRAP-A,23.32,96.54,16.43,0.0
2026-05-07 03:30:00,F01,TRAP-A,24.33,90.92,19.33,0.0
2026-05-07 03:40:00,F01,TRAP-A,23.39,91.5,17.52,0.0
2026-05-07 03:50:00,F01,TRAP-A,22.73,94.94,15.38,0.0
2026-05-07 04:00:00,F01,TRAP-A,23.58,91.34,12.08,0.0
2026-05-07 04:10:00,F01,TRAP-A,24.1,93.47,12.63,0.0
2026-05-07 04:20:00,F01,TRAP-A,23.98,87.98,13.69,0.0
2026-05-07 04:30:00,F01,TRAP-A,23.84,89.36,14.37,0.0
2026-05-07 04:40:00,F01,TRAP-A,24.41,93.17,16.34,0.0
2026-05-07 04:50:00,F01,TRAP-A,24.63,87.34,12.59,0.0
2026-05-07 05:00:00,F01,TRAP-A,24.93,88.2,12.28,0.0
2026-05-07 05:10:00,F01,TRAP-A,24.49,88.74,13.88,0.0
2026-05-07 05:20:00,F01,TRAP-A,23.98,85.13,12.46,0.0
2026-05-07 05:30:00,F01,TRAP-A,24.39,86.06,15.52,0.0
2026-05-07 05:40:00,F01,TRAP-A,25.4,86.85,14.56,0.0
2026-05-07 05:50:00,F01,TRAP-A,23.94,86.14,16.05,0.0
2026-05-07 06:00:00,F01,TRAP-A,25.06,88.66,12.2,0.0
2026-05-07 06:10:00,F01,TRAP-A,24.62,88.74,22.03,0.0
2026-05-07 06:20:00,F01,TRAP-A,25.13,82.16,11.98,0.0
2026-05-07 06:30:00,F01,TRAP-A,26.31,83.98,13.15,0.0
2026-05-07 06:40:00,F01,TRAP-A,25.63,84.77,15.35,0.0
2026-05-07 06:50:00,F01,TRAP-A,25.7,86.26,12.04,0.0
2026-05-07 07:00:00,F01,TRAP-A,24.76,83.63,12.12,0.0
2026-05-07 07:10:00,F01,TRAP-A,26.64,81.93,12.05,0.0
2026-05-07 07:20:00,F01,TRAP-A,26.75,82.23,14.37,0.0
2026-05-07 07:30:00,F01,TRAP-A,28.16,81.6,18.48,0.0
2026-05-07 07:40:00,F01,TRAP-A,26.38,76.94,14.05,0.0
2026-05-07 07:50:00,F01,TRAP-A,26.99,79.09,14.32,0.0
2026-05-07 08:00:00,F01,TRAP-A,27.21,81.6,12.73,0.0
2026-05-07 08:10:00,F01,TRAP-A,28.47,76.78,11.42,0.0
2026-05-07 08:20:00,F01,TRAP-A,27.33,76.97,11.34,0.0
2026-05-07 08:30:00,F01,TRAP-A,27.82,75.39,17.74,0.0
2026-05-07 08:40:00,F01,TRAP-A,28.28,69.57,11.38,0.0
2026-05-07 08:50:00,F01,TRAP-A,28.14,74.76,30.0,0.0
2026-05-07 09:00:00,F01,TRAP-A,27.82,74.83,11.36,0.0
2026-05-07 09:10:00,F01,TRAP-A,28.52,72.16,14.06,0.0
2026-05-07 09:20:00,F01,TRAP-A,29.41,69.94,19.49,0.0
2026-05-07 09:30:00,F01,TRAP-A,27.91,70.02,11.77,0.0
2026-05-07 09:40:00,F01,TRAP-A,29.02,73.53,14.26,0.0
2026-05-07 09:50:00,F01,TRAP-A,28.53,75.96,11.44,0.0
2026-05-07 10:00:00,F01,TRAP-A,30.22,73.92,11.08,0.0
2026-05-07 10:10:00,F01,TRAP-A,28.21,66.54,10.51,0.0
2026-05-07 10:20:00,F01,TRAP-A,29.15,71.49,14.84,0.0
2026-05-07 10:30:00,F01,TRAP-A,30.05,67.17,10.41,0.0
2026-05-07 10:40:00,F01,TRAP-A,31.16,66.87,10.36,0.73
2026-05-07 10:50:00,F01,TRAP-A,30.0,66.68,29.82,0.0
2026-05-07 11:00:00,F01,TRAP-A,29.75,69.13,10.21,0.0
2026-05-07 11:10:00,F01,TRAP-A,31.83,69.31,10.5,0.0
2026-05-07 11:20:00,F01,TRAP-A,29.3,66.23,22.51,0.0
2026-05-07 11:30:00,F01,TRAP-A,28.82,65.87,9.89,0.45
2026-05-07 11:40:00,F01,TRAP-A,31.05,66.85,9.7,0.0
2026-05-07 11:50:00,F01,TRAP-A,30.4,66.74,13.44,0.0
2026-05-07 12:00:00,F01,TRAP-A,30.09,67.93,9.11,0.0
2026-05-07 12:10:00,F01,TRAP-A,31.56,61.46,8.61,0.0
2026-05-07 12:20:00,F01,TRAP-A,31.28,64.44,9.29,0.0
2026-05-07 12:30:00,F01,TRAP-A,30.71,61.45,11.08,0.0
2026-05-07 12:40:00,F01,TRAP-A,30.21,63.76,7.43,0.0
2026-05-07 12:50:00,F01,TRAP-A,31.99,63.11,8.53,0.0
2026-05-07 13:00:00,F01,TRAP-A,31.87,63.38,8.23,0.0
2026-05-07 13:10:00,F01,TRAP-A,31.32,61.35,7.63,0.0
2026-05-07 13:20:00,F01,TRAP-A,32.91,59.5,9.81,0.74
2026-05-07 13:30:00,F01,TRAP-A,30.61,57.89,7.48,2.5
2026-05-07 13:40:00,F01,TRAP-A,30.26,62.73,9.1,0.0
2026-05-07 13:50:00,F01,TRAP-A,30.94,61.93,8.25,0.0
2026-05-07 14:00:00,F01,TRAP-A,31.46,61.31,6.72,0.0
2026-05-07 14:10:00,F01,TRAP-A,31.69,66.32,6.77,0.0
2026-05-07 14:20:00,F01,TRAP-A,31.29,60.91,6.26,0.0
2026-05-07 14:30:00,F01,TRAP-A,31.74,66.68,5.73,0.0
2026-05-07 14:40:00,F01,TRAP-A,30.43,67.3,8.32,0.0
2026-05-07 14:50:00,F01,TRAP-A,32.55,58.49,8.64,0.0
2026-05-07 15:00:00,F01,TRAP-A,31.28,63.75,5.71,0.0
2026-05-07 15:10:00,F01,TRAP-A,32.18,62.71,7.91,0.0
2026-05-07 15:20:00,F01,TRAP-A,31.5,56.64,16.99,0.0
2026-05-07 15:30:00,F01,TRAP-A,31.52,60.55,5.05,0.0
2026-05-07 15:40:00,F01,TRAP-A,31.53,66.36,6.74,0.0
2026-05-07 15:50:00,F01,TRAP-A,31.34,69.77,8.58,0.0
2026-05-07 16:00:00,F01,TRAP-A,31.4,67.29,4.67,0.0
2026-05-07 16:10:00,F01,TRAP-A,31.85,66.18,8.96,0.0
2026-05-07 16:20:00,F01,TRAP-A,30.84,65.69,16.03,0.72
2026-05-07 16:30:00,F01,TRAP-A,31.13,70.34,4.58,0.0
2026-05-07 16:40:00,F01,TRAP-A,30.37,71.91,9.42,0.0
2026-05-07 16:50:00,F01,TRAP-A,31.46,65.51,5.61,0.0
2026-05-07 17:00:00,F01,TRAP-A,29.63,62.43,4.6,0.0
2026-05-07 17:10:00,F01,TRAP-A,31.47,62.66,6.13,0.0
2026-05-07 17:20:00,F01,TRAP-A,29.85,71.7,4.28,0.0
2026-05-07 17:30:00,F01,TRAP-A,28.58,68.79,6.25,0.0
2026-05-07 17:40:00,F01,TRAP-A,29.67,69.89,4.07,0.0
2026-05-07 17:50:00,F01,TRAP-A,28.86,65.51,7.92,0.0
2026-05-07 18:00:00,F01,TRAP-A,29.91,68.66,6.01,0.0
2026-05-07 18:10:00,F01,TRAP-A,28.54,70.38,5.85,0.0
2026-05-07 18:20:00,F01,TRAP-A,28.53,72.22,4.67,0.0
2026-05-07 18:30:00,F01,TRAP-A,27.2,71.31,5.38,0.0
2026-05-07 18:40:00,F01,TRAP-A,28.16,70.32,4.67,0.0
2026-05-07 18:50:00,F01,TRAP-A,26.4,71.58,8.09,0.0
2026-05-07 19:00:00,F01,TRAP-A,26.88,77.19,4.81,0.0
2026-05-07 19:10:00,F01,TRAP-A,28.57,75.41,7.07,0.0
2026-05-07 19:20:00,F01,TRAP-A,28.4,76.97,5.23,0.0
2026-05-07 19:30:00,F01,TRAP-A,27.91,73.84,7.52,0.0
2026-05-07 19:40:00,F01,TRAP-A,26.6,69.36,6.71,0.0
2026-05-07 19:50:00,F01,TRAP-A,27.14,76.09,6.11,0.0
2026-05-07 20:00:00,F01,TRAP-A,26.98,75.88,7.9,0.0
2026-05-07 20:10:00,F01,TRAP-A,25.86,79.58,6.25,0.0
2026-05-07 20:20:00,F01,TRAP-A,27.8,87.57,9.9,0.0
2026-05-07 20:30:00,F01,TRAP-A,27.1,81.75,8.76,0.0
2026-05-07 20:40:00,F01,TRAP-A,26.03,87.49,7.28,0.0
2026-05-07 20:50:00,F01,TRAP-A,26.03,82.72,11.35,0.0
2026-05-07 21:00:00,F01,TRAP-A,25.99,80.36,10.48,0.0
2026-05-07 21:10:00,F01,TRAP-A,24.0,83.43,7.58,0.0
2026-05-07 21:20:00,F01,TRAP-A,25.25,87.63,5.65,0.0
2026-05-07 21:30:00,F01,TRAP-A,24.72,88.36,8.08,0.0
2026-05-07 21:40:00,F01,TRAP-A,24.28,82.95,7.03,0.0
2026-05-07 21:50:00,F01,TRAP-A,24.68,85.6,8.19,0.0
2026-05-07 22:00:00,F01,TRAP-A,26.18,81.97,9.14,0.0
2026-05-07 22:10:00,F01,TRAP-A,25.08,88.16,9.27,0.0
2026-05-07 22:20:00,F01,TRAP-A,23.95,90.53,9.68,0.0
2026-05-07 22:30:00,F01,TRAP-A,24.71,87.27,9.89,0.0
2026-05-07 22:40:00,F01,TRAP-A,25.22,86.01,6.99,0.0
2026-05-07 22:50:00,F01,TRAP-A,24.69,89.07,7.45,0.0
2026-05-07 23:00:00,F01,TRAP-A,23.86,89.69,9.96,0.0
2026-05-07 23:10:00,F01,TRAP-A,23.15,89.3,8.72,0.0
2026-05-07 23:20:00,F01,TRAP-A,24.1,89.97,11.64,0.0
2026-05-07 23:30:00,F01,TRAP-A,23.74,89.5,7.89,0.0
2026-05-07 23:40:00,F01,TRAP-A,24.02,92.81,8.3,0.0
2026-05-07 23:50:00,F01,TRAP-A,23.7,92.52,10.29,0.0
2026-05-08 00:00:00,F01,TRAP-A,23.93,88.56,10.1,0.0
2026-05-08 00:10:00,F01,TRAP-A,22.57,88.8,9.12,0.0
2026-05-08 00:20:00,F01,TRAP-A,23.97,90.98,9.94,0.0
2026-05-08 00:30:00,F01,TRAP-A,22.99,93.72,8.64,0.0
2026-05-08 00:40:00,F01,TRAP-A,24.43,92.48,8.82,0.0
2026-05-08 00:50:00,F01,TRAP-A,22.15,90.71,9.18,0.0
2026-05-08 01:00:00,F01,TRAP-A,24.04,93.16,11.63,0.0
2026-05-08 01:10:00,F01,TRAP-A,22.76,91.83,15.19,0.0
2026-05-08 01:20:00,F01,TRAP-A,22.04,94.98,10.29,0.0
2026-05-08 01:30:00,F01,TRAP-A,22.15,93.71,9.65,0.0
2026-05-08 01:40:00,F01,TRAP-A,22.26,92.16,13.4,0.0
2026-05-08 01:50:00,F01,TRAP-A,22.84,93.57,15.66,0.0
2026-05-08 02:00:00,F01,TRAP-A,22.92,96.29,10.46,0.0
2026-05-08 02:10:00,F01,TRAP-A,22.05,91.56,11.62,0.0
2026-05-08 02:20:00,F01,TRAP-A,22.5,93.94,10.82,0.0
2026-05-08 02:30:00,F01,TRAP-A,24.25,92.69,10.78,0.0
2026-05-08 02:40:00,F01,TRAP-A,23.95,93.83,13.72,0.0
2026-05-08 02:50:00,F01,TRAP-A,22.96,91.0,21.0,0.0
2026-05-08 03:00:00,F01,TRAP-A,22.69,92.75,14.24,0.0
2026-05-08 03:10:00,F01,TRAP-A,22.81,95.06,23.52,0.0
2026-05-08 03:20:00,F01,TRAP-A,23.27,89.74,12.78,0.0
2026-05-08 03:30:00,F01,TRAP-A,22.03,88.51,18.03,0.0
2026-05-08 03:40:00,F01,TRAP-A,22.72,88.34,11.97,0.0
2026-05-08 03:50:00,F01,TRAP-A,21.68,88.35,11.76,0.0
2026-05-08 04:00:00,F01,TRAP-A,23.43,92.45,15.11,0.0
2026-05-08 04:10:00,F01,TRAP-A,23.73,87.11,12.95,0.0
2026-05-08 04:20:00,F01,TRAP-A,22.94,89.51,12.78,0.0
2026-05-08 04:30:00,F01,TRAP-A,24.7,91.41,15.04,0.0
2026-05-08 04:40:00,F01,TRAP-A,22.58,90.5,12.98,0.0
2026-05-08 04:50:00,F01,TRAP-A,22.52,88.06,14.37,0.0
2026-05-08 05:00:00,F01,TRAP-A,24.01,89.05,12.93,0.0
2026-05-08 05:10:00,F01,TRAP-A,24.81,88.36,16.5,0.0
2026-05-08 05:20:00,F01,TRAP-A,25.47,87.04,13.07,0.0
2026-05-08 05:30:00,F01,TRAP-A,23.91,86.56,14.26,0.0
2026-05-08 05:40:00,F01,TRAP-A,25.29,92.15,12.06,0.0
2026-05-08 05:50:00,F01,TRAP-A,24.56,88.04,16.7,0.0
2026-05-08 06:00:00,F01,TRAP-A,24.63,91.66,14.91,0.0
2026-05-08 06:10:00,F01,TRAP-A,25.64,83.64,12.64,0.0
2026-05-08 06:20:00,F01,TRAP-A,25.63,84.08,12.71,0.0
2026-05-08 06:30:00,F01,TRAP-A,24.03,80.36,12.88,0.0
2026-05-08 06:40:00,F01,TRAP-A,26.66,81.06,14.51,0.0
2026-05-08 06:50:00,F01,TRAP-A,26.77,87.21,14.29,0.0
2026-05-08 07:00:00,F01,TRAP-A,25.35,80.53,12.82,0.0
2026-05-08 07:10:00,F01,TRAP-A,26.36,85.99,15.36,0.0
2026-05-08 07:20:00,F01,TRAP-A,26.63,77.44,18.35,0.0
2026-05-08 07:30:00,F01,TRAP-A,26.64,77.27,11.82,0.0
2026-05-08 07:40:00,F01,TRAP-A,26.18,78.4,13.24,0.0
2026-05-08 07:50:00,F01,TRAP-A,26.28,78.44,14.24,0.0
2026-05-08 08:00:00,F01,TRAP-A,27.0,80.25,14.11,0.0
2026-05-08 08:10:00,F01,TRAP-A,28.15,78.42,11.43,0.0
2026-05-08 08:20:00,F01,TRAP-A,27.84,75.6,11.98,0.0
2026-05-08 08:30:00,F01,TRAP-A,27.31,75.66,11.36,0.0
2026-05-08 08:40:00,F01,TRAP-A,28.41,74.54,13.58,0.0
2026-05-08 08:50:00,F01,TRAP-A,25.71,72.41,14.05,0.0
2026-05-08 09:00:00,F01,TRAP-A,29.1,71.85,11.34,0.0
2026-05-08 09:10:00,F01,TRAP-A,26.98,76.01,11.91,0.0
2026-05-08 09:20:00,F01,TRAP-A,28.26,68.25,11.76,0.0
2026-05-08 09:30:00,F01,TRAP-A,27.84,76.25,15.56,0.0
2026-05-08 09:40:00,F01,TRAP-A,27.88,70.75,10.93,0.0
2026-05-08 09:50:00,F01,TRAP-A,30.02,69.09,12.52,0.0
2026-05-08 10:00:00,F01,TRAP-A,28.89,72.3,14.57,0.0
2026-05-08 10:10:00,F01,TRAP-A,29.71,73.61,15.14,0.0
2026-05-08 10:20:00,F01,TRAP-A,29.56,72.15,12.97,0.0
2026-05-08 10:30:00,F01,TRAP-A,30.13,70.08,10.59,0.0
2026-05-08 10:40:00,F01,TRAP-A,29.97,71.03,14.55,0.0
2026-05-08 10:50:00,F01,TRAP-A,29.03,63.54,13.26,0.0
2026-05-08 11:00:00,F01,TRAP-A,30.99,66.05,12.68,0.0
2026-05-08 11:10:00,F01,TRAP-A,29.93,64.63,9.06,0.0
2026-05-08 11:20:00,F01,TRAP-A,29.21,69.54,8.81,0.0
2026-05-08 11:30:00,F01,TRAP-A,30.24,65.11,12.07,0.0
2026-05-08 11:40:00,F01,TRAP-A,31.9,67.8,17.02,1.58
2026-05-08 11:50:00,F01,TRAP-A,31.48,66.66,12.62,0.0
2026-05-08 12:00:00,F01,TRAP-A,30.63,62.83,13.33,0.0
2026-05-08 12:10:00,F01,TRAP-A,30.72,63.2,10.17,0.0
2026-05-08 12:20:00,F01,TRAP-A,30.83,67.62,8.73,0.0
2026-05-08 12:30:00,F01,TRAP-A,32.83,62.18,10.86,0.0
2026-05-08 12:40:00,F01,TRAP-A,31.54,64.2,11.03,0.0
2026-05-08 12:50:00,F01,TRAP-A,31.64,61.72,10.5,0.0
2026-05-08 13:00:00,F01,TRAP-A,32.18,62.71,15.75,0.0
2026-05-08 13:10:00,F01,TRAP-A,31.59,63.23,8.16,0.0
2026-05-08 13:20:00,F01,TRAP-A,31.23,61.26,6.74,4.36
2026-05-08 13:30:00,F01,TRAP-A,31.31,60.72,13.63,0.0
2026-05-08 13:40:00,F01,TRAP-A,31.43,63.77,6.82,0.0
2026-05-08 13:50:00,F01,TRAP-A,31.47,60.9,9.73,0.0
2026-05-08 14:00:00,F01,TRAP-A,32.08,60.97,12.18,0.0
2026-05-08 14:10:00,F01,TRAP-A,31.54,60.67,6.95,0.0
2026-05-08 14:20:00,F01,TRAP-A,32.07,62.87,11.02,0.0
2026-05-08 14:30:00,F01,TRAP-A,31.39,65.49,6.76,0.0
2026-05-08 14:40:00,F01,TRAP-A,31.49,67.0,10.16,3.95
2026-05-08 14:50:00,F01,TRAP-A,29.79,61.55,5.5,0.0
2026-05-08 15:00:00,F01,TRAP-A,32.08,68.9,8.36,0.0
2026-05-08 15:10:00,F01,TRAP-A,31.56,61.2,8.43,0.0
2026-05-08 15:20:00,F01,TRAP-A,32.02,66.63,6.95,0.0
2026-05-08 15:30:00,F01,TRAP-A,28.83,62.36,8.3,0.0
2026-05-08 15:40:00,F01,TRAP-A,32.74,62.25,12.41,0.0
2026-05-08 15:50:00,F01,TRAP-A,30.87,62.86,8.59,0.0
2026-05-08 16:00:00,F01,TRAP-A,31.78,64.91,14.28,0.0
2026-05-08 16:10:00,F01,TRAP-A,29.95,66.83,6.23,0.0
2026-05-08 16:20:00,F01,TRAP-A,31.17,67.42,6.62,0.0
2026-05-08 16:30:00,F01,TRAP-A,29.72,63.77,5.22,0.0
2026-05-08 16:40:00,F01,TRAP-A,29.94,64.07,16.96,0.0
2026-05-08 16:50:00,F01,TRAP-A,31.84,64.69,4.35,0.0
2026-05-08 17:00:00,F01,TRAP-A,30.02,67.15,5.46,0.0
2026-05-08 17:10:00,F01,TRAP-A,30.2,67.38,5.15,0.0
2026-05-08 17:20:00,F01,TRAP-A,30.58,66.03,5.52,0.0
2026-05-08 17:30:00,F01,TRAP-A,30.12,69.59,11.53,0.0
2026-05-08 17:40:00,F01,TRAP-A,29.69,75.1,5.39,0.0
2026-05-08 17:50:00,F01,TRAP-A,29.7,68.73,11.47,0.0
2026-05-08 18:00:00,F01,TRAP-A,31.16,69.47,5.65,0.0
2026-05-08 18:10:00,F01,TRAP-A,29.02,72.52,9.79,0.07
2026-05-08 18:20:00,F01,TRAP-A,29.05,70.31,6.23,0.0
2026-05-08 18:30:00,F01,TRAP-A,29.55,73.98,5.16,0.0
2026-05-08 18:40:00,F01,TRAP-A,29.41,71.13,5.85,0.0
2026-05-08 18:50:00,F01,TRAP-A,29.29,78.12,5.76,0.0
2026-05-08 19:00:00,F01,TRAP-A,28.66,75.03,5.04,0.0
2026-05-08 19:10:00,F01,TRAP-A,27.04,73.26,5.22,0.0
2026-05-08 19:20:00,F01,TRAP-A,29.07,73.98,4.87,0.0
2026-05-08 19:30:00,F01,TRAP-A,26.65,74.81,5.54,0.0
2026-05-08 19:40:00,F01,TRAP-A,27.62,80.18,7.32,0.0
2026-05-08 19:50:00,F01,TRAP-A,26.58,74.23,5.93,0.0
2026-05-08 20:00:00,F01,TRAP-A,26.93,76.39,8.28,0.0
2026-05-08 20:10:00,F01,TRAP-A,27.05,77.31,17.66,0.0
2026-05-08 20:20:00,F01,TRAP-A,26.85,79.32,6.15,0.0
2026-05-08 20:30:00,F01,TRAP-A,26.73,79.34,6.7,0.0
2026-05-08 20:40:00,F01,TRAP-A,27.49,76.93,5.48,0.0
2026-05-08 20:50:00,F01,TRAP-A,26.37,80.3,6.56,0.0
2026-05-08 21:00:00,F01,TRAP-A,25.62,81.69,9.08,0.0
2026-05-08 21:10:00,F01,TRAP-A,26.4,80.99,6.04,0.0
2026-05-08 21:20:00,F01,TRAP-A,26.4,84.9,6.04,0.0
2026-05-08 21:30:00,F01,TRAP-A,24.28,86.09,6.99,0.52
2026-05-08 21:40:00,F01,TRAP-A,25.56,84.2,10.84,0.0
2026-05-08 21:50:00,F01,TRAP-A,25.47,85.55,8.8,0.0
2026-05-08 22:00:00,F01,TRAP-A,24.5,80.15,15.49,0.0
2026-05-08 22:10:00,F01,TRAP-A,25.67,85.06,13.21,0.0
2026-05-08 22:20:00,F01,TRAP-A,24.28,89.16,6.82,0.0
2026-05-08 22:30:00,F01,TRAP-A,24.35,86.12,6.61,0.0
2026-05-08 22:40:00,F01,TRAP-A,23.96,85.84,8.17,0.0
2026-05-08 22:50:00,F01,TRAP-A,23.96,93.87,9.03,0.0
2026-05-08 23:00:00,F01,TRAP-A,22.93,93.2,9.15,0.0
2026-05-08 23:10:00,F01,TRAP-A,22.52,90.27,7.58,0.0
2026-05-08 23:20:00,F01,TRAP-A,24.82,92.38,7.72,0.0
2026-05-08 23:30:00,F01,TRAP-A,22.74,84.37,7.64,0.0
2026-05-08 23:40:00,F01,TRAP-A,22.51,88.35,13.38,0.0
2026-05-08 23:50:00,F01,TRAP-A,21.47,89.51,16.7,0.0
2026-05-09 00:00:00,F01,TRAP-A,22.58,90.43,8.38,0.0
2026-05-09 00:10:00,F01,TRAP-A,21.94,90.11,8.91,0.0
2026-05-09 00:20:00,F01,TRAP-A,24.23,85.24,8.65,0.0
2026-05-09 00:30:00,F01,TRAP-A,23.64,92.85,14.84,0.0
2026-05-09 00:40:00,F01,TRAP-A,22.21,93.47,18.27,0.0
2026-05-09 00:50:00,F01,TRAP-A,24.5,96.33,9.79,0.0
2026-05-09 01:00:00,F01,TRAP-A,23.43,90.53,10.14,0.0
2026-05-09 01:10:00,F01,TRAP-A,22.34,90.48,10.57,0.0
2026-05-09 01:20:00,F01,TRAP-A,20.57,86.08,11.48,0.0
2026-05-09 01:30:00,F01,TRAP-A,24.37,92.15,12.99,0.0
2026-05-09 01:40:00,F01,TRAP-A,21.4,95.2,11.81,0.0
2026-05-09 01:50:00,F01,TRAP-A,21.19,91.46,18.91,0.0
2026-05-09 02:00:00,F01,TRAP-A,23.32,98.0,10.33,0.0
2026-05-09 02:10:00,F01,TRAP-A,24.46,92.34,14.97,0.0
2026-05-09 02:20:00,F01,TRAP-A,23.63,93.31,11.53,0.0
2026-05-09 02:30:00,F01,TRAP-A,22.99,89.46,11.87,0.0
2026-05-09 02:40:00,F01,TRAP-A,23.05,93.48,14.28,0.0
2026-05-09 02:50:00,F01,TRAP-A,23.29,87.68,18.67,0.0
2026-05-09 03:00:00,F01,TRAP-A,23.27,94.21,14.62,0.0
2026-05-09 03:10:00,F01,TRAP-A,22.94,94.1,15.45,0.0
2026-05-09 03:20:00,F01,TRAP-A,22.86,95.47,15.24,0.0
2026-05-09 03:30:00,F01,TRAP-A,22.8,89.29,12.34,0.0
2026-05-09 03:40:00,F01,TRAP-A,22.33,91.97,15.53,0.0
2026-05-09 03:50:00,F01,TRAP-A,22.79,92.69,15.99,0.0
2026-05-09 04:00:00,F01,TRAP-A,21.76,92.07,13.76,0.0
2026-05-09 04:10:00,F01,TRAP-A,23.14,88.46,13.86,0.0
2026-05-09 04:20:00,F01,TRAP-A,22.53,84.27,15.91,0.0
2026-05-09 04:30:00,F01,TRAP-A,22.56,90.73,16.8,0.0
2026-05-09 04:40:00,F01,TRAP-A,23.71,89.07,13.0,0.0
2026-05-09 04:50:00,F01,TRAP-A,24.81,87.6,16.67,0.0
2026-05-09 05:00:00,F01,TRAP-A,24.57,90.47,16.92,0.0
2026-05-09 05:10:00,F01,TRAP-A,22.72,87.98,12.71,0.0
2026-05-09 05:20:00,F01,TRAP-A,23.33,84.3,15.73,0.0
2026-05-09 05:30:00,F01,TRAP-A,25.03,82.26,12.59,0.0
2026-05-09 05:40:00,F01,TRAP-A,23.65,83.73,12.28,0.0
2026-05-09 05:50:00,F01,TRAP-A,24.42,91.99,14.56,0.0
2026-05-09 06:00:00,F01,TRAP-A,25.21,87.25,19.18,0.0
2026-05-09 06:10:00,F01,TRAP-A,24.16,85.34,12.1,0.0
2026-05-09 06:20:00,F01,TRAP-A,25.2,83.83,17.24,0.0
2026-05-09 06:30:00,F01,TRAP-A,24.23,83.07,14.08,0.0
2026-05-09 06:40:00,F01,TRAP-A,25.0,85.99,17.85,0.0
2026-05-09 06:50:00,F01,TRAP-A,25.92,81.23,17.47,0.0
2026-05-09 07:00:00,F01,TRAP-A,24.58,83.27,18.1,0.0
2026-05-09 07:10:00,F01,TRAP-A,26.4,80.32,16.2,0.0
2026-05-09 07:20:00,F01,TRAP-A,26.22,85.4,17.31,0.0
2026-05-09 07:30:00,F01,TRAP-A,26.87,81.75,12.27,0.0
2026-05-09 07:40:00,F01,TRAP-A,26.81,82.36,12.7,0.0
2026-05-09 07:50:00,F01,TRAP-A,27.91,77.13,12.37,0.69
2026-05-09 08:00:00,F01,TRAP-A,27.12,80.58,15.53,0.0
2026-05-09 08:10:00,F01,TRAP-A,26.87,76.5,11.87,0.0
2026-05-09 08:20:00,F01,TRAP-A,27.51,76.91,11.87,0.0
2026-05-09 08:30:00,F01,TRAP-A,28.04,80.07,17.5,0.0
2026-05-09 08:40:00,F01,TRAP-A,27.84,72.73,14.73,0.0
2026-05-09 08:50:00,F01,TRAP-A,28.02,75.2,17.19,0.0
2026-05-09 09:00:00,F01,TRAP-A,27.62,75.15,11.27,0.0
2026-05-09 09:10:00,F01,TRAP-A,27.84,74.73,12.22,0.0
2026-05-09 09:20:00,F01,TRAP-A,27.43,71.69,11.56,0.0
2026-05-09 09:30:00,F01,TRAP-A,30.14,77.42,10.45,0.0
2026-05-09 09:40:00,F01,TRAP-A,27.92,68.37,11.29,0.0
2026-05-09 09:50:00,F01,TRAP-A,28.54,74.67,11.57,0.0
2026-05-09 10:00:00,F01,TRAP-A,28.69,73.48,10.28,0.0
2026-05-09 10:10:00,F01,TRAP-A,30.15,74.64,12.34,0.0
2026-05-09 10:20:00,F01,TRAP-A,29.36,65.38,11.13,0.0
2026-05-09 10:30:00,F01,TRAP-A,30.75,66.65,9.66,0.0
2026-05-09 10:40:00,F01,TRAP-A,29.37,72.04,13.0,0.0
2026-05-09 10:50:00,F01,TRAP-A,30.28,63.13,13.11,0.0
2026-05-09 11:00:00,F01,TRAP-A,29.53,63.33,14.42,0.0
2026-05-09 11:10:00,F01,TRAP-A,32.05,65.68,10.84,0.0
2026-05-09 11:20:00,F01,TRAP-A,29.51,66.95,19.07,0.0
2026-05-09 11:30:00,F01,TRAP-A,30.83,70.04,15.87,0.0
2026-05-09 11:40:00,F01,TRAP-A,31.2,65.21,10.74,0.0
2026-05-09 11:50:00,F01,TRAP-A,31.14,63.8,9.92,0.0
2026-05-09 12:00:00,F01,TRAP-A,30.76,65.76,7.99,0.0
2026-05-09 12:10:00,F01,TRAP-A,30.9,65.84,11.53,0.0
2026-05-09 12:20:00,F01,TRAP-A,31.12,65.48,10.13,0.0
2026-05-09 12:30:00,F01,TRAP-A,31.05,63.67,15.78,0.0
2026-05-09 12:40:00,F01,TRAP-A,32.01,59.0,10.0,0.0
2026-05-09 12:50:00,F01,TRAP-A,33.07,61.38,21.94,0.0
2026-05-09 13:00:00,F01,TRAP-A,30.91,67.05,12.72,0.0
2026-05-09 13:10:00,F01,TRAP-A,30.3,63.81,15.99,0.0
2026-05-09 13:20:00,F01,TRAP-A,31.36,62.41,7.81,0.0
2026-05-09 13:30:00,F01,TRAP-A,33.53,65.92,6.94,0.0
2026-05-09 13:40:00,F01,TRAP-A,30.84,60.23,11.08,0.0
2026-05-09 13:50:00,F01,TRAP-A,32.81,62.45,10.77,0.0
2026-05-09 14:00:00,F01,TRAP-A,32.84,63.34,6.7,0.0
2026-05-09 14:10:00,F01,TRAP-A,31.05,61.91,10.18,0.0
2026-05-09 14:20:00,F01,TRAP-A,31.94,63.31,8.31,0.0
2026-05-09 14:30:00,F01,TRAP-A,32.76,62.67,5.9,0.0
2026-05-09 14:40:00,F01,TRAP-A,31.13,59.74,7.51,0.0
2026-05-09 14:50:00,F01,TRAP-A,31.23,63.82,13.31,0.0
2026-05-09 15:00:00,F01,TRAP-A,30.88,60.21,7.28,0.0
2026-05-09 15:10:00,F01,TRAP-A,30.47,64.13,9.7,0.0
2026-05-09 15:20:00,F01,TRAP-A,30.7,67.36,5.01,0.0
2026-05-09 15:30:00,F01,TRAP-A,30.17,63.46,8.72,0.0
2026-05-09 15:40:00,F01,TRAP-A,31.1,61.5,13.52,0.0
2026-05-09 15:50:00,F01,TRAP-A,30.37,64.41,6.69,0.0
2026-05-09 16:00:00,F01,TRAP-A,31.07,62.96,5.76,0.0
2026-05-09 16:10:00,F01,TRAP-A,29.54,66.87,7.57,0.0
2026-05-09 16:20:00,F01,TRAP-A,30.94,65.38,11.81,0.0
2026-05-09 16:30:00,F01,TRAP-A,31.23,70.41,4.88,0.0
2026-05-09 16:40:00,F01,TRAP-A,28.84,69.46,5.79,0.0
2026-05-09 16:50:00,F01,TRAP-A,30.6,66.6,4.69,0.0
2026-05-09 17:00:00,F01,TRAP-A,31.15,69.23,6.19,0.0
2026-05-09 17:10:00,F01,TRAP-A,29.06,66.93,6.42,0.0
2026-05-09 17:20:00,F01,TRAP-A,31.22,68.49,12.72,0.0
2026-05-09 17:30:00,F01,TRAP-A,30.06,68.02,5.63,0.0
2026-05-09 17:40:00,F01,TRAP-A,29.0,71.36,6.52,0.0
2026-05-09 17:50:00,F01,TRAP-A,29.36,73.58,10.5,0.0
2026-05-09 18:00:00,F01,TRAP-A,29.68,72.55,5.16,0.0
2026-05-09 18:10:00,F01,TRAP-A,29.12,73.44,7.37,0.0
2026-05-09 18:20:00,F01,TRAP-A,29.32,74.03,8.26,0.0
2026-05-09 18:30:00,F01,TRAP-A,27.97,73.7,5.24,0.0
2026-05-09 18:40:00,F01,TRAP-A,28.66,70.08,4.6,0.0
2026-05-09 18:50:00,F01,TRAP-A,27.2,77.8,6.2,0.0
2026-05-09 19:00:00,F01,TRAP-A,28.06,78.69,5.46,0.0
2026-05-09 19:10:00,F01,TRAP-A,27.23,74.23,5.12,0.0
2026-05-09 19:20:00,F01,TRAP-A,27.17,74.53,15.13,0.0
2026-05-09 19:30:00,F01,TRAP-A,28.56,77.64,6.4,0.0
2026-05-09 19:40:00,F01,TRAP-A,28.25,78.13,10.21,0.0
2026-05-09 19:50:00,F01,TRAP-A,27.66,76.9,5.11,0.0
2026-05-09 20:00:00,F01,TRAP-A,26.11,74.94,12.96,0.0
2026-05-09 20:10:00,F01,TRAP-A,26.53,79.48,9.38,0.0
2026-05-09 20:20:00,F01,TRAP-A,27.56,80.75,9.69,0.0
2026-05-09 20:30:00,F01,TRAP-A,26.51,81.84,6.32,0.0
2026-05-09 20:40:00,F01,TRAP-A,28.06,81.54,6.94,0.0
2026-05-09 20:50:00,F01,TRAP-A,26.32,80.63,7.76,0.0
2026-05-09 21:00:00,F01,TRAP-A,25.97,84.43,9.86,0.0
2026-05-09 21:10:00,F01,TRAP-A,25.38,82.74,10.98,0.0
2026-05-09 21:20:00,F01,TRAP-A,25.55,82.03,5.69,0.0
2026-05-09 21:30:00,F01,TRAP-A,25.14,83.35,12.61,0.0
2026-05-09 21:40:00,F01,TRAP-A,25.65,80.03,14.04,0.0
2026-05-09 21:50:00,F01,TRAP-A,25.67,84.53,8.56,0.0
2026-05-09 22:00:00,F01,TRAP-A,24.1,87.28,6.64,0.0
2026-05-09 22:10:00,F01,TRAP-A,23.5,86.96,11.29,0.0
2026-05-09 22:20:00,F01,TRAP-A,22.93,90.46,8.71,0.0
2026-05-09 22:30:00,F01,TRAP-A,24.65,86.53,11.58,0.0
2026-05-09 22:40:00,F01,TRAP-A,23.21,88.91,11.71,0.0
2026-05-09 22:50:00,F01,TRAP-A,22.22,90.16,7.09,0.0
2026-05-09 23:00:00,F01,TRAP-A,24.12,94.51,9.78,0.0
2026-05-09 23:10:00,F01,TRAP-A,25.66,89.47,9.13,0.0
2026-05-09 23:20:00,F01,TRAP-A,23.54,86.92,16.09,0.0
2026-05-09 23:30:00,F01,TRAP-A,24.09,92.06,8.55,0.34
2026-05-09 23:40:00,F01,TRAP-A,23.37,94.99,8.36,0.0
2026-05-09 23:50:00,F01,TRAP-A,23.12,89.88,14.66,0.0
2026-05-10 00:00:00,F01,TRAP-A,23.83,93.13,8.5,0.0
2026-05-10 00:10:00,F01,TRAP-A,22.77,94.41,11.67,0.0
2026-05-10 00:20:00,F01,TRAP-A,23.13,94.16,9.44,0.0
2026-05-10 00:30:00,F01,TRAP-A,23.09,92.2,11.06,0.0
2026-05-10 00:40:00,F01,TRAP-A,22.23,90.37,11.58,0.0
2026-05-10 00:50:00,F01,TRAP-A,23.5,92.12,10.5,0.0
2026-05-10 01:00:00,F01,TRAP-A,22.51,93.65,20.11,0.0
2026-05-10 01:10:00,F01,TRAP-A,22.0,94.93,9.64,0.0
2026-05-10 01:20:00,F01,TRAP-A,22.99,93.62,10.87,0.0
2026-05-10 01:30:00,F01,TRAP-A,21.82,91.93,11.24,0.0
2026-05-10 01:40:00,F01,TRAP-A,22.54,94.34,12.7,0.0
2026-05-10 01:50:00,F01,TRAP-A,22.5,95.14,11.43,0.0
2026-05-10 02:00:00,F01,TRAP-A,23.37,93.95,10.32,0.0
2026-05-10 02:10:00,F01,TRAP-A,22.88,90.89,19.0,0.0
2026-05-10 02:20:00,F01,TRAP-A,22.5,92.48,11.92,0.0
2026-05-10 02:30:00,F01,TRAP-A,23.2,95.23,11.71,0.0
2026-05-10 02:40:00,F01,TRAP-A,23.68,89.3,12.36,0.0
2026-05-10 02:50:00,F01,TRAP-A,23.06,87.4,11.45,0.0
2026-05-10 03:00:00,F01,TRAP-A,22.67,96.24,11.16,0.0
2026-05-10 03:10:00,F01,TRAP-A,21.66,93.56,11.44,0.0
2026-05-10 03:20:00,F01,TRAP-A,21.93,93.59,11.62,0.0
2026-05-10 03:30:00,F01,TRAP-A,22.61,89.14,11.84,0.0
2026-05-10 03:40:00,F01,TRAP-A,22.44,93.41,12.92,0.0
2026-05-10 03:50:00,F01,TRAP-A,22.87,91.96,14.32,0.0
2026-05-10 04:00:00,F01,TRAP-A,23.16,87.0,14.45,0.0
2026-05-10 04:10:00,F01,TRAP-A,23.64,94.18,11.56,0.0
2026-05-10 04:20:00,F01,TRAP-A,23.27,90.65,19.25,0.0
2026-05-10 04:30:00,F01,TRAP-A,23.83,88.87,16.89,0.0
2026-05-10 04:40:00,F01,TRAP-A,23.62,88.5,21.73,0.0
2026-05-10 04:50:00,F01,TRAP-A,22.12,83.98,13.16,0.0
2026-05-10 05:00:00,F01,TRAP-A,23.08,90.04,15.15,0.0
2026-05-10 05:10:00,F01,TRAP-A,23.86,88.74,12.46,0.0
2026-05-10 05:20:00,F01,TRAP-A,23.16,87.11,17.04,0.0
2026-05-10 05:30:00,F01,TRAP-A,24.76,90.27,12.5,0.0
2026-05-10 05:40:00,F01,TRAP-A,25.66,83.09,13.17,0.0
2026-05-10 05:50:00,F01,TRAP-A,25.57,84.51,14.02,0.0
2026-05-10 06:00:00,F01,TRAP-A,24.6,83.32,14.71,0.0
2026-05-10 06:10:00,F01,TRAP-A,26.13,84.17,14.46,0.0
2026-05-10 06:20:00,F01,TRAP-A,25.24,84.45,12.31,0.0
2026-05-10 06:30:00,F01,TRAP-A,25.03,84.75,13.61,0.0
2026-05-10 06:40:00,F01,TRAP-A,24.99,82.2,19.62,0.0
2026-05-10 06:50:00,F01,TRAP-A,25.42,80.25,18.08,0.0
2026-05-10 07:00:00,F01,TRAP-A,25.54,86.03,14.54,0.0
2026-05-10 07:10:00,F01,TRAP-A,26.18,87.21,14.36,0.0
2026-05-10 07:20:00,F01,TRAP-A,26.37,80.9,12.11,0.0
2026-05-10 07:30:00,F01,TRAP-A,26.44,78.0,12.36,0.0
2026-05-10 07:40:00,F01,TRAP-A,26.98,82.93,12.49,0.0
2026-05-10 07:50:00,F01,TRAP-A,27.78,74.97,13.55,0.0
2026-05-10 08:00:00,F01,TRAP-A,27.78,77.1,15.4,0.0
2026-05-10 08:10:00,F01,TRAP-A,26.03,75.54,13.22,0.0
2026-05-10 08:20:00,F01,TRAP-A,25.37,73.73,11.67,0.0
2026-05-10 08:30:00,F01,TRAP-A,28.36,75.27,12.9,0.0
2026-05-10 08:40:00,F01,TRAP-A,26.71,73.17,11.58,0.0
2026-05-10 08:50:00,F01,TRAP-A,27.81,74.72,15.11,0.0
2026-05-10 09:00:00,F01,TRAP-A,27.25,74.12,11.36,0.0
2026-05-10 09:10:00,F01,TRAP-A,26.93,71.87,12.67,0.0
2026-05-10 09:20:00,F01,TRAP-A,28.99,71.88,14.1,0.0
2026-05-10 09:30:00,F01,TRAP-A,29.35,71.62,11.2,0.0
2026-05-10 09:40:00,F01,TRAP-A,28.46,73.62,10.52,0.0
2026-05-10 09:50:00,F01,TRAP-A,27.02,70.64,12.62,0.0
2026-05-10 10:00:00,F01,TRAP-A,28.83,72.5,10.15,0.0
2026-05-10 10:10:00,F01,TRAP-A,29.75,71.35,12.49,0.0
2026-05-10 10:20:00,F01,TRAP-A,28.41,70.77,13.88,0.0
2026-05-10 10:30:00,F01,TRAP-A,29.9,72.28,10.71,0.0
2026-05-10 10:40:00,F01,TRAP-A,29.9,65.51,11.36,0.0
2026-05-10 10:50:00,F01,TRAP-A,30.52,66.63,17.11,0.0
2026-05-10 11:00:00,F01,TRAP-A,30.29,71.75,10.93,0.0
2026-05-10 11:10:00,F01,TRAP-A,29.55,66.25,25.86,0.0
2026-05-10 11:20:00,F01,TRAP-A,31.42,59.43,9.19,0.0
2026-05-10 11:30:00,F01,TRAP-A,30.46,65.55,12.21,0.0
2026-05-10 11:40:00,F01,TRAP-A,30.68,66.01,11.5,0.0
2026-05-10 11:50:00,F01,TRAP-A,30.06,58.77,14.33,0.0
2026-05-10 12:00:00,F01,TRAP-A,30.55,68.31,8.27,0.0
2026-05-10 12:10:00,F01,TRAP-A,30.29,62.88,8.79,0.0
2026-05-10 12:20:00,F01,TRAP-A,30.95,65.2,8.06,0.0
2026-05-10 12:30:00,F01,TRAP-A,32.53,63.55,15.57,0.0
2026-05-10 12:40:00,F01,TRAP-A,30.14,60.66,8.96,0.0
2026-05-10 12:50:00,F01,TRAP-A,30.01,61.0,14.34,0.0
2026-05-10 13:00:00,F01,TRAP-A,32.53,61.16,7.99,0.0
2026-05-10 13:10:00,F01,TRAP-A,31.23,66.05,7.18,0.0
2026-05-10 13:20:00,F01,TRAP-A,30.9,62.85,7.67,1.9
2026-05-10 13:30:00,F01,TRAP-A,32.3,61.81,9.18,0.0
2026-05-10 13:40:00,F01,TRAP-A,31.0,60.71,11.89,0.0
2026-05-10 13:50:00,F01,TRAP-A,32.96,66.0,7.6,1.5
2026-05-10 14:00:00,F01,TRAP-A,32.04,66.66,13.37,0.0
2026-05-10 14:10:00,F01,TRAP-A,31.1,65.98,6.68,0.0
2026-05-10 14:20:00,F01,TRAP-A,33.21,64.29,9.24,0.0
2026-05-10 14:30:00,F01,TRAP-A,30.97,63.86,9.54,0.0
2026-05-10 14:40:00,F01,TRAP-A,32.02,60.2,6.38,0.0
2026-05-10 14:50:00,F01,TRAP-A,31.63,62.76,5.37,0.0
2026-05-10 15:00:00,F01,TRAP-A,32.38,61.82,6.52,0.0
2026-05-10 15:10:00,F01,TRAP-A,32.53,59.15,5.18,0.0
2026-05-10 15:20:00,F01,TRAP-A,31.25,66.57,11.85,0.0
2026-05-10 15:30:00,F01,TRAP-A,30.55,62.43,14.02,0.0
2026-05-10 15:40:00,F01,TRAP-A,31.44,67.43,8.7,0.0
2026-05-10 15:50:00,F01,TRAP-A,30.44,66.93,8.51,0.0
2026-05-10 16:00:00,F01,TRAP-A,32.5,66.44,5.35,0.0
2026-05-10 16:10:00,F01,TRAP-A,30.89,66.92,4.67,0.0
2026-05-10 16:20:00,F01,TRAP-A,30.38,64.21,9.23,0.0
2026-05-10 16:30:00,F01,TRAP-A,30.7,70.79,6.75,0.0
2026-05-10 16:40:00,F01,TRAP-A,29.36,66.66,7.67,0.0
2026-05-10 16:50:00,F01,TRAP-A,29.53,67.74,8.72,0.0
2026-05-10 17:00:00,F01,TRAP-A,31.13,65.82,5.71,0.0
2026-05-10 17:10:00,F01,TRAP-A,29.5,65.59,4.56,0.0
2026-05-10 17:20:00,F01,TRAP-A,29.04,69.61,8.81,0.0
2026-05-10 17:30:00,F01,TRAP-A,30.15,69.47,5.85,0.0
2026-05-10 17:40:00,F01,TRAP-A,30.51,67.48,9.28,0.0
2026-05-10 17:50:00,F01,TRAP-A,29.98,66.4,5.73,7.59
2026-05-10 18:00:00,F01,TRAP-A,30.03,67.39,4.73,0.0
2026-05-10 18:10:00,F01,TRAP-A,28.45,74.13,4.57,0.0
2026-05-10 18:20:00,F01,TRAP-A,27.75,70.19,8.1,0.0
2026-05-10 18:30:00,F01,TRAP-A,29.9,71.48,6.6,0.0
2026-05-10 18:40:00,F01,TRAP-A,28.26,76.56,5.62,0.0
2026-05-10 18:50:00,F01,TRAP-A,28.13,70.75,6.13,0.0
2026-05-10 19:00:00,F01,TRAP-A,29.21,72.37,6.53,0.0
2026-05-10 19:10:00,F01,TRAP-A,28.4,72.9,5.01,0.0
2026-05-10 19:20:00,F01,TRAP-A,28.13,79.51,5.67,0.0
2026-05-10 19:30:00,F01,TRAP-A,29.3,81.1,5.35,0.0
2026-05-10 19:40:00,F01,TRAP-A,26.86,78.64,5.86,0.0
2026-05-10 19:50:00,F01,TRAP-A,27.92,79.38,6.54,0.0
2026-05-10 20:00:00,F01,TRAP-A,27.02,76.62,5.12,0.0
2026-05-10 20:10:00,F01,TRAP-A,27.0,83.59,6.14,0.0
2026-05-10 20:20:00,F01,TRAP-A,27.81,80.05,6.2,0.0
2026-05-10 20:30:00,F01,TRAP-A,26.8,82.16,5.85,0.0
2026-05-10 20:40:00,F01,TRAP-A,26.63,80.41,24.45,0.0
2026-05-10 20:50:00,F01,TRAP-A,26.86,80.65,5.29,0.0
2026-05-10 21:00:00,F01,TRAP-A,25.52,86.11,8.27,0.0
2026-05-10 21:10:00,F01,TRAP-A,24.95,83.93,5.89,0.0
2026-05-10 21:20:00,F01,TRAP-A,24.6,86.83,10.93,0.0
2026-05-10 21:30:00,F01,TRAP-A,23.68,84.44,12.95,0.0
2026-05-10 21:40:00,F01,TRAP-A,26.72,82.28,7.26,0.0
2026-05-10 21:50:00,F01,TRAP-A,24.02,83.53,11.07,0.0
2026-05-10 22:00:00,F01,TRAP-A,24.55,85.82,6.88,0.0
2026-05-10 22:10:00,F01,TRAP-A,24.34,84.55,6.62,0.0
2026-05-10 22:20:00,F01,TRAP-A,24.65,83.89,7.47,0.0
2026-05-10 22:30:00,F01,TRAP-A,24.9,90.19,7.74,0.0
2026-05-10 22:40:00,F01,TRAP-A,24.78,86.33,8.17,0.0
2026-05-10 22:50:00,F01,TRAP-A,23.48,88.53,8.22,0.0
2026-05-10 23:00:00,F01,TRAP-A,23.67,89.4,8.57,0.0
2026-05-10 23:10:00,F01,TRAP-A,23.89,87.64,10.87,0.0
2026-05-10 23:20:00,F01,TRAP-A,23.34,93.16,8.17,0.0
2026-05-10 23:30:00,F01,TRAP-A,24.7,87.15,7.55,0.0
2026-05-10 23:40:00,F01,TRAP-A,23.69,90.98,9.69,0.0
2026-05-10 23:50:00,F01,TRAP-A,23.78,91.31,9.63,0.0
2026-05-11 00:00:00,F01,TRAP-A,23.62,90.89,8.21,0.0
2026-05-11 00:10:00,F01,TRAP-A,23.94,88.1,8.62,0.0
2026-05-11 00:20:00,F01,TRAP-A,23.06,93.8,10.51,0.0
2026-05-11 00:30:00,F01,TRAP-A,21.8,93.74,9.34,0.0
2026-05-11 00:40:00,F01,TRAP-A,23.08,90.43,15.02,0.0
2026-05-11 00:50:00,F01,TRAP-A,22.18,94.1,9.46,0.0
2026-05-11 01:00:00,F01,TRAP-A,22.22,93.44,9.12,0.0
2026-05-11 01:10:00,F01,TRAP-A,23.07,89.46,11.0,0.0
2026-05-11 01:20:00,F01,TRAP-A,23.56,90.65,22.23,0.0
2026-05-11 01:30:00,F01,TRAP-A,22.55,95.73,12.56,0.0
2026-05-11 01:40:00,F01,TRAP-A,22.76,93.72,11.02,0.0
2026-05-11 01:50:00,F01,TRAP-A,23.87,91.58,9.92,0.0
2026-05-11 02:00:00,F01,TRAP-A,22.69,90.85,12.01,0.0
2026-05-11 02:10:00,F01,TRAP-A,24.59,91.69,10.86,0.0
2026-05-11 02:20:00,F01,TRAP-A,22.97,91.83,13.44,0.0
2026-05-11 02:30:00,F01,TRAP-A,21.13,90.75,13.07,0.0
2026-05-11 02:40:00,F01,TRAP-A,23.17,88.4,11.51,0.0
2026-05-11 02:50:00,F01,TRAP-A,22.92,95.48,10.93,0.0
2026-05-11 03:00:00,F01,TRAP-A,23.69,94.9,15.06,0.0
2026-05-11 03:10:00,F01,TRAP-A,23.25,89.1,13.6,0.0
2026-05-11 03:20:00,F01,TRAP-A,22.67,92.41,16.61,0.0
2026-05-11 03:30:00,F01,TRAP-A,21.87,89.57,12.09,0.0
2026-05-11 03:40:00,F01,TRAP-A,22.76,90.91,14.46,0.0
2026-05-11 03:50:00,F01,TRAP-A,22.34,90.41,11.76,0.0
2026-05-11 04:00:00,F01,TRAP-A,22.65,89.88,12.51,0.0
2026-05-11 04:10:00,F01,TRAP-A,23.69,95.62,14.76,1.18
2026-05-11 04:20:00,F01,TRAP-A,24.66,89.14,16.87,0.0
2026-05-11 04:30:00,F01,TRAP-A,23.76,87.83,12.86,0.0
2026-05-11 04:40:00,F01,TRAP-A,22.61,87.54,16.58,0.0
2026-05-11 04:50:00,F01,TRAP-A,24.05,91.62,15.22,0.0
2026-05-11 05:00:00,F01,TRAP-A,24.79,84.42,13.16,0.0
2026-05-11 05:10:00,F01,TRAP-A,23.49,86.17,18.18,0.0
2026-05-11 05:20:00,F01,TRAP-A,24.02,91.2,14.08,0.0
2026-05-11 05:30:00,F01,TRAP-A,24.29,87.68,15.1,0.17
2026-05-11 05:40:00,F01,TRAP-A,23.81,87.02,14.04,0.0
2026-05-11 05:50:00,F01,TRAP-A,25.12,91.33,13.81,0.0
2026-05-11 06:00:00,F01,TRAP-A,24.67,86.05,17.65,0.0
2026-05-11 06:10:00,F01,TRAP-A,25.28,83.09,13.04,0.0
2026-05-11 06:20:00,F01,TRAP-A,24.41,83.57,12.09,0.0
2026-05-11 06:30:00,F01,TRAP-A,24.95,80.83,18.32,0.0
2026-05-11 06:40:00,F01,TRAP-A,26.06,86.2,17.17,0.0
2026-05-11 06:50:00,F01,TRAP-A,25.37,83.88,13.27,0.0
2026-05-11 07:00:00,F01,TRAP-A,27.24,84.62,12.47,0.0
2026-05-11 07:10:00,F01,TRAP-A,25.73,84.21,15.19,0.0
2026-05-11 07:20:00,F01,TRAP-A,26.42,79.5,12.0,0.0
2026-05-11 07:30:00,F01,TRAP-A,27.18,77.52,13.34,0.0
2026-05-11 07:40:00,F01,TRAP-A,25.5,79.1,11.89,0.0
2026-05-11 07:50:00,F01,TRAP-A,25.42,76.4,14.27,0.0
2026-05-11 08:00:00,F01,TRAP-A,25.8,78.34,11.54,0.0
2026-05-11 08:10:00,F01,TRAP-A,28.23,80.1,14.34,1.85
2026-05-11 08:20:00,F01,TRAP-A,26.97,76.2,14.62,0.0
2026-05-11 08:30:00,F01,TRAP-A,29.66,76.34,13.16,0.0
2026-05-11 08:40:00,F01,TRAP-A,27.35,75.09,11.63,0.0
2026-05-11 08:50:00,F01,TRAP-A,28.14,76.69,11.26,0.0
2026-05-11 09:00:00,F01,TRAP-A,29.42,72.38,11.94,0.0
2026-05-11 09:10:00,F01,TRAP-A,29.98,67.93,12.57,0.0
2026-05-11 09:20:00,F01,TRAP-A,30.21,73.98,13.64,0.0
2026-05-11 09:30:00,F01,TRAP-A,29.71,74.66,10.42,0.0
2026-05-11 09:40:00,F01,TRAP-A,29.74,72.71,14.0,0.0
2026-05-11 09:50:00,F01,TRAP-A,29.57,69.41,13.87,0.0
2026-05-11 10:00:00,F01,TRAP-A,29.89,67.6,11.75,0.0
2026-05-11 10:10:00,F01,TRAP-A,29.0,71.11,11.09,0.0
2026-05-11 10:20:00,F01,TRAP-A,28.95,69.69,15.21,0.0
2026-05-11 10:30:00,F01,TRAP-A,29.75,68.49,14.12,0.0
2026-05-11 10:40:00,F01,TRAP-A,29.77,72.86,21.62,0.0
2026-05-11 10:50:00,F01,TRAP-A,29.69,65.44,10.58,0.0
2026-05-11 11:00:00,F01,TRAP-A,30.76,71.78,16.14,0.0
2026-05-11 11:10:00,F01,TRAP-A,31.1,66.97,9.12,13.55
2026-05-11 11:20:00,F01,TRAP-A,30.53,61.87,10.26,0.0
2026-05-11 11:30:00,F01,TRAP-A,31.77,65.61,10.38,0.0
2026-05-11 11:40:00,F01,TRAP-A,29.79,68.07,10.07,0.0
2026-05-11 11:50:00,F01,TRAP-A,30.65,64.4,11.1,0.16
2026-05-11 12:00:00,F01,TRAP-A,30.34,61.28,8.54,0.0
2026-05-11 12:10:00,F01,TRAP-A,29.51,64.25,13.85,0.0
2026-05-11 12:20:00,F01,TRAP-A,31.02,62.23,10.04,0.0
2026-05-11 12:30:00,F01,TRAP-A,31.07,65.34,14.49,3.13
2026-05-11 12:40:00,F01,TRAP-A,32.45,65.81,7.29,0.0
2026-05-11 12:50:00,F01,TRAP-A,31.8,61.03,10.1,0.0
2026-05-11 13:00:00,F01,TRAP-A,30.53,61.73,8.54,0.0
2026-05-11 13:10:00,F01,TRAP-A,32.88,65.23,8.89,1.02
2026-05-11 13:20:00,F01,TRAP-A,32.41,61.07,10.7,0.0
2026-05-11 13:30:00,F01,TRAP-A,31.93,60.41,7.22,0.0
2026-05-11 13:40:00,F01,TRAP-A,31.3,60.1,6.98,0.0
2026-05-11 13:50:00,F01,TRAP-A,30.73,63.89,9.78,0.0
2026-05-11 14:00:00,F01,TRAP-A,31.2,63.77,8.19,0.08
2026-05-11 14:10:00,F01,TRAP-A,32.37,61.31,6.63,0.0
2026-05-11 14:20:00,F01,TRAP-A,32.99,63.08,7.67,0.0
2026-05-11 14:30:00,F01,TRAP-A,32.69,66.96,7.39,0.0
2026-05-11 14:40:00,F01,TRAP-A,31.04,60.81,8.94,0.0
2026-05-11 14:50:00,F01,TRAP-A,30.49,58.49,5.29,0.0
2026-05-11 15:00:00,F01,TRAP-A,31.45,64.67,7.81,0.0
2026-05-11 15:10:00,F01,TRAP-A,29.87,63.44,7.83,0.0
2026-05-11 15:20:00,F01,TRAP-A,31.48,62.16,9.03,0.0
2026-05-11 15:30:00,F01,TRAP-A,31.03,65.8,11.41,0.0
2026-05-11 15:40:00,F01,TRAP-A,30.7,66.54,6.45,0.0
2026-05-11 15:50:00,F01,TRAP-A,29.7,59.21,5.87,0.0
2026-05-11 16:00:00,F01,TRAP-A,31.3,63.42,4.85,0.0
2026-05-11 16:10:00,F01,TRAP-A,30.36,71.18,5.67,0.0
2026-05-11 16:20:00,F01,TRAP-A,29.74,67.22,4.58,0.0
2026-05-11 16:30:00,F01,TRAP-A,28.26,67.84,9.17,0.0
2026-05-11 16:40:00,F01,TRAP-A,30.41,69.49,9.17,0.0
2026-05-11 16:50:00,F01,TRAP-A,31.72,67.04,5.8,0.0
2026-05-11 17:00:00,F01,TRAP-A,31.49,69.44,5.03,0.42
2026-05-11 17:10:00,F01,TRAP-A,29.66,69.72,4.47,0.0
2026-05-11 17:20:00,F01,TRAP-A,29.39,69.77,9.77,0.0
2026-05-11 17:30:00,F01,TRAP-A,30.1,68.13,10.33,0.0
2026-05-11 17:40:00,F01,TRAP-A,28.76,69.89,4.94,0.0
2026-05-11 17:50:00,F01,TRAP-A,29.64,68.54,6.92,0.0
2026-05-11 18:00:00,F01,TRAP-A,29.84,70.6,4.9,0.0
2026-05-11 18:10:00,F01,TRAP-A,30.04,68.22,4.77,0.0
2026-05-11 18:20:00,F01,TRAP-A,28.8,69.76,4.08,0.0
2026-05-11 18:30:00,F01,TRAP-A,28.54,71.63,6.62,0.0
2026-05-11 18:40:00,F01,TRAP-A,27.81,70.58,4.55,0.0
2026-05-11 18:50:00,F01,TRAP-A,27.67,72.3,4.14,0.0
2026-05-11 19:00:00,F01,TRAP-A,27.96,73.78,4.47,0.0
2026-05-11 19:10:00,F01,TRAP-A,28.24,75.84,5.32,0.0
2026-05-11 19:20:00,F01,TRAP-A,28.49,77.85,7.57,0.0
2026-05-11 19:30:00,F01,TRAP-A,26.92,74.96,4.99,0.0
2026-05-11 19:40:00,F01,TRAP-A,28.56,80.11,10.94,0.0
2026-05-11 19:50:00,F01,TRAP-A,26.96,79.77,5.48,0.0
2026-05-11 20:00:00,F01,TRAP-A,26.96,79.34,5.75,0.0
2026-05-11 20:10:00,F01,TRAP-A,26.18,79.12,5.38,0.0
2026-05-11 20:20:00,F01,TRAP-A,24.64,80.18,5.61,0.0
2026-05-11 20:30:00,F01,TRAP-A,27.1,83.0,5.07,0.0
2026-05-11 20:40:00,F01,TRAP-A,26.78,83.74,6.0,0.0
2026-05-11 20:50:00,F01,TRAP-A,25.78,84.66,10.96,0.0
2026-05-11 21:00:00,F01,TRAP-A,25.87,82.06,8.68,0.0
2026-05-11 21:10:00,F01,TRAP-A,26.04,83.97,11.56,0.0
2026-05-11 21:20:00,F01,TRAP-A,24.19,86.56,5.78,0.0
2026-05-11 21:30:00,F01,TRAP-A,24.83,82.25,7.41,0.0
2026-05-11 21:40:00,F01,TRAP-A,25.71,83.62,6.5,0.0
2026-05-11 21:50:00,F01,TRAP-A,23.9,85.04,9.7,0.0
2026-05-11 22:00:00,F01,TRAP-A,24.96,87.82,16.56,0.0
2026-05-11 22:10:00,F01,TRAP-A,23.48,88.41,11.24,3.01
2026-05-11 22:20:00,F01,TRAP-A,24.77,86.09,6.44,0.0
2026-05-11 22:30:00,F01,TRAP-A,24.21,83.42,7.63,0.0
2026-05-11 22:40:00,F01,TRAP-A,22.8,88.32,6.74,0.0
2026-05-11 22:50:00,F01,TRAP-A,24.87,85.9,6.94,0.0
2026-05-11 23:00:00,F01,TRAP-A,23.21,84.94,7.23,0.0
2026-05-11 23:10:00,F01,TRAP-A,23.02,85.95,8.13,0.0
2026-05-11 23:20:00,F01,TRAP-A,23.7,90.36,8.41,0.0
2026-05-11 23:30:00,F01,TRAP-A,24.33,93.35,9.03,0.0
2026-05-11 23:40:00,F01,TRAP-A,22.49,90.43,9.23,0.0
2026-05-11 23:50:00,F01,TRAP-A,23.24,91.22,12.27,2.59
2026-05-12 00:00:00,F01,TRAP-A,23.43,93.99,8.48,0.0
2026-05-12 00:10:00,F01,TRAP-A,23.55,87.48,8.71,0.0
2026-05-12 00:20:00,F01,TRAP-A,23.05,92.93,11.33,0.0
2026-05-12 00:30:00,F01,TRAP-A,22.54,91.86,11.09,0.0
2026-05-12 00:40:00,F01,TRAP-A,22.1,93.54,9.22,0.0
2026-05-12 00:50:00,F01,TRAP-A,22.77,91.12,14.62,0.0
2026-05-12 01:00:00,F01,TRAP-A,21.79,90.46,10.25,0.0
2026-05-12 01:10:00,F01,TRAP-A,20.26,93.01,10.59,0.0
2026-05-12 01:20:00,F01,TRAP-A,22.91,96.91,11.02,0.0
2026-05-12 01:30:00,F01,TRAP-A,23.26,95.03,10.72,0.0
2026-05-12 01:40:00,F01,TRAP-A,20.62,91.68,12.16,0.0
2026-05-12 01:50:00,F01,TRAP-A,21.7,89.64,11.34,0.0
2026-05-12 02:00:00,F01,TRAP-A,23.0,88.79,10.92,0.0
2026-05-12 02:10:00,F01,TRAP-A,24.15,96.27,17.21,0.0
2026-05-12 02:20:00,F01,TRAP-A,22.54,90.55,11.42,0.0
2026-05-12 02:30:00,F01,TRAP-A,21.96,92.05,14.05,0.0
2026-05-12 02:40:00,F01,TRAP-A,22.43,96.06,11.87,0.0
2026-05-12 02:50:00,F01,TRAP-A,23.71,88.59,12.43,0.0
2026-05-12 03:00:00,F01,TRAP-A,22.14,96.2,11.65,0.0
2026-05-12 03:10:00,F01,TRAP-A,22.08,91.65,15.15,0.0
2026-05-12 03:20:00,F01,TRAP-A,22.39,89.2,15.09,0.0
2026-05-12 03:30:00,F01,TRAP-A,22.09,91.21,11.25,0.0
2026-05-12 03:40:00,F01,TRAP-A,23.03,89.75,11.48,0.0
2026-05-12 03:50:00,F01,TRAP-A,24.32,92.37,19.05,0.0
2026-05-12 04:00:00,F01,TRAP-A,23.37,89.33,18.06,0.0
2026-05-12 04:10:00,F01,TRAP-A,23.02,85.83,13.67,0.0
2026-05-12 04:20:00,F01,TRAP-A,23.09,89.69,13.67,0.0
2026-05-12 04:30:00,F01,TRAP-A,22.19,86.46,16.72,0.0
2026-05-12 04:40:00,F01,TRAP-A,24.28,89.95,12.21,0.0
2026-05-12 04:50:00,F01,TRAP-A,23.64,86.04,15.0,0.0
2026-05-12 05:00:00,F01,TRAP-A,23.69,87.33,13.81,0.0
2026-05-12 05:10:00,F01,TRAP-A,26.53,88.53,15.99,0.0
2026-05-12 05:20:00,F01,TRAP-A,24.37,87.05,12.03,0.0
2026-05-12 05:30:00,F01,TRAP-A,23.68,87.69,14.66,0.0
2026-05-12 05:40:00,F01,TRAP-A,24.1,88.24,14.43,0.0
2026-05-12 05:50:00,F01,TRAP-A,25.52,83.1,17.51,0.0
2026-05-12 06:00:00,F01,TRAP-A,24.86,85.27,15.39,0.0
2026-05-12 06:10:00,F01,TRAP-A,23.79,76.53,18.36,0.0
2026-05-12 06:20:00,F01,TRAP-A,25.86,84.88,18.53,0.0
2026-05-12 06:30:00,F01,TRAP-A,24.77,82.91,13.54,0.0
2026-05-12 06:40:00,F01,TRAP-A,26.98,80.59,12.38,0.0
2026-05-12 06:50:00,F01,TRAP-A,26.53,83.22,14.89,0.0
2026-05-12 07:00:00,F01,TRAP-A,25.5,84.73,18.07,0.0
2026-05-12 07:10:00,F01,TRAP-A,27.07,79.98,12.04,0.0
2026-05-12 07:20:00,F01,TRAP-A,26.3,78.16,14.2,0.0
2026-05-12 07:30:00,F01,TRAP-A,27.12,80.29,12.05,0.0
2026-05-12 07:40:00,F01,TRAP-A,27.02,75.89,11.7,0.0
2026-05-12 07:50:00,F01,TRAP-A,26.15,76.92,14.95,0.0
2026-05-12 08:00:00,F01,TRAP-A,26.51,80.97,14.89,0.0
2026-05-12 08:10:00,F01,TRAP-A,28.04,77.42,14.12,0.0
2026-05-12 08:20:00,F01,TRAP-A,27.15,71.91,17.15,0.0
2026-05-12 08:30:00,F01,TRAP-A,27.29,71.47,11.41,0.0
2026-05-12 08:40:00,F01,TRAP-A,27.04,75.72,11.38,0.0
2026-05-12 08:50:00,F01,TRAP-A,28.34,76.83,16.93,0.0
2026-05-12 09:00:00,F01,TRAP-A,29.84,69.99,12.91,0.41
2026-05-12 09:10:00,F01,TRAP-A,27.52,74.53,11.64,0.0
2026-05-12 09:20:00,F01,TRAP-A,28.58,76.12,14.57,3.04
2026-05-12 09:30:00,F01,TRAP-A,29.87,76.9,17.16,0.0
2026-05-12 09:40:00,F01,TRAP-A,28.86,72.41,13.79,0.0
2026-05-12 09:50:00,F01,TRAP-A,29.46,72.27,14.84,0.0
2026-05-12 10:00:00,F01,TRAP-A,28.42,65.1,10.98,0.0
2026-05-12 10:10:00,F01,TRAP-A,29.78,75.12,10.85,0.0
2026-05-12 10:20:00,F01,TRAP-A,29.45,67.89,15.66,0.0
2026-05-12 10:30:00,F01,TRAP-A,30.55,66.47,12.37,0.0
2026-05-12 10:40:00,F01,TRAP-A,30.86,67.66,10.15,0.0
2026-05-12 10:50:00,F01,TRAP-A,32.13,71.58,11.41,0.0
2026-05-12 11:00:00,F01,TRAP-A,30.66,72.85,12.49,0.0
2026-05-12 11:10:00,F01,TRAP-A,30.6,67.2,9.58,0.0
2026-05-12 11:20:00,F01,TRAP-A,30.62,68.95,11.86,0.0
2026-05-12 11:30:00,F01,TRAP-A,30.3,66.16,8.63,0.0
2026-05-12 11:40:00,F01,TRAP-A,30.97,63.07,9.41,0.0
2026-05-12 11:50:00,F01,TRAP-A,30.57,69.0,11.51,0.0
2026-05-12 12:00:00,F01,TRAP-A,31.04,63.41,8.46,0.0
2026-05-12 12:10:00,F01,TRAP-A,32.06,68.5,8.56,0.0
2026-05-12 12:20:00,F01,TRAP-A,30.28,67.62,13.97,0.0
2026-05-12 12:30:00,F01,TRAP-A,32.08,65.65,10.82,0.0
2026-05-12 12:40:00,F01,TRAP-A,32.29,68.45,9.36,0.0
2026-05-12 12:50:00,F01,TRAP-A,31.2,69.25,7.82,0.0
2026-05-12 13:00:00,F01,TRAP-A,29.66,63.05,8.2,0.0
2026-05-12 13:10:00,F01,TRAP-A,30.91,61.32,9.34,0.0
2026-05-12 13:20:00,F01,TRAP-A,32.47,58.55,7.12,0.0
2026-05-12 13:30:00,F01,TRAP-A,31.45,68.73,8.42,0.0
2026-05-12 13:40:00,F01,TRAP-A,30.69,61.95,7.87,0.0
2026-05-12 13:50:00,F01,TRAP-A,31.09,65.85,8.08,0.0
2026-05-12 14:00:00,F01,TRAP-A,32.17,61.15,6.32,0.0
2026-05-12 14:10:00,F01,TRAP-A,31.93,66.86,6.17,0.0
2026-05-12 14:20:00,F01,TRAP-A,31.29,61.31,15.67,0.0
2026-05-12 14:30:00,F01,TRAP-A,31.16,60.16,17.19,0.0
2026-05-12 14:40:00,F01,TRAP-A,31.11,62.72,7.08,0.0
2026-05-12 14:50:00,F01,TRAP-A,30.65,62.04,9.95,0.0
2026-05-12 15:00:00,F01,TRAP-A,32.63,65.02,8.36,0.0
2026-05-12 15:10:00,F01,TRAP-A,31.03,63.59,5.41,0.0
2026-05-12 15:20:00,F01,TRAP-A,32.19,65.5,5.98,0.0
2026-05-12 15:30:00,F01,TRAP-A,32.36,63.45,5.94,0.0
2026-05-12 15:40:00,F01,TRAP-A,31.87,62.78,7.43,0.0
2026-05-12 15:50:00,F01,TRAP-A,30.63,63.28,7.22,0.0
2026-05-12 16:00:00,F01,TRAP-A,31.21,70.16,12.24,0.0
2026-05-12 16:10:00,F01,TRAP-A,30.76,65.96,9.12,0.0
2026-05-12 16:20:00,F01,TRAP-A,29.95,60.8,10.2,0.0
2026-05-12 16:30:00,F01,TRAP-A,30.81,64.85,10.95,0.0
2026-05-12 16:40:00,F01,TRAP-A,29.49,66.81,9.08,0.0
2026-05-12 16:50:00,F01,TRAP-A,31.25,71.61,5.39,0.0
2026-05-12 17:00:00,F01,TRAP-A,29.79,70.03,4.86,0.0
2026-05-12 17:10:00,F01,TRAP-A,30.18,65.62,6.63,0.0
2026-05-12 17:20:00,F01,TRAP-A,30.1,74.47,7.57,0.0
2026-05-12 17:30:00,F01,TRAP-A,29.51,68.86,5.5,0.0
2026-05-12 17:40:00,F01,TRAP-A,30.03,72.58,9.67,1.6
2026-05-12 17:50:00,F01,TRAP-A,29.02,67.13,13.7,0.0
2026-05-12 18:00:00,F01,TRAP-A,29.92,64.58,6.53,0.0
2026-05-12 18:10:00,F01,TRAP-A,27.98,67.63,5.83,0.0
2026-05-12 18:20:00,F01,TRAP-A,28.98,63.61,9.57,0.0
2026-05-12 18:30:00,F01,TRAP-A,30.25,77.62,4.11,0.0
2026-05-12 18:40:00,F01,TRAP-A,27.71,73.49,4.48,0.0
2026-05-12 18:50:00,F01,TRAP-A,27.79,71.26,9.71,0.0
2026-05-12 19:00:00,F01,TRAP-A,28.55,75.33,8.09,0.0
2026-05-12 19:10:00,F01,TRAP-A,28.09,75.31,5.81,0.0
2026-05-12 19:20:00,F01,TRAP-A,28.04,77.03,10.84,0.0
2026-05-12 19:30:00,F01,TRAP-A,27.95,79.15,5.61,0.0
2026-05-12 19:40:00,F01,TRAP-A,27.87,76.05,7.4,0.0
2026-05-12 19:50:00,F01,TRAP-A,28.06,75.23,7.48,0.0
2026-05-12 20:00:00,F01,TRAP-A,27.3,80.16,5.16,0.0
2026-05-12 20:10:00,F01,TRAP-A,26.58,80.75,5.64,0.0
2026-05-12 20:20:00,F01,TRAP-A,27.12,79.64,12.17,0.0
2026-05-12 20:30:00,F01,TRAP-A,27.91,85.49,5.45,0.0
2026-05-12 20:40:00,F01,TRAP-A,26.09,79.6,5.52,0.0
2026-05-12 20:50:00,F01,TRAP-A,25.22,79.08,7.03,0.0
2026-05-12 21:00:00,F01,TRAP-A,26.7,83.01,5.48,0.0
2026-05-12 21:10:00,F01,TRAP-A,25.53,80.91,12.07,0.0
2026-05-12 21:20:00,F01,TRAP-A,23.7,84.45,5.76,0.0
2026-05-12 21:30:00,F01,TRAP-A,25.93,81.74,8.46,0.0
2026-05-12 21:40:00,F01,TRAP-A,24.65,83.42,6.97,0.0
2026-05-12 21:50:00,F01,TRAP-A,24.83,89.73,10.76,0.0
2026-05-12 22:00:00,F01,TRAP-A,24.99,84.56,8.69,0.0
2026-05-12 22:10:00,F01,TRAP-A,24.71,84.14,7.65,0.0
2026-05-12 22:20:00,F01,TRAP-A,24.97,89.6,18.71,0.0
2026-05-12 22:30:00,F01,TRAP-A,23.89,84.57,6.7,0.0
2026-05-12 22:40:00,F01,TRAP-A,24.5,85.98,9.24,0.0
2026-05-12 22:50:00,F01,TRAP-A,23.73,89.64,20.51,0.0
2026-05-12 23:00:00,F01,TRAP-A,24.39,91.01,10.51,0.0
2026-05-12 23:10:00,F01,TRAP-A,24.16,92.17,11.2,0.0
2026-05-12 23:20:00,F01,TRAP-A,22.79,87.68,7.43,0.2
2026-05-12 23:30:00,F01,TRAP-A,24.28,91.44,7.57,0.0
2026-05-12 23:40:00,F01,TRAP-A,22.87,89.17,7.78,0.0
2026-05-12 23:50:00,F01,TRAP-A,23.84,89.18,22.23,0.0
2026-05-13 00:00:00,F01,TRAP-A,23.38,94.04,19.69,0.0
2026-05-13 00:10:00,F01,TRAP-A,24.47,89.97,9.42,0.0
2026-05-13 00:20:00,F01,TRAP-A,22.73,92.33,9.4,0.0
2026-05-13 00:30:00,F01,TRAP-A,22.55,92.28,9.02,0.0
2026-05-13 00:40:00,F01,TRAP-A,22.75,89.45,9.92,0.0
2026-05-13 00:50:00,F01,TRAP-A,22.46,94.75,10.28,0.0
2026-05-13 01:00:00,F01,TRAP-A,23.29,93.91,13.2,0.0
2026-05-13 01:10:00,F01,TRAP-A,21.31,87.7,15.26,0.0
2026-05-13 01:20:00,F01,TRAP-A,21.72,93.48,13.51,0.0
2026-05-13 01:30:00,F01,TRAP-A,21.68,90.95,12.67,0.0
2026-05-13 01:40:00,F01,TRAP-A,23.28,95.69,14.07,0.0
2026-05-13 01:50:00,F01,TRAP-A,23.87,89.38,13.89,0.0
2026-05-13 02:00:00,F01,TRAP-A,22.42,92.11,11.96,0.0
2026-05-13 02:10:00,F01,TRAP-A,22.37,93.89,11.4,0.0
2026-05-13 02:20:00,F01,TRAP-A,22.58,93.07,11.31,0.0
2026-05-13 02:30:00,F01,TRAP-A,23.47,94.77,13.87,0.0
2026-05-13 02:40:00,F01,TRAP-A,21.83,88.96,20.19,0.0
2026-05-13 02:50:00,F01,TRAP-A,22.8,96.75,13.33,0.0
2026-05-13 03:00:00,F01,TRAP-A,23.44,93.78,18.15,0.0
2026-05-13 03:10:00,F01,TRAP-A,23.12,95.68,11.01,0.0
2026-05-13 03:20:00,F01,TRAP-A,22.93,94.25,15.83,0.0
2026-05-13 03:30:00,F01,TRAP-A,23.65,91.8,16.95,0.0
2026-05-13 03:40:00,F01,TRAP-A,20.77,88.35,14.28,0.0
2026-05-13 03:50:00,F01,TRAP-A,23.56,89.86,19.54,0.0
2026-05-13 04:00:00,F01,TRAP-A,22.59,94.92,14.15,0.0
2026-05-13 04:10:00,F01,TRAP-A,21.75,94.07,12.38,0.0
2026-05-13 04:20:00,F01,TRAP-A,23.74,88.69,12.36,0.0
2026-05-13 04:30:00,F01,TRAP-A,24.55,82.8,14.14,0.0
2026-05-13 04:40:00,F01,TRAP-A,23.46,88.9,18.88,0.0
2026-05-13 04:50:00,F01,TRAP-A,24.46,88.28,12.05,0.0
2026-05-13 05:00:00,F01,TRAP-A,25.13,87.92,14.65,0.0
2026-05-13 05:10:00,F01,TRAP-A,25.03,89.39,16.32,0.0
2026-05-13 05:20:00,F01,TRAP-A,25.44,89.76,12.31,0.0
2026-05-13 05:30:00,F01,TRAP-A,24.88,89.54,12.34,0.0
2026-05-13 05:40:00,F01,TRAP-A,24.5,87.64,13.35,0.0
2026-05-13 05:50:00,F01,TRAP-A,23.32,81.48,12.96,0.33
2026-05-13 06:00:00,F01,TRAP-A,24.58,84.57,12.66,0.0
2026-05-13 06:10:00,F01,TRAP-A,24.27,90.61,12.66,0.0
2026-05-13 06:20:00,F01,TRAP-A,26.86,85.19,12.4,0.0
2026-05-13 06:30:00,F01,TRAP-A,25.16,84.58,14.79,3.66
2026-05-13 06:40:00,F01,TRAP-A,25.58,83.95,15.43,2.38
2026-05-13 06:50:00,F01,TRAP-A,26.11,83.46,15.54,0.0
2026-05-13 07:00:00,F01,TRAP-A,25.9,75.84,14.14,0.0
2026-05-13 07:10:00,F01,TRAP-A,27.41,80.56,20.97,0.0
2026-05-13 07:20:00,F01,TRAP-A,25.75,80.42,18.12,0.0
2026-05-13 07:30:00,F01,TRAP-A,26.59,83.07,21.17,0.0
2026-05-13 07:40:00,F01,TRAP-A,26.04,79.34,13.09,0.0
2026-05-13 07:50:00,F01,TRAP-A,25.77,74.45,17.84,0.0
2026-05-13 08:00:00,F01,TRAP-A,26.54,78.99,15.77,0.0
2026-05-13 08:10:00,F01,TRAP-A,27.19,75.25,12.61,0.0
2026-05-13 08:20:00,F01,TRAP-A,27.08,73.56,11.6,0.0
2026-05-13 08:30:00,F01,TRAP-A,27.06,73.87,14.6,0.0
2026-05-13 08:40:00,F01,TRAP-A,26.68,76.66,11.49,0.0
2026-05-13 08:50:00,F01,TRAP-A,27.93,77.81,11.98,0.0
2026-05-13 09:00:00,F01,TRAP-A,26.99,75.24,12.89,0.0
2026-05-13 09:10:00,F01,TRAP-A,28.99,74.98,14.1,0.0
2026-05-13 09:20:00,F01,TRAP-A,28.63,73.97,18.37,0.0
2026-05-13 09:30:00,F01,TRAP-A,27.58,72.43,13.11,0.0
2026-05-13 09:40:00,F01,TRAP-A,28.68,73.32,13.61,0.0
2026-05-13 09:50:00,F01,TRAP-A,28.5,64.95,11.24,0.0
2026-05-13 10:00:00,F01,TRAP-A,29.53,70.7,13.47,0.0
2026-05-13 10:10:00,F01,TRAP-A,30.51,67.25,11.55,0.0
2026-05-13 10:20:00,F01,TRAP-A,28.1,72.23,15.5,0.0
2026-05-13 10:30:00,F01,TRAP-A,29.85,68.43,11.0,0.0
2026-05-13 10:40:00,F01,TRAP-A,29.79,68.37,11.24,0.0
2026-05-13 10:50:00,F01,TRAP-A,30.6,64.04,10.88,0.0
2026-05-13 11:00:00,F01,TRAP-A,30.37,69.87,14.01,0.0
2026-05-13 11:10:00,F01,TRAP-A,29.73,68.45,18.06,0.0
2026-05-13 11:20:00,F01,TRAP-A,30.21,67.84,9.86,0.0
2026-05-13 11:30:00,F01,TRAP-A,29.95,64.01,10.43,0.0
2026-05-13 11:40:00,F01,TRAP-A,31.56,63.73,12.0,0.0
2026-05-13 11:50:00,F01,TRAP-A,30.83,65.86,14.92,0.0
2026-05-13 12:00:00,F01,TRAP-A,32.43,63.23,10.02,0.0
2026-05-13 12:10:00,F01,TRAP-A,30.96,65.74,8.15,0.0
2026-05-13 12:20:00,F01,TRAP-A,30.52,58.96,9.01,0.0
2026-05-13 12:30:00,F01,TRAP-A,29.96,62.89,9.85,0.0
2026-05-13 12:40:00,F01,TRAP-A,29.8,68.37,8.9,0.0
2026-05-13 12:50:00,F01,TRAP-A,30.03,64.77,7.73,0.0
2026-05-13 13:00:00,F01,TRAP-A,31.57,63.9,7.05,0.0
2026-05-13 13:10:00,F01,TRAP-A,31.81,68.3,10.26,0.0
2026-05-13 13:20:00,F01,TRAP-A,30.17,57.37,21.38,0.0
2026-05-13 13:30:00,F01,TRAP-A,32.18,61.08,13.99,0.0
2026-05-13 13:40:00,F01,TRAP-A,31.1,62.05,9.74,0.0
2026-05-13 13:50:00,F01,TRAP-A,31.61,65.16,11.66,0.0
2026-05-13 14:00:00,F01,TRAP-A,32.79,65.19,6.86,0.0
2026-05-13 14:10:00,F01,TRAP-A,32.21,60.85,8.75,0.0
2026-05-13 14:20:00,F01,TRAP-A,31.27,65.56,5.87,0.0
2026-05-13 14:30:00,F01,TRAP-A,30.74,62.13,9.23,0.0
2026-05-13 14:40:00,F01,TRAP-A,29.71,66.27,15.92,0.0
2026-05-13 14:50:00,F01,TRAP-A,30.81,60.79,11.2,0.0
2026-05-13 15:00:00,F01,TRAP-A,31.17,63.23,7.45,0.0
2026-05-13 15:10:00,F01,TRAP-A,30.49,62.5,9.7,0.0
2026-05-13 15:20:00,F01,TRAP-A,31.11,66.58,13.56,0.0
2026-05-13 15:30:00,F01,TRAP-A,31.21,62.87,5.54,0.0
2026-05-13 15:40:00,F01,TRAP-A,30.89,64.34,9.44,0.0
2026-05-13 15:50:00,F01,TRAP-A,30.46,66.0,5.56,0.0
2026-05-13 16:00:00,F01,TRAP-A,31.02,66.42,10.81,0.0
2026-05-13 16:10:00,F01,TRAP-A,31.13,67.62,4.75,0.0
2026-05-13 16:20:00,F01,TRAP-A,29.8,66.29,4.95,0.0
2026-05-13 16:30:00,F01,TRAP-A,31.68,65.11,8.12,0.0
2026-05-13 16:40:00,F01,TRAP-A,30.35,65.69,4.81,0.0
2026-05-13 16:50:00,F01,TRAP-A,30.31,67.07,4.69,0.0
2026-05-13 17:00:00,F01,TRAP-A,30.73,68.08,6.56,0.0
2026-05-13 17:10:00,F01,TRAP-A,30.21,67.57,9.49,0.0
2026-05-13 17:20:00,F01,TRAP-A,30.63,68.48,4.99,0.0
2026-05-13 17:30:00,F01,TRAP-A,29.95,65.15,9.55,0.0
2026-05-13 17:40:00,F01,TRAP-A,29.07,71.14,8.96,0.0
2026-05-13 17:50:00,F01,TRAP-A,29.68,70.47,6.6,0.0
2026-05-13 18:00:00,F01,TRAP-A,28.31,73.09,7.12,0.0
2026-05-13 18:10:00,F01,TRAP-A,29.14,71.16,4.13,0.0
2026-05-13 18:20:00,F01,TRAP-A,28.85,67.4,5.39,0.0
2026-05-13 18:30:00,F01,TRAP-A,28.53,71.45,4.95,0.0
2026-05-13 18:40:00,F01,TRAP-A,28.41,72.46,4.55,0.0
2026-05-13 18:50:00,F01,TRAP-A,26.82,75.44,5.58,0.0
2026-05-13 19:00:00,F01,TRAP-A,27.7,69.03,5.46,0.0
2026-05-13 19:10:00,F01,TRAP-A,28.02,74.95,8.11,0.0
2026-05-13 19:20:00,F01,TRAP-A,27.88,76.77,6.98,0.0
2026-05-13 19:30:00,F01,TRAP-A,26.74,74.48,11.64,0.0
2026-05-13 19:40:00,F01,TRAP-A,28.38,76.97,4.86,0.85
2026-05-13 19:50:00,F01,TRAP-A,26.48,75.87,4.65,0.0
2026-05-13 20:00:00,F01,TRAP-A,27.75,76.27,6.84,0.0
2026-05-13 20:10:00,F01,TRAP-A,27.12,77.73,4.64,0.0
2026-05-13 20:20:00,F01,TRAP-A,26.06,77.62,9.39,0.0
2026-05-13 20:30:00,F01,TRAP-A,27.81,81.76,6.96,0.0
2026-05-13 20:40:00,F01,TRAP-A,25.24,78.86,6.96,0.0
2026-05-13 20:50:00,F01,TRAP-A,26.73,79.08,6.42,0.0
2026-05-13 21:00:00,F01,TRAP-A,26.61,86.39,6.6,0.0
2026-05-13 21:10:00,F01,TRAP-A,25.08,85.0,7.01,0.0
2026-05-13 21:20:00,F01,TRAP-A,26.55,78.56,5.5,0.0
2026-05-13 21:30:00,F01,TRAP-A,25.05,81.91,5.85,0.0
2026-05-13 21:40:00,F01,TRAP-A,25.3,85.03,7.84,0.0
2026-05-13 21:50:00,F01,TRAP-A,25.11,85.82,6.36,0.0
2026-05-13 22:00:00,F01,TRAP-A,24.62,81.85,10.55,0.0
2026-05-13 22:10:00,F01,TRAP-A,25.21,89.04,7.14,0.0
2026-05-13 22:20:00,F01,TRAP-A,25.03,88.74,6.64,0.0
2026-05-13 22:30:00,F01,TRAP-A,22.84,88.41,7.3,0.0
2026-05-13 22:40:00,F01,TRAP-A,25.13,91.11,7.98,0.0
2026-05-13 22:50:00,F01,TRAP-A,22.61,89.33,6.93,0.0
2026-05-13 23:00:00,F01,TRAP-A,24.62,89.79,7.45,0.0
2026-05-13 23:10:00,F01,TRAP-A,24.56,93.02,8.33,0.0
2026-05-13 23:20:00,F01,TRAP-A,22.66,92.3,8.45,0.0
2026-05-13 23:30:00,F01,TRAP-A,23.08,87.85,12.34,0.0
2026-05-13 23:40:00,F01,TRAP-A,22.41,91.92,13.24,0.0
2026-05-13 23:50:00,F01,TRAP-A,23.02,89.04,8.5,0.0
2026-05-14 00:00:00,F01,TRAP-A,22.84,92.3,8.42,0.0
2026-05-14 00:10:00,F01,TRAP-A,23.62,92.54,11.22,0.0
2026-05-14 00:20:00,F01,TRAP-A,23.96,88.18,13.27,0.0
2026-05-14 00:30:00,F01,TRAP-A,23.95,91.59,18.5,0.0
2026-05-14 00:40:00,F01,TRAP-A,22.31,92.79,8.74,0.0
2026-05-14 00:50:00,F01,TRAP-A,22.53,91.24,10.49,0.0
2026-05-14 01:00:00,F01,TRAP-A,21.3,93.3,13.03,1.2
2026-05-14 01:10:00,F01,TRAP-A,21.96,94.68,14.52,0.0
2026-05-14 01:20:00,F01,TRAP-A,23.34,92.71,9.58,0.0
2026-05-14 01:30:00,F01,TRAP-A,23.83,93.45,12.98,0.0
2026-05-14 01:40:00,F01,TRAP-A,21.53,96.41,10.74,0.0
2026-05-14 01:50:00,F01,TRAP-A,22.03,94.17,10.1,0.0
2026-05-14 02:00:00,F01,TRAP-A,22.48,93.5,12.04,0.0
2026-05-14 02:10:00,F01,TRAP-A,22.73,90.59,10.69,0.0
2026-05-14 02:20:00,F01,TRAP-A,21.87,94.61,14.32,0.0
2026-05-14 02:30:00,F01,TRAP-A,22.88,93.68,14.51,0.0
2026-05-14 02:40:00,F01,TRAP-A,22.19,95.96,16.13,0.0
2026-05-14 02:50:00,F01,TRAP-A,22.6,92.74,12.14,0.0
2026-05-14 03:00:00,F01,TRAP-A,23.1,87.92,10.89,0.0
2026-05-14 03:10:00,F01,TRAP-A,22.72,88.03,11.87,0.0
2026-05-14 03:20:00,F01,TRAP-A,22.43,93.9,12.97,0.0
2026-05-14 03:30:00,F01,TRAP-A,22.77,90.4,14.74,0.0
2026-05-14 03:40:00,F01,TRAP-A,22.86,92.65,12.74,0.0
2026-05-14 03:50:00,F01,TRAP-A,22.73,91.55,13.69,0.0
2026-05-14 04:00:00,F01,TRAP-A,22.91,90.53,13.71,0.0
2026-05-14 04:10:00,F01,TRAP-A,24.5,90.36,12.1,0.0
2026-05-14 04:20:00,F01,TRAP-A,23.78,88.07,14.56,0.0
2026-05-14 04:30:00,F01,TRAP-A,23.21,89.8,13.44,0.0
2026-05-14 04:40:00,F01,TRAP-A,24.13,87.97,16.72,0.0
2026-05-14 04:50:00,F01,TRAP-A,23.43,88.06,15.34,0.0
2026-05-14 05:00:00,F01,TRAP-A,24.78,87.73,12.22,0.8
2026-05-14 05:10:00,F01,TRAP-A,24.28,87.5,13.92,0.0
2026-05-14 05:20:00,F01,TRAP-A,24.04,89.87,15.58,0.0
2026-05-14 05:30:00,F01,TRAP-A,24.64,86.73,12.24,0.0
2026-05-14 05:40:00,F01,TRAP-A,23.19,89.08,16.7,0.0
2026-05-14 05:50:00,F01,TRAP-A,23.71,89.82,12.75,0.0
2026-05-14 06:00:00,F01,TRAP-A,23.82,87.55,14.1,0.0
2026-05-14 06:10:00,F01,TRAP-A,25.06,86.18,20.46,0.0
2026-05-14 06:20:00,F01,TRAP-A,26.51,85.07,14.52,0.0
2026-05-14 06:30:00,F01,TRAP-A,27.09,85.81,13.62,0.0
2026-05-14 06:40:00,F01,TRAP-A,26.0,83.26,11.96,0.0
2026-05-14 06:50:00,F01,TRAP-A,26.08,84.88,12.33,0.0
2026-05-14 07:00:00,F01,TRAP-A,24.42,83.32,14.45,0.0
2026-05-14 07:10:00,F01,TRAP-A,25.62,80.25,13.85,0.0
2026-05-14 07:20:00,F01,TRAP-A,25.62,82.75,13.11,0.0
2026-05-14 07:30:00,F01,TRAP-A,25.94,80.09,19.39,0.0
2026-05-14 07:40:00,F01,TRAP-A,26.5,78.95,12.83,0.0
2026-05-14 07:50:00,F01,TRAP-A,26.46,77.37,13.85,0.0
2026-05-14 08:00:00,F01,TRAP-A,25.45,78.32,13.97,1.74
2026-05-14 08:10:00,F01,TRAP-A,27.82,79.74,13.61,0.0
2026-05-14 08:20:00,F01,TRAP-A,26.56,78.82,13.21,0.0
2026-05-14 08:30:00,F01,TRAP-A,27.81,76.83,12.39,0.0
2026-05-14 08:40:00,F01,TRAP-A,29.47,76.8,18.23,0.27
2026-05-14 08:50:00,F01,TRAP-A,27.27,77.84,12.73,0.0
2026-05-14 09:00:00,F01,TRAP-A,26.17,73.65,13.07,0.0
2026-05-14 09:10:00,F01,TRAP-A,28.15,70.61,13.89,0.0
2026-05-14 09:20:00,F01,TRAP-A,29.45,76.03,10.76,0.0
2026-05-14 09:30:00,F01,TRAP-A,30.32,70.85,14.97,0.0
2026-05-14 09:40:00,F01,TRAP-A,27.94,69.85,12.43,0.0
2026-05-14 09:50:00,F01,TRAP-A,29.5,66.5,13.34,0.0
2026-05-14 10:00:00,F01,TRAP-A,28.9,71.84,14.41,0.0
2026-05-14 10:10:00,F01,TRAP-A,29.36,65.8,16.04,0.0
2026-05-14 10:20:00,F01,TRAP-A,31.72,67.44,11.16,0.0
2026-05-14 10:30:00,F01,TRAP-A,28.56,70.26,14.51,0.0
2026-05-14 10:40:00,F01,TRAP-A,30.12,70.09,10.24,0.0
2026-05-14 10:50:00,F01,TRAP-A,30.44,66.16,12.42,0.0
2026-05-14 11:00:00,F01,TRAP-A,31.07,66.99,9.34,0.0
2026-05-14 11:10:00,F01,TRAP-A,30.42,64.69,8.9,0.0
2026-05-14 11:20:00,F01,TRAP-A,30.71,65.08,8.97,0.0
2026-05-14 11:30:00,F01,TRAP-A,30.27,66.71,9.65,0.07
2026-05-14 11:40:00,F01,TRAP-A,30.92,64.4,8.42,0.0
2026-05-14 11:50:00,F01,TRAP-A,30.54,64.69,11.14,0.0
2026-05-14 12:00:00,F01,TRAP-A,31.41,61.3,9.12,0.0
2026-05-14 12:10:00,F01,TRAP-A,30.71,67.48,11.8,0.0
2026-05-14 12:20:00,F01,TRAP-A,31.39,65.64,7.77,0.0
2026-05-14 12:30:00,F01,TRAP-A,31.15,66.09,8.18,0.0
2026-05-14 12:40:00,F01,TRAP-A,32.14,67.1,8.85,0.0
2026-05-14 12:50:00,F01,TRAP-A,31.26,61.6,8.56,0.0
2026-05-14 13:00:00,F01,TRAP-A,29.94,62.59,7.36,0.0
2026-05-14 13:10:00,F01,TRAP-A,32.41,58.6,22.19,0.0
2026-05-14 13:20:00,F01,TRAP-A,30.71,71.06,7.61,0.0
2026-05-14 13:30:00,F01,TRAP-A,30.94,62.74,10.27,0.0
2026-05-14 13:40:00,F01,TRAP-A,31.01,65.65,7.03,0.0
2026-05-14 13:50:00,F01,TRAP-A,32.6,59.91,12.44,0.0
2026-05-14 14:00:00,F01,TRAP-A,29.79,65.49,7.45,0.0
2026-05-14 14:10:00,F01,TRAP-A,34.0,67.66,12.76,0.0
2026-05-14 14:20:00,F01,TRAP-A,32.33,62.92,6.94,0.0
2026-05-14 14:30:00,F01,TRAP-A,31.64,60.61,5.57,0.0
2026-05-14 14:40:00,F01,TRAP-A,31.38,62.9,7.59,0.0
2026-05-14 14:50:00,F01,TRAP-A,31.62,57.81,7.51,0.0
2026-05-14 15:00:00,F01,TRAP-A,31.76,63.44,5.54,0.0
2026-05-14 15:10:00,F01,TRAP-A,31.8,65.78,5.84,0.0
2026-05-14 15:20:00,F01,TRAP-A,31.66,63.85,9.51,0.0
2026-05-14 15:30:00,F01,TRAP-A,31.22,63.47,4.92,0.0
2026-05-14 15:40:00,F01,TRAP-A,30.91,65.77,6.73,0.0
2026-05-14 15:50:00,F01,TRAP-A,30.86,66.25,6.88,0.0
2026-05-14 16:00:00,F01,TRAP-A,30.73,60.91,8.02,0.0
2026-05-14 16:10:00,F01,TRAP-A,31.69,65.62,4.55,0.0
2026-05-14 16:20:00,F01,TRAP-A,31.14,71.86,7.01,0.0
2026-05-14 16:30:00,F01,TRAP-A,28.2,62.82,4.3,0.0
2026-05-14 16:40:00,F01,TRAP-A,30.95,66.36,5.16,0.0
2026-05-14 16:50:00,F01,TRAP-A,30.45,71.86,6.25,0.0
2026-05-14 17:00:00,F01,TRAP-A,30.15,70.22,11.4,0.0
2026-05-14 17:10:00,F01,TRAP-A,29.71,66.66,4.5,0.0
2026-05-14 17:20:00,F01,TRAP-A,30.77,68.95,4.61,0.0
2026-05-14 17:30:00,F01,TRAP-A,30.47,68.94,7.35,0.0
2026-05-14 17:40:00,F01,TRAP-A,28.94,67.61,5.42,0.0
2026-05-14 17:50:00,F01,TRAP-A,29.72,69.84,6.93,0.0
2026-05-14 18:00:00,F01,TRAP-A,28.45,69.89,21.92,0.0
2026-05-14 18:10:00,F01,TRAP-A,27.95,71.44,17.0,0.0
2026-05-14 18:20:00,F01,TRAP-A,28.37,69.88,5.33,0.0
2026-05-14 18:30:00,F01,TRAP-A,29.38,69.16,6.14,0.0
2026-05-14 18:40:00,F01,TRAP-A,29.27,72.86,11.12,0.0
2026-05-14 18:50:00,F01,TRAP-A,28.73,77.87,4.39,0.0
2026-05-14 19:00:00,F01,TRAP-A,28.72,74.42,5.95,0.0
2026-05-14 19:10:00,F01,TRAP-A,28.36,74.02,5.62,0.0
2026-05-14 19:20:00,F01,TRAP-A,27.24,77.38,5.3,0.0
2026-05-14 19:30:00,F01,TRAP-A,27.9,75.75,19.77,0.0
2026-05-14 19:40:00,F01,TRAP-A,28.0,81.46,8.35,0.0
2026-05-14 19:50:00,F01,TRAP-A,27.77,77.44,5.94,0.0
2026-05-14 20:00:00,F01,TRAP-A,27.92,79.85,9.85,0.0
2026-05-14 20:10:00,F01,TRAP-A,27.34,76.87,6.66,0.26
2026-05-14 20:20:00,F01,TRAP-A,26.86,80.67,10.93,0.0
2026-05-14 20:30:00,F01,TRAP-A,27.24,80.75,5.77,0.0
2026-05-14 20:40:00,F01,TRAP-A,26.17,80.56,5.71,0.0
2026-05-14 20:50:00,F01,TRAP-A,25.29,80.09,5.92,0.0
2026-05-14 21:00:00,F01,TRAP-A,25.68,80.38,7.51,6.69
2026-05-14 21:10:00,F01,TRAP-A,25.02,83.31,6.35,0.0
2026-05-14 21:20:00,F01,TRAP-A,24.89,84.8,5.93,0.0
2026-05-14 21:30:00,F01,TRAP-A,25.13,83.52,21.27,0.0
2026-05-14 21:40:00,F01,TRAP-A,24.44,85.15,12.65,0.0
2026-05-14 21:50:00,F01,TRAP-A,24.65,84.92,8.9,0.0
2026-05-14 22:00:00,F01,TRAP-A,23.21,85.83,12.69,0.0
2026-05-14 22:10:00,F01,TRAP-A,24.73,85.64,14.4,0.0
2026-05-14 22:20:00,F01,TRAP-A,24.4,86.73,9.72,0.0
2026-05-14 22:30:00,F01,TRAP-A,23.58,93.96,8.69,0.0
2026-05-14 22:40:00,F01,TRAP-A,24.61,88.5,13.07,0.0
2026-05-14 22:50:00,F01,TRAP-A,24.69,89.82,9.34,0.0
2026-05-14 23:00:00,F01,TRAP-A,22.51,89.77,7.4,0.0
2026-05-14 23:10:00,F01,TRAP-A,23.05,88.47,8.53,0.0
2026-05-14 23:20:00,F01,TRAP-A,22.92,92.79,9.1,0.0
2026-05-14 23:30:00,F01,TRAP-A,22.66,89.23,15.72,0.0
2026-05-14 23:40:00,F01,TRAP-A,23.96,92.98,10.91,0.0
2026-05-14 23:50:00,F01,TRAP-A,23.03,89.87,14.1,0.0
2026-05-15 00:00:00,F01,TRAP-A,22.88,88.64,12.28,0.0
2026-05-15 00:10:00,F01,TRAP-A,21.39,92.27,9.31,0.0
2026-05-15 00:20:00,F01,TRAP-A,23.42,88.88,12.18,1.92
2026-05-15 00:30:00,F01,TRAP-A,21.84,93.24,9.2,0.0
2026-05-15 00:40:00,F01,TRAP-A,22.81,89.14,10.29,0.0
2026-05-15 00:50:00,F01,TRAP-A,22.92,91.54,13.81,0.0
2026-05-15 01:00:00,F01,TRAP-A,23.73,88.94,11.9,0.0
2026-05-15 01:10:00,F01,TRAP-A,21.55,98.0,14.46,0.0
2026-05-15 01:20:00,F01,TRAP-A,20.15,88.65,10.28,0.0
2026-05-15 01:30:00,F01,TRAP-A,22.68,92.91,13.71,0.0
2026-05-15 01:40:00,F01,TRAP-A,23.95,95.81,10.39,0.0
2026-05-15 01:50:00,F01,TRAP-A,23.49,95.58,12.24,0.0
2026-05-15 02:00:00,F01,TRAP-A,22.67,95.13,11.73,0.0
2026-05-15 02:10:00,F01,TRAP-A,22.11,92.19,12.61,0.05
2026-05-15 02:20:00,F01,TRAP-A,23.17,96.31,10.75,0.0
2026-05-15 02:30:00,F01,TRAP-A,21.76,95.14,11.8,0.0
2026-05-15 02:40:00,F01,TRAP-A,22.95,93.28,13.89,0.0
2026-05-15 02:50:00,F01,TRAP-A,23.02,93.22,13.18,0.0
2026-05-15 03:00:00,F01,TRAP-A,23.51,91.7,13.24,0.0
2026-05-15 03:10:00,F01,TRAP-A,24.93,90.0,13.11,0.0
2026-05-15 03:20:00,F01,TRAP-A,23.1,95.15,19.72,0.0
2026-05-15 03:30:00,F01,TRAP-A,22.45,95.1,19.37,0.0
2026-05-15 03:40:00,F01,TRAP-A,22.91,89.34,12.63,0.0
2026-05-15 03:50:00,F01,TRAP-A,21.61,90.87,12.69,0.0
2026-05-15 04:00:00,F01,TRAP-A,22.56,90.58,13.91,0.0
2026-05-15 04:10:00,F01,TRAP-A,22.89,90.51,11.86,0.0
2026-05-15 04:20:00,F01,TRAP-A,22.91,90.39,12.72,0.0
2026-05-15 04:30:00,F01,TRAP-A,23.57,92.2,12.49,0.0
2026-05-15 04:40:00,F01,TRAP-A,22.91,87.56,12.53,0.0
2026-05-15 04:50:00,F01,TRAP-A,24.6,86.87,14.88,0.0
2026-05-15 05:00:00,F01,TRAP-A,23.84,91.62,13.33,1.51
2026-05-15 05:10:00,F01,TRAP-A,23.98,86.9,12.47,0.0
2026-05-15 05:20:00,F01,TRAP-A,23.87,84.4,18.5,0.0
2026-05-15 05:30:00,F01,TRAP-A,24.41,85.84,18.19,0.0
2026-05-15 05:40:00,F01,TRAP-A,25.1,85.69,17.94,0.0
2026-05-15 05:50:00,F01,TRAP-A,23.91,89.86,13.48,0.83
2026-05-15 06:00:00,F01,TRAP-A,24.25,87.72,12.18,0.0
2026-05-15 06:10:00,F01,TRAP-A,24.71,87.7,12.33,0.0
2026-05-15 06:20:00,F01,TRAP-A,24.05,86.3,12.95,0.0
2026-05-15 06:30:00,F01,TRAP-A,24.65,86.01,12.71,0.0
2026-05-15 06:40:00,F01,TRAP-A,25.11,81.31,18.15,0.49
2026-05-15 06:50:00,F01,TRAP-A,26.38,81.91,24.78,0.0
2026-05-15 07:00:00,F01,TRAP-A,26.08,79.31,16.95,0.0
2026-05-15 07:10:00,F01,TRAP-A,26.21,80.62,15.73,0.0
2026-05-15 07:20:00,F01,TRAP-A,26.93,82.21,14.41,0.0
2026-05-15 07:30:00,F01,TRAP-A,26.33,80.19,16.09,0.0
2026-05-15 07:40:00,F01,TRAP-A,26.95,82.48,20.43,0.0
2026-05-15 07:50:00,F01,TRAP-A,26.75,75.7,14.29,0.0
2026-05-15 08:00:00,F01,TRAP-A,27.24,79.15,11.95,0.0
2026-05-15 08:10:00,F01,TRAP-A,26.76,74.12,11.9,0.0
2026-05-15 08:20:00,F01,TRAP-A,25.47,76.82,13.89,0.0
2026-05-15 08:30:00,F01,TRAP-A,27.51,77.79,12.37,0.0
2026-05-15 08:40:00,F01,TRAP-A,28.95,74.76,18.28,0.0
2026-05-15 08:50:00,F01,TRAP-A,28.75,76.03,13.77,0.0
2026-05-15 09:00:00,F01,TRAP-A,28.97,71.62,14.19,0.0
2026-05-15 09:10:00,F01,TRAP-A,29.37,69.23,10.7,0.0
2026-05-15 09:20:00,F01,TRAP-A,28.64,74.16,12.62,0.0
2026-05-15 09:30:00,F01,TRAP-A,28.91,76.52,12.11,0.0
2026-05-15 09:40:00,F01,TRAP-A,28.44,69.08,13.94,0.0
2026-05-15 09:50:00,F01,TRAP-A,28.85,74.04,11.57,0.0
2026-05-15 10:00:00,F01,TRAP-A,29.77,70.52,21.24,0.0
2026-05-15 10:10:00,F01,TRAP-A,30.41,66.51,13.15,0.0
2026-05-15 10:20:00,F01,TRAP-A,29.5,66.48,12.9,0.0
2026-05-15 10:30:00,F01,TRAP-A,29.4,68.82,17.06,9.0
2026-05-15 10:40:00,F01,TRAP-A,29.92,67.27,25.36,0.0
2026-05-15 10:50:00,F01,TRAP-A,30.54,64.51,9.84,0.0
2026-05-15 11:00:00,F01,TRAP-A,29.05,63.08,14.0,0.0
2026-05-15 11:10:00,F01,TRAP-A,28.5,64.75,9.37,0.0
2026-05-15 11:20:00,F01,TRAP-A,30.03,66.93,10.5,0.0
2026-05-15 11:30:00,F01,TRAP-A,29.61,66.02,8.81,0.0
2026-05-15 11:40:00,F01,TRAP-A,30.3,64.4,11.25,0.0
2026-05-15 11:50:00,F01,TRAP-A,30.69,65.8,10.04,0.0
2026-05-15 12:00:00,F01,TRAP-A,30.55,67.56,10.94,0.0
2026-05-15 12:10:00,F01,TRAP-A,32.17,65.63,11.2,0.0
2026-05-15 12:20:00,F01,TRAP-A,31.35,64.06,10.52,0.0
2026-05-15 12:30:00,F01,TRAP-A,31.41,66.42,8.49,0.0
2026-05-15 12:40:00,F01,TRAP-A,31.74,61.47,12.72,0.0
2026-05-15 12:50:00,F01,TRAP-A,30.39,63.1,9.51,0.0
2026-05-15 13:00:00,F01,TRAP-A,32.19,62.98,8.96,0.0
2026-05-15 13:10:00,F01,TRAP-A,31.34,60.24,19.81,0.0
2026-05-15 13:20:00,F01,TRAP-A,31.97,62.16,7.61,0.0
2026-05-15 13:30:00,F01,TRAP-A,30.61,57.93,8.7,0.0
2026-05-15 13:40:00,F01,TRAP-A,30.24,67.83,9.72,0.0
2026-05-15 13:50:00,F01,TRAP-A,32.15,60.67,6.53,0.0
2026-05-15 14:00:00,F01,TRAP-A,31.8,66.97,7.29,0.0
2026-05-15 14:10:00,F01,TRAP-A,30.77,63.11,10.68,5.71
2026-05-15 14:20:00,F01,TRAP-A,30.78,64.48,6.49,0.0
2026-05-15 14:30:00,F01,TRAP-A,32.36,61.92,7.58,5.17
2026-05-15 14:40:00,F01,TRAP-A,30.47,63.77,8.4,0.0
2026-05-15 14:50:00,F01,TRAP-A,32.7,65.01,8.61,0.0
2026-05-15 15:00:00,F01,TRAP-A,30.62,65.2,9.06,0.0
2026-05-15 15:10:00,F01,TRAP-A,31.79,65.66,11.06,0.0
2026-05-15 15:20:00,F01,TRAP-A,30.95,63.02,6.41,0.0
2026-05-15 15:30:00,F01,TRAP-A,31.63,62.98,8.49,0.0
2026-05-15 15:40:00,F01,TRAP-A,30.63,60.47,8.66,0.0
2026-05-15 15:50:00,F01,TRAP-A,30.85,66.05,5.68,0.0
2026-05-15 16:00:00,F01,TRAP-A,30.91,67.77,14.86,0.0
2026-05-15 16:10:00,F01,TRAP-A,29.98,69.45,10.45,0.0
2026-05-15 16:20:00,F01,TRAP-A,31.26,66.54,5.39,0.0
2026-05-15 16:30:00,F01,TRAP-A,30.14,64.25,7.67,0.0
2026-05-15 16:40:00,F01,TRAP-A,30.24,62.34,8.03,0.0
2026-05-15 16:50:00,F01,TRAP-A,29.5,69.62,5.87,0.0
2026-05-15 17:00:00,F01,TRAP-A,28.11,62.98,10.11,0.0
2026-05-15 17:10:00,F01,TRAP-A,29.86,67.09,7.6,0.0
2026-05-15 17:20:00,F01,TRAP-A,31.8,67.88,7.28,0.0
2026-05-15 17:30:00,F01,TRAP-A,30.34,68.78,4.78,0.0
2026-05-15 17:40:00,F01,TRAP-A,29.54,69.57,5.58,0.0
2026-05-15 17:50:00,F01,TRAP-A,29.18,70.38,5.71,0.0
2026-05-15 18:00:00,F01,TRAP-A,29.24,64.55,7.97,0.0
2026-05-15 18:10:00,F01,TRAP-A,29.49,71.21,6.9,0.0
2026-05-15 18:20:00,F01,TRAP-A,27.93,66.18,4.29,0.0
2026-05-15 18:30:00,F01,TRAP-A,29.58,74.19,5.14,0.0
2026-05-15 18:40:00,F01,TRAP-A,29.08,71.58,5.99,0.0
2026-05-15 18:50:00,F01,TRAP-A,28.9,68.2,8.1,0.0
2026-05-15 19:00:00,F01,TRAP-A,28.48,72.19,8.23,0.0
2026-05-15 19:10:00,F01,TRAP-A,27.96,73.43,6.22,0.0
2026-05-15 19:20:00,F01,TRAP-A,28.29,78.48,4.62,0.0
2026-05-15 19:30:00,F01,TRAP-A,28.03,76.64,5.36,0.0
2026-05-15 19:40:00,F01,TRAP-A,27.08,77.66,5.27,0.0
2026-05-15 19:50:00,F01,TRAP-A,26.71,80.41,9.02,0.0
2026-05-15 20:00:00,F01,TRAP-A,27.05,77.87,5.15,0.0
2026-05-15 20:10:00,F01,TRAP-A,28.01,80.65,6.52,0.0
2026-05-15 20:20:00,F01,TRAP-A,25.58,81.12,8.07,0.0
2026-05-15 20:30:00,F01,TRAP-A,25.21,76.85,14.88,0.0
2026-05-15 20:40:00,F01,TRAP-A,26.32,84.39,26.5,0.0
2026-05-15 20:50:00,F01,TRAP-A,26.04,77.8,14.24,0.0
2026-05-15 21:00:00,F01,TRAP-A,25.94,84.28,8.99,0.0
2026-05-15 21:10:00,F01,TRAP-A,25.81,78.82,9.44,0.0
2026-05-15 21:20:00,F01,TRAP-A,25.25,84.74,9.72,0.0
2026-05-15 21:30:00,F01,TRAP-A,26.44,88.49,11.54,0.0
2026-05-15 21:40:00,F01,TRAP-A,23.79,83.9,14.83,0.0
2026-05-15 21:50:00,F01,TRAP-A,24.23,84.38,7.65,0.0
2026-05-15 22:00:00,F01,TRAP-A,24.64,87.12,7.64,0.0
2026-05-15 22:10:00,F01,TRAP-A,23.24,85.33,8.03,0.0
2026-05-15 22:20:00,F01,TRAP-A,24.25,91.24,9.57,0.0
2026-05-15 22:30:00,F01,TRAP-A,25.56,87.7,10.98,0.0
2026-05-15 22:40:00,F01,TRAP-A,24.1,86.92,12.79,0.0
2026-05-15 22:50:00,F01,TRAP-A,24.12,86.86,8.65,0.0
2026-05-15 23:00:00,F01,TRAP-A,22.79,86.35,8.35,0.0
2026-05-15 23:10:00,F01,TRAP-A,23.17,87.56,19.45,0.0
2026-05-15 23:20:00,F01,TRAP-A,23.23,88.68,8.13,0.0
2026-05-15 23:30:00,F01,TRAP-A,23.16,88.75,8.26,0.0
2026-05-15 23:40:00,F01,TRAP-A,24.32,88.7,11.45,0.0
2026-05-15 23:50:00,F01,TRAP-A,23.63,95.96,8.45,0.0
2026-05-16 00:00:00,F01,TRAP-A,22.2,88.47,9.56,0.0
2026-05-16 00:10:00,F01,TRAP-A,23.19,91.72,9.24,0.0
2026-05-16 00:20:00,F01,TRAP-A,23.31,93.12,8.93,0.0
2026-05-16 00:30:00,F01,TRAP-A,23.74,93.47,11.15,0.0
2026-05-16 00:40:00,F01,TRAP-A,24.02,91.99,10.13,0.0
2026-05-16 00:50:00,F01,TRAP-A,21.89,91.74,10.76,1.06
2026-05-16 01:00:00,F01,TRAP-A,22.0,93.65,9.72,0.0
2026-05-16 01:10:00,F01,TRAP-A,21.59,93.33,13.61,0.23
2026-05-16 01:20:00,F01,TRAP-A,22.38,92.14,10.53,0.0
2026-05-16 01:30:00,F01,TRAP-A,22.91,88.98,10.82,0.0
2026-05-16 01:40:00,F01,TRAP-A,23.3,91.78,10.59,0.0
2026-05-16 01:50:00,F01,TRAP-A,22.44,90.12,11.58,0.0
2026-05-16 02:00:00,F01,TRAP-A,22.24,91.33,11.89,0.0
2026-05-16 02:10:00,F01,TRAP-A,22.63,93.06,12.44,0.0
2026-05-16 02:20:00,F01,TRAP-A,21.85,93.83,20.6,0.0
2026-05-16 02:30:00,F01,TRAP-A,24.21,97.31,17.51,0.0
2026-05-16 02:40:00,F01,TRAP-A,21.29,91.41,13.41,0.0
2026-05-16 02:50:00,F01,TRAP-A,22.76,94.56,10.84,0.0
2026-05-16 03:00:00,F01,TRAP-A,24.28,93.22,13.69,0.0
2026-05-16 03:10:00,F01,TRAP-A,22.72,95.51,11.25,0.0
2026-05-16 03:20:00,F01,TRAP-A,22.63,93.5,14.8,0.0
2026-05-16 03:30:00,F01,TRAP-A,22.57,89.29,12.67,0.0
2026-05-16 03:40:00,F01,TRAP-A,22.79,87.24,16.75,0.0
2026-05-16 03:50:00,F01,TRAP-A,24.12,92.03,19.96,0.0
2026-05-16 04:00:00,F01,TRAP-A,21.35,89.61,13.1,0.0
2026-05-16 04:10:00,F01,TRAP-A,24.45,88.14,13.41,0.0
2026-05-16 04:20:00,F01,TRAP-A,22.19,87.05,14.31,0.0
2026-05-16 04:30:00,F01,TRAP-A,23.24,90.24,12.37,0.0
2026-05-16 04:40:00,F01,TRAP-A,23.23,93.19,19.63,0.0
2026-05-16 04:50:00,F01,TRAP-A,24.18,87.96,13.53,0.0
2026-05-16 05:00:00,F01,TRAP-A,22.56,90.0,12.42,0.0
2026-05-16 05:10:00,F01,TRAP-A,24.35,87.8,16.23,0.0
2026-05-16 05:20:00,F01,TRAP-A,25.75,84.33,12.69,0.0
2026-05-16 05:30:00,F01,TRAP-A,23.2,88.88,12.43,1.17
2026-05-16 05:40:00,F01,TRAP-A,24.6,83.78,14.47,0.0
2026-05-16 05:50:00,F01,TRAP-A,24.08,86.02,15.34,0.0
2026-05-16 06:00:00,F01,TRAP-A,25.12,84.55,14.53,0.0
2026-05-16 06:10:00,F01,TRAP-A,24.97,87.06,15.2,0.0
2026-05-16 06:20:00,F01,TRAP-A,24.62,81.59,12.35,0.0
2026-05-16 06:30:00,F01,TRAP-A,25.7,84.61,13.9,0.0
2026-05-16 06:40:00,F01,TRAP-A,26.94,80.93,13.26,0.0
2026-05-16 06:50:00,F01,TRAP-A,25.53,81.13,22.78,0.0
2026-05-16 07:00:00,F01,TRAP-A,26.44,72.69,12.01,0.0
2026-05-16 07:10:00,F01,TRAP-A,25.02,86.37,12.87,0.0
2026-05-16 07:20:00,F01,TRAP-A,25.49,81.87,20.28,0.0
2026-05-16 07:30:00,F01,TRAP-A,26.82,77.93,24.0,0.0
2026-05-16 07:40:00,F01,TRAP-A,27.83,76.38,16.84,0.0
2026-05-16 07:50:00,F01,TRAP-A,27.12,77.3,11.77,0.0
2026-05-16 08:00:00,F01,TRAP-A,26.78,79.68,13.92,0.0
2026-05-16 08:10:00,F01,TRAP-A,27.23,72.5,12.89,0.0
2026-05-16 08:20:00,F01,TRAP-A,26.43,76.23,16.19,0.0
2026-05-16 08:30:00,F01,TRAP-A,28.1,80.36,11.32,0.0
2026-05-16 08:40:00,F01,TRAP-A,28.52,72.45,11.7,0.0
2026-05-16 08:50:00,F01,TRAP-A,27.65,74.85,12.94,0.0
2026-05-16 09:00:00,F01,TRAP-A,27.82,79.52,11.32,0.0
2026-05-16 09:10:00,F01,TRAP-A,28.6,74.96,14.22,0.0
2026-05-16 09:20:00,F01,TRAP-A,28.22,73.08,15.71,0.0
2026-05-16 09:30:00,F01,TRAP-A,28.7,73.42,14.07,0.0
2026-05-16 09:40:00,F01,TRAP-A,30.61,70.56,12.01,0.0
2026-05-16 09:50:00,F01,TRAP-A,28.91,74.22,16.44,0.0
2026-05-16 10:00:00,F01,TRAP-A,28.99,69.4,10.42,0.0
2026-05-16 10:10:00,F01,TRAP-A,28.93,64.95,10.73,0.0
2026-05-16 10:20:00,F01,TRAP-A,30.2,68.33,11.68,0.0
2026-05-16 10:30:00,F01,TRAP-A,29.62,66.36,9.69,0.0
2026-05-16 10:40:00,F01,TRAP-A,29.4,67.57,9.64,0.28
2026-05-16 10:50:00,F01,TRAP-A,31.12,67.14,10.69,0.0
2026-05-16 11:00:00,F01,TRAP-A,31.34,70.31,17.65,0.0
2026-05-16 11:10:00,F01,TRAP-A,29.86,68.6,16.01,0.0
2026-05-16 11:20:00,F01,TRAP-A,28.98,67.1,10.55,0.0
2026-05-16 11:30:00,F01,TRAP-A,31.4,66.02,8.95,0.0
2026-05-16 11:40:00,F01,TRAP-A,30.16,63.0,8.91,0.0
2026-05-16 11:50:00,F01,TRAP-A,31.45,59.84,9.57,0.0
2026-05-16 12:00:00,F01,TRAP-A,29.34,65.24,8.68,0.0
2026-05-16 12:10:00,F01,TRAP-A,31.72,66.63,8.06,0.0
2026-05-16 12:20:00,F01,TRAP-A,30.12,64.09,10.98,0.0
2026-05-16 12:30:00,F01,TRAP-A,31.75,62.76,10.06,0.0
2026-05-16 12:40:00,F01,TRAP-A,31.25,65.03,8.31,0.0
2026-05-16 12:50:00,F01,TRAP-A,30.54,63.45,11.63,0.0
2026-05-16 13:00:00,F01,TRAP-A,31.03,67.7,11.42,0.0
2026-05-16 13:10:00,F01,TRAP-A,31.95,66.41,8.79,0.0
2026-05-16 13:20:00,F01,TRAP-A,31.52,65.61,6.91,0.0
2026-05-16 13:30:00,F01,TRAP-A,31.93,65.01,13.96,0.0
2026-05-16 13:40:00,F01,TRAP-A,33.07,59.82,9.6,0.0
2026-05-16 13:50:00,F01,TRAP-A,30.25,64.67,6.98,0.0
2026-05-16 14:00:00,F01,TRAP-A,32.79,63.94,8.8,0.0
2026-05-16 14:10:00,F01,TRAP-A,31.58,64.54,7.38,0.0
2026-05-16 14:20:00,F01,TRAP-A,30.76,64.3,8.71,0.0
2026-05-16 14:30:00,F01,TRAP-A,30.39,64.28,7.47,0.0
2026-05-16 14:40:00,F01,TRAP-A,31.27,70.0,7.4,0.0
2026-05-16 14:50:00,F01,TRAP-A,32.12,63.19,9.27,0.0
2026-05-16 15:00:00,F01,TRAP-A,31.24,65.88,8.0,0.0
2026-05-16 15:10:00,F01,TRAP-A,32.49,62.55,5.28,0.0
2026-05-16 15:20:00,F01,TRAP-A,30.06,65.92,5.12,0.0
2026-05-16 15:30:00,F01,TRAP-A,31.13,66.53,5.9,0.0
2026-05-16 15:40:00,F01,TRAP-A,30.06,65.36,6.39,0.0
2026-05-16 15:50:00,F01,TRAP-A,31.27,68.92,5.58,0.0
2026-05-16 16:00:00,F01,TRAP-A,31.59,62.86,7.68,0.0
2026-05-16 16:10:00,F01,TRAP-A,30.44,64.19,5.09,0.0
2026-05-16 16:20:00,F01,TRAP-A,28.58,66.31,8.02,0.0
2026-05-16 16:30:00,F01,TRAP-A,30.71,68.37,8.74,0.0
2026-05-16 16:40:00,F01,TRAP-A,30.77,67.03,4.63,0.0
2026-05-16 16:50:00,F01,TRAP-A,30.62,70.23,7.33,0.0
2026-05-16 17:00:00,F01,TRAP-A,31.15,65.82,13.89,0.0
2026-05-16 17:10:00,F01,TRAP-A,29.16,65.1,4.73,0.0
2026-05-16 17:20:00,F01,TRAP-A,30.41,69.22,11.26,0.0
2026-05-16 17:30:00,F01,TRAP-A,30.67,68.77,6.82,0.0
2026-05-16 17:40:00,F01,TRAP-A,28.13,70.85,6.69,0.0
2026-05-16 17:50:00,F01,TRAP-A,29.64,69.97,4.16,0.0
2026-05-16 18:00:00,F01,TRAP-A,28.82,69.75,8.14,0.0
2026-05-16 18:10:00,F01,TRAP-A,28.98,70.99,5.96,0.0
2026-05-16 18:20:00,F01,TRAP-A,29.15,71.84,7.85,0.0
2026-05-16 18:30:00,F01,TRAP-A,28.3,71.6,9.01,0.0
2026-05-16 18:40:00,F01,TRAP-A,27.97,72.47,6.29,0.0
2026-05-16 18:50:00,F01,TRAP-A,28.35,72.59,5.02,0.0
2026-05-16 19:00:00,F01,TRAP-A,27.26,76.37,4.6,0.0
2026-05-16 19:10:00,F01,TRAP-A,27.07,75.35,4.72,0.0
2026-05-16 19:20:00,F01,TRAP-A,28.29,81.15,10.3,0.0
2026-05-16 19:30:00,F01,TRAP-A,26.63,76.56,4.71,0.0
2026-05-16 19:40:00,F01,TRAP-A,27.89,75.43,5.84,0.0
2026-05-16 19:50:00,F01,TRAP-A,27.53,84.14,5.69,0.0
2026-05-16 20:00:00,F01,TRAP-A,25.58,79.15,10.57,0.0
2026-05-16 20:10:00,F01,TRAP-A,26.23,81.24,6.59,0.0
2026-05-16 20:20:00,F01,TRAP-A,27.53,80.9,21.66,0.0
2026-05-16 20:30:00,F01,TRAP-A,25.59,81.63,8.85,0.0
2026-05-16 20:40:00,F01,TRAP-A,25.81,82.06,10.67,0.0
2026-05-16 20:50:00,F01,TRAP-A,26.36,78.6,5.38,0.0
2026-05-16 21:00:00,F01,TRAP-A,26.43,82.91,6.07,0.0
2026-05-16 21:10:00,F01,TRAP-A,25.41,79.31,5.76,0.0
2026-05-16 21:20:00,F01,TRAP-A,24.95,82.8,7.32,0.0
2026-05-16 21:30:00,F01,TRAP-A,26.38,82.03,9.39,0.0
2026-05-16 21:40:00,F01,TRAP-A,26.46,85.34,6.29,0.0
2026-05-16 21:50:00,F01,TRAP-A,25.67,85.86,6.3,0.0
2026-05-16 22:00:00,F01,TRAP-A,24.79,86.8,8.89,0.0
2026-05-16 22:10:00,F01,TRAP-A,23.91,86.88,6.97,0.0
2026-05-16 22:20:00,F01,TRAP-A,23.73,85.18,8.3,0.0
2026-05-16 22:30:00,F01,TRAP-A,24.65,86.57,6.66,0.0
2026-05-16 22:40:00,F01,TRAP-A,24.42,90.03,10.09,0.0
2026-05-16 22:50:00,F01,TRAP-A,25.06,90.89,9.16,0.0
2026-05-16 23:00:00,F01,TRAP-A,24.31,85.82,10.12,0.0
2026-05-16 23:10:00,F01,TRAP-A,22.46,85.31,8.13,0.0
2026-05-16 23:20:00,F01,TRAP-A,24.37,87.75,8.32,0.0
2026-05-16 23:30:00,F01,TRAP-A,22.61,92.58,12.36,0.0
2026-05-16 23:40:00,F01,TRAP-A,22.99,93.39,11.49,0.0
2026-05-16 23:50:00,F01,TRAP-A,23.39,88.4,10.46,0.0
2026-05-17 00:00:00,F01,TRAP-A,24.68,91.82,11.0,0.0
2026-05-17 00:10:00,F01,TRAP-A,25.48,95.94,8.5,0.0
2026-05-17 00:20:00,F01,TRAP-A,23.39,92.68,14.2,0.0
2026-05-17 00:30:00,F01,TRAP-A,22.68,95.46,12.96,0.0
2026-05-17 00:40:00,F01,TRAP-A,23.19,94.63,11.4,0.0
2026-05-17 00:50:00,F01,TRAP-A,23.41,90.06,16.42,0.0
2026-05-17 01:00:00,F01,TRAP-A,22.39,92.04,9.62,0.0
2026-05-17 01:10:00,F01,TRAP-A,24.04,92.76,12.71,0.0
2026-05-17 01:20:00,F01,TRAP-A,22.75,93.05,19.29,0.0
2026-05-17 01:30:00,F01,TRAP-A,22.93,95.18,10.67,0.0
2026-05-17 01:40:00,F01,TRAP-A,23.05,93.97,9.76,0.0
2026-05-17 01:50:00,F01,TRAP-A,22.84,85.65,13.86,0.0
2026-05-17 02:00:00,F01,TRAP-A,23.17,89.72,10.05,0.0
2026-05-17 02:10:00,F01,TRAP-A,22.01,87.51,16.36,0.0
2026-05-17 02:20:00,F01,TRAP-A,22.07,93.37,10.49,0.0
2026-05-17 02:30:00,F01,TRAP-A,21.66,93.46,13.63,0.0
2026-05-17 02:40:00,F01,TRAP-A,22.93,93.46,12.02,0.0
2026-05-17 02:50:00,F01,TRAP-A,23.24,90.22,11.41,0.0
2026-05-17 03:00:00,F01,TRAP-A,23.03,94.14,17.71,0.0
2026-05-17 03:10:00,F01,TRAP-A,24.06,94.06,15.08,0.0
2026-05-17 03:20:00,F01,TRAP-A,22.78,88.92,12.33,0.0
2026-05-17 03:30:00,F01,TRAP-A,23.39,88.15,12.2,0.0
2026-05-17 03:40:00,F01,TRAP-A,22.06,91.54,15.29,0.0
2026-05-17 03:50:00,F01,TRAP-A,22.72,95.73,16.82,0.0
2026-05-17 04:00:00,F01,TRAP-A,23.68,95.18,15.25,0.0
2026-05-17 04:10:00,F01,TRAP-A,23.9,92.0,14.63,0.0
2026-05-17 04:20:00,F01,TRAP-A,23.1,88.39,12.41,0.0
2026-05-17 04:30:00,F01,TRAP-A,23.39,92.05,17.46,0.0
2026-05-17 04:40:00,F01,TRAP-A,22.36,88.28,15.92,0.0
2026-05-17 04:50:00,F01,TRAP-A,23.42,87.06,14.01,0.0
2026-05-17 05:00:00,F01,TRAP-A,24.56,83.16,14.02,0.0
2026-05-17 05:10:00,F01,TRAP-A,24.45,88.3,14.44,0.0
2026-05-17 05:20:00,F01,TRAP-A,24.54,85.98,17.23,0.0
2026-05-17 05:30:00,F01,TRAP-A,24.33,87.28,16.04,0.0
2026-05-17 05:40:00,F01,TRAP-A,24.45,80.76,17.81,0.0
2026-05-17 05:50:00,F01,TRAP-A,24.08,86.38,14.12,0.0
2026-05-17 06:00:00,F01,TRAP-A,25.34,79.32,14.94,0.0
2026-05-17 06:10:00,F01,TRAP-A,25.29,87.54,17.78,0.0
2026-05-17 06:20:00,F01,TRAP-A,25.52,85.54,12.78,0.0
2026-05-17 06:30:00,F01,TRAP-A,24.89,82.93,13.72,0.0
2026-05-17 06:40:00,F01,TRAP-A,23.77,84.43,14.84,0.0
2026-05-17 06:50:00,F01,TRAP-A,26.56,79.95,19.3,0.0
2026-05-17 07:00:00,F01,TRAP-A,25.49,81.95,11.9,0.0
2026-05-17 07:10:00,F01,TRAP-A,25.37,83.12,12.52,0.0
2026-05-17 07:20:00,F01,TRAP-A,26.81,72.75,12.55,0.0
2026-05-17 07:30:00,F01,TRAP-A,26.13,78.72,12.87,0.0
2026-05-17 07:40:00,F01,TRAP-A,27.49,79.13,12.6,0.0
2026-05-17 07:50:00,F01,TRAP-A,27.33,78.04,14.21,0.0
2026-05-17 08:00:00,F01,TRAP-A,27.58,81.52,17.95,0.0
2026-05-17 08:10:00,F01,TRAP-A,26.14,74.42,14.4,0.0
2026-05-17 08:20:00,F01,TRAP-A,28.4,75.02,12.09,0.0
2026-05-17 08:30:00,F01,TRAP-A,27.83,71.13,17.13,0.0
2026-05-17 08:40:00,F01,TRAP-A,27.52,79.05,14.04,0.0
2026-05-17 08:50:00,F01,TRAP-A,28.12,74.02,11.67,0.0
2026-05-17 09:00:00,F01,TRAP-A,26.78,72.91,12.15,0.0
2026-05-17 09:10:00,F01,TRAP-A,28.71,73.24,15.36,0.0
2026-05-17 09:20:00,F01,TRAP-A,27.75,74.35,14.58,0.0
2026-05-17 09:30:00,F01,TRAP-A,27.67,73.02,12.99,0.0
2026-05-17 09:40:00,F01,TRAP-A,27.72,78.17,10.74,0.0
2026-05-17 09:50:00,F01,TRAP-A,30.0,72.1,15.0,0.0
2026-05-17 10:00:00,F01,TRAP-A,28.78,69.23,11.07,0.0
2026-05-17 10:10:00,F01,TRAP-A,30.67,68.44,14.25,0.0
2026-05-17 10:20:00,F01,TRAP-A,29.18,68.32,12.79,0.0
2026-05-17 10:30:00,F01,TRAP-A,28.4,65.02,10.42,0.0
2026-05-17 10:40:00,F01,TRAP-A,29.03,68.37,10.05,0.0
2026-05-17 10:50:00,F01,TRAP-A,31.06,69.74,9.59,0.0
2026-05-17 11:00:00,F01,TRAP-A,30.08,65.78,9.84,0.0
2026-05-17 11:10:00,F01,TRAP-A,29.9,64.84,9.35,0.0
2026-05-17 11:20:00,F01,TRAP-A,30.6,70.22,11.54,0.0
2026-05-17 11:30:00,F01,TRAP-A,30.99,62.46,11.23,0.0
2026-05-17 11:40:00,F01,TRAP-A,31.6,60.47,10.96,0.0
2026-05-17 11:50:00,F01,TRAP-A,31.97,62.4,11.22,0.0
2026-05-17 12:00:00,F01,TRAP-A,30.63,61.1,13.03,0.0
2026-05-17 12:10:00,F01,TRAP-A,29.95,65.61,15.14,0.0
2026-05-17 12:20:00,F01,TRAP-A,30.76,63.45,8.41,0.0
2026-05-17 12:30:00,F01,TRAP-A,31.38,63.55,10.1,0.0
2026-05-17 12:40:00,F01,TRAP-A,30.47,66.75,7.52,0.0
2026-05-17 12:50:00,F01,TRAP-A,30.54,61.93,7.49,3.19
2026-05-17 13:00:00,F01,TRAP-A,31.63,65.42,10.12,0.0
2026-05-17 13:10:00,F01,TRAP-A,31.36,67.11,8.77,0.0
2026-05-17 13:20:00,F01,TRAP-A,31.46,62.07,10.86,0.0
2026-05-17 13:30:00,F01,TRAP-A,30.86,64.96,8.1,0.0
2026-05-17 13:40:00,F01,TRAP-A,31.3,62.44,6.69,0.0
2026-05-17 13:50:00,F01,TRAP-A,30.76,65.32,12.29,0.0
2026-05-17 14:00:00,F01,TRAP-A,32.21,59.07,6.23,0.0
2026-05-17 14:10:00,F01,TRAP-A,32.32,58.91,6.45,0.0
2026-05-17 14:20:00,F01,TRAP-A,30.0,62.09,6.65,0.0
2026-05-17 14:30:00,F01,TRAP-A,30.71,60.92,21.61,0.0
2026-05-17 14:40:00,F01,TRAP-A,30.23,61.96,7.02,0.0
2026-05-17 14:50:00,F01,TRAP-A,30.87,62.83,7.36,0.0
2026-05-17 15:00:00,F01,TRAP-A,31.27,65.34,9.55,0.0
2026-05-17 15:10:00,F01,TRAP-A,30.12,62.71,8.06,0.0
2026-05-17 15:20:00,F01,TRAP-A,30.48,61.89,10.44,0.0
2026-05-17 15:30:00,F01,TRAP-A,30.34,63.31,6.81,0.0
2026-05-17 15:40:00,F01,TRAP-A,31.23,62.53,15.45,0.0
2026-05-17 15:50:00,F01,TRAP-A,31.03,62.42,9.39,0.0
2026-05-17 16:00:00,F01,TRAP-A,30.3,61.04,6.06,0.0
2026-05-17 16:10:00,F01,TRAP-A,30.92,65.59,5.88,0.0
2026-05-17 16:20:00,F01,TRAP-A,30.23,64.36,12.32,0.0
2026-05-17 16:30:00,F01,TRAP-A,30.33,68.59,7.75,0.0
2026-05-17 16:40:00,F01,TRAP-A,31.76,62.97,7.14,0.0
2026-05-17 16:50:00,F01,TRAP-A,31.37,65.67,8.43,0.0
2026-05-17 17:00:00,F01,TRAP-A,29.12,72.01,6.6,0.0
2026-05-17 17:10:00,F01,TRAP-A,30.68,65.61,4.61,0.0
2026-05-17 17:20:00,F01,TRAP-A,30.51,67.86,5.21,0.0
2026-05-17 17:30:00,F01,TRAP-A,28.79,65.93,6.48,0.0
2026-05-17 17:40:00,F01,TRAP-A,30.21,66.13,4.07,0.0
2026-05-17 17:50:00,F01,TRAP-A,30.62,73.91,5.73,0.0
2026-05-17 18:00:00,F01,TRAP-A,28.32,71.03,8.23,0.0
2026-05-17 18:10:00,F01,TRAP-A,28.31,71.52,4.54,0.0
2026-05-17 18:20:00,F01,TRAP-A,29.68,67.53,4.22,0.0
2026-05-17 18:30:00,F01,TRAP-A,28.91,73.27,9.46,0.0
2026-05-17 18:40:00,F01,TRAP-A,28.95,75.88,6.95,0.0
2026-05-17 18:50:00,F01,TRAP-A,28.59,76.48,4.68,0.0
2026-05-17 19:00:00,F01,TRAP-A,28.44,75.91,9.07,0.0
2026-05-17 19:10:00,F01,TRAP-A,26.88,72.05,7.42,0.0
2026-05-17 19:20:00,F01,TRAP-A,28.58,76.3,5.47,0.0
2026-05-17 19:30:00,F01,TRAP-A,28.49,77.83,5.73,0.0
2026-05-17 19:40:00,F01,TRAP-A,27.17,72.33,4.9,0.0
2026-05-17 19:50:00,F01,TRAP-A,27.12,74.66,9.88,0.0
2026-05-17 20:00:00,F01,TRAP-A,25.74,80.34,6.69,0.0
2026-05-17 20:10:00,F01,TRAP-A,27.18,80.97,7.09,0.0
2026-05-17 20:20:00,F01,TRAP-A,27.03,75.56,11.19,0.0
2026-05-17 20:30:00,F01,TRAP-A,26.33,82.07,4.89,0.0
2026-05-17 20:40:00,F01,TRAP-A,27.08,80.96,5.16,0.0
2026-05-17 20:50:00,F01,TRAP-A,25.72,83.32,5.6,0.0
2026-05-17 21:00:00,F01,TRAP-A,26.25,80.41,5.29,0.0
2026-05-17 21:10:00,F01,TRAP-A,24.8,84.24,8.54,0.0
2026-05-17 21:20:00,F01,TRAP-A,25.41,85.36,8.47,0.0
2026-05-17 21:30:00,F01,TRAP-A,25.1,82.98,6.3,0.0
2026-05-17 21:40:00,F01,TRAP-A,25.25,84.49,6.22,0.0
2026-05-17 21:50:00,F01,TRAP-A,24.59,83.41,6.35,0.0
2026-05-17 22:00:00,F01,TRAP-A,24.61,89.74,15.22,0.0
2026-05-17 22:10:00,F01,TRAP-A,25.21,85.86,9.73,0.0
2026-05-17 22:20:00,F01,TRAP-A,24.04,84.4,8.98,0.0
2026-05-17 22:30:00,F01,TRAP-A,22.95,85.44,7.67,0.0
2026-05-17 22:40:00,F01,TRAP-A,25.48,88.05,8.37,0.0
2026-05-17 22:50:00,F01,TRAP-A,25.04,90.11,7.11,0.0
2026-05-17 23:00:00,F01,TRAP-A,22.76,85.35,25.88,0.0
2026-05-17 23:10:00,F01,TRAP-A,24.21,93.76,11.39,0.0
2026-05-17 23:20:00,F01,TRAP-A,23.13,90.34,10.25,0.0
2026-05-17 23:30:00,F01,TRAP-A,23.62,91.14,10.17,0.0
2026-05-17 23:40:00,F01,TRAP-A,23.53,90.11,9.79,0.0
2026-05-17 23:50:00,F01,TRAP-A,23.0,90.76,8.75,0.0
2026-05-18 00:00:00,F01,TRAP-A,22.46,90.68,8.8,0.0
2026-05-18 00:10:00,F01,TRAP-A,22.44,93.91,10.6,0.0
2026-05-18 00:20:00,F01,TRAP-A,22.17,91.63,8.6,0.0
2026-05-18 00:30:00,F01,TRAP-A,22.16,93.82,8.79,0.0
2026-05-18 00:40:00,F01,TRAP-A,22.71,91.05,11.2,0.0
2026-05-18 00:50:00,F01,TRAP-A,22.12,92.83,16.47,0.0
2026-05-18 01:00:00,F01,TRAP-A,23.19,90.51,16.44,0.0
2026-05-18 01:10:00,F01,TRAP-A,23.79,95.71,9.27,0.0
2026-05-18 01:20:00,F01,TRAP-A,22.1,90.71,9.74,1.18
2026-05-18 01:30:00,F01,TRAP-A,22.73,92.07,12.19,0.0
2026-05-18 01:40:00,F01,TRAP-A,22.91,92.17,15.38,0.0
2026-05-18 01:50:00,F01,TRAP-A,22.88,92.11,19.14,0.0
2026-05-18 02:00:00,F01,TRAP-A,22.56,94.81,15.94,0.0
2026-05-18 02:10:00,F01,TRAP-A,23.1,92.19,13.57,0.0
2026-05-18 02:20:00,F01,TRAP-A,22.91,96.42,10.99,0.0
2026-05-18 02:30:00,F01,TRAP-A,21.55,90.81,10.69,0.0
2026-05-18 02:40:00,F01,TRAP-A,23.27,93.17,10.74,0.0
2026-05-18 02:50:00,F01,TRAP-A,23.32,90.68,13.57,0.0
2026-05-18 03:00:00,F01,TRAP-A,22.05,93.51,10.96,0.0
2026-05-18 03:10:00,F01,TRAP-A,22.75,92.23,15.0,0.0
2026-05-18 03:20:00,F01,TRAP-A,23.33,91.66,14.82,0.0
2026-05-18 03:30:00,F01,TRAP-A,22.69,94.78,11.44,0.0
2026-05-18 03:40:00,F01,TRAP-A,23.8,89.91,18.41,0.0
2026-05-18 03:50:00,F01,TRAP-A,24.92,92.71,13.61,0.0
2026-05-18 04:00:00,F01,TRAP-A,22.49,89.01,18.52,0.0
2026-05-18 04:10:00,F01,TRAP-A,22.12,90.87,18.52,0.0
2026-05-18 04:20:00,F01,TRAP-A,23.58,87.23,12.3,0.0
2026-05-18 04:30:00,F01,TRAP-A,24.03,88.17,13.15,0.0
2026-05-18 04:40:00,F01,TRAP-A,23.39,89.2,12.2,0.0
2026-05-18 04:50:00,F01,TRAP-A,24.87,93.51,16.3,0.0
2026-05-18 05:00:00,F01,TRAP-A,22.77,88.77,13.98,0.0
2026-05-18 05:10:00,F01,TRAP-A,24.54,92.18,19.84,0.0
2026-05-18 05:20:00,F01,TRAP-A,23.65,88.1,12.65,0.0
2026-05-18 05:30:00,F01,TRAP-A,25.67,86.06,15.47,0.0
2026-05-18 05:40:00,F01,TRAP-A,26.04,90.35,25.58,0.0
2026-05-18 05:50:00,F01,TRAP-A,24.0,87.05,15.28,0.0
2026-05-18 06:00:00,F01,TRAP-A,24.34,83.78,12.21,0.0
2026-05-18 06:10:00,F01,TRAP-A,25.64,85.99,14.66,0.0
2026-05-18 06:20:00,F01,TRAP-A,24.82,83.49,12.58,0.0
2026-05-18 06:30:00,F01,TRAP-A,25.28,78.65,12.05,0.0
2026-05-18 06:40:00,F01,TRAP-A,25.52,85.35,13.16,0.0
2026-05-18 06:50:00,F01,TRAP-A,24.15,85.13,12.83,0.0
2026-05-18 07:00:00,F01,TRAP-A,25.86,86.36,16.52,0.0
2026-05-18 07:10:00,F01,TRAP-A,25.51,82.18,13.21,0.0
2026-05-18 07:20:00,F01,TRAP-A,25.86,79.86,15.71,0.0
2026-05-18 07:30:00,F01,TRAP-A,27.61,81.92,11.73,0.0
2026-05-18 07:40:00,F01,TRAP-A,25.64,81.31,11.66,2.49
2026-05-18 07:50:00,F01,TRAP-A,27.49,82.62,11.62,0.0
2026-05-18 08:00:00,F01,TRAP-A,26.81,77.76,12.19,0.0
2026-05-18 08:10:00,F01,TRAP-A,27.01,76.81,12.76,0.0
2026-05-18 08:20:00,F01,TRAP-A,28.06,74.78,14.07,0.0
2026-05-18 08:30:00,F01,TRAP-A,27.9,77.26,23.94,0.0
2026-05-18 08:40:00,F01,TRAP-A,28.28,71.4,12.36,0.0
2026-05-18 08:50:00,F01,TRAP-A,28.79,76.57,11.1,0.0
2026-05-18 09:00:00,F01,TRAP-A,27.94,75.47,11.45,0.0
2026-05-18 09:10:00,F01,TRAP-A,27.9,74.83,17.52,1.18
2026-05-18 09:20:00,F01,TRAP-A,27.71,73.1,14.15,0.0
2026-05-18 09:30:00,F01,TRAP-A,28.1,75.98,15.09,0.0
2026-05-18 09:40:00,F01,TRAP-A,31.3,73.73,10.66,0.0
2026-05-18 09:50:00,F01,TRAP-A,30.11,69.44,10.56,0.0
2026-05-18 10:00:00,F01,TRAP-A,28.2,68.92,10.33,0.0
2026-05-18 10:10:00,F01,TRAP-A,28.39,67.63,15.66,0.0
2026-05-18 10:20:00,F01,TRAP-A,30.0,70.67,10.37,0.0
2026-05-18 10:30:00,F01,TRAP-A,30.21,66.27,12.59,0.0
2026-05-18 10:40:00,F01,TRAP-A,30.36,70.97,11.51,0.0
2026-05-18 10:50:00,F01,TRAP-A,29.86,71.08,11.53,0.0
2026-05-18 11:00:00,F01,TRAP-A,30.11,65.11,9.65,0.0
2026-05-18 11:10:00,F01,TRAP-A,30.61,66.39,11.86,0.0
2026-05-18 11:20:00,F01,TRAP-A,30.54,66.47,8.79,0.0
2026-05-18 11:30:00,F01,TRAP-A,28.82,68.23,23.58,0.0
2026-05-18 11:40:00,F01,TRAP-A,30.52,69.66,8.4,0.0
2026-05-18 11:50:00,F01,TRAP-A,30.13,61.07,8.29,0.0
2026-05-18 12:00:00,F01,TRAP-A,31.06,64.15,9.14,0.0
2026-05-18 12:10:00,F01,TRAP-A,33.4,63.97,13.14,0.0
2026-05-18 12:20:00,F01,TRAP-A,31.39,60.85,8.51,0.0
2026-05-18 12:30:00,F01,TRAP-A,30.92,62.88,9.36,0.0
2026-05-18 12:40:00,F01,TRAP-A,31.98,64.93,7.33,0.0
2026-05-18 12:50:00,F01,TRAP-A,31.69,62.96,7.35,0.0
2026-05-18 13:00:00,F01,TRAP-A,31.69,59.62,9.74,11.61
2026-05-18 13:10:00,F01,TRAP-A,31.89,70.51,7.41,0.0
2026-05-18 13:20:00,F01,TRAP-A,33.08,63.87,10.15,0.0
2026-05-18 13:30:00,F01,TRAP-A,30.56,63.39,11.05,0.0
2026-05-18 13:40:00,F01,TRAP-A,31.86,60.3,11.98,0.0
2026-05-18 13:50:00,F01,TRAP-A,30.76,63.66,6.55,0.0
2026-05-18 14:00:00,F01,TRAP-A,31.94,62.59,7.79,0.0
2026-05-18 14:10:00,F01,TRAP-A,30.76,58.3,14.64,0.0
2026-05-18 14:20:00,F01,TRAP-A,31.15,60.39,10.11,0.0
2026-05-18 14:30:00,F01,TRAP-A,31.22,65.13,5.91,0.0
2026-05-18 14:40:00,F01,TRAP-A,32.21,68.11,7.5,0.0
2026-05-18 14:50:00,F01,TRAP-A,32.12,64.3,12.94,0.0
2026-05-18 15:00:00,F01,TRAP-A,30.34,66.3,6.89,0.0
2026-05-18 15:10:00,F01,TRAP-A,31.32,63.34,10.48,0.0
2026-05-18 15:20:00,F01,TRAP-A,30.65,63.73,6.97,0.0
2026-05-18 15:30:00,F01,TRAP-A,30.14,66.92,5.14,0.0
2026-05-18 15:40:00,F01,TRAP-A,30.89,68.62,5.18,0.0
2026-05-18 15:50:00,F01,TRAP-A,30.73,68.01,4.75,0.0
2026-05-18 16:00:00,F01,TRAP-A,32.82,62.41,5.17,0.0
2026-05-18 16:10:00,F01,TRAP-A,31.12,65.25,11.16,0.0
2026-05-18 16:20:00,F01,TRAP-A,29.56,66.48,7.51,0.0
2026-05-18 16:30:00,F01,TRAP-A,30.09,65.53,8.32,0.0
2026-05-18 16:40:00,F01,TRAP-A,31.24,67.56,7.15,0.0
2026-05-18 16:50:00,F01,TRAP-A,31.96,69.08,5.64,0.0
2026-05-18 17:00:00,F01,TRAP-A,28.89,69.99,4.86,0.0
2026-05-18 17:10:00,F01,TRAP-A,28.51,72.18,11.88,0.0
2026-05-18 17:20:00,F01,TRAP-A,31.36,67.63,6.22,0.0
2026-05-18 17:30:00,F01,TRAP-A,30.02,65.56,6.0,0.0
2026-05-18 17:40:00,F01,TRAP-A,28.85,70.4,20.66,0.0
2026-05-18 17:50:00,F01,TRAP-A,29.81,74.76,5.46,0.0
2026-05-18 18:00:00,F01,TRAP-A,27.11,69.42,9.78,0.0
2026-05-18 18:10:00,F01,TRAP-A,29.05,72.91,9.95,0.0
2026-05-18 18:20:00,F01,TRAP-A,29.13,73.52,4.81,0.0
2026-05-18 18:30:00,F01,TRAP-A,29.43,72.86,4.34,0.0
2026-05-18 18:40:00,F01,TRAP-A,27.69,73.01,15.21,0.0
2026-05-18 18:50:00,F01,TRAP-A,28.38,71.3,5.77,0.0
2026-05-18 19:00:00,F01,TRAP-A,27.39,68.54,4.15,0.0
2026-05-18 19:10:00,F01,TRAP-A,28.14,72.1,6.27,0.0
2026-05-18 19:20:00,F01,TRAP-A,27.03,74.55,7.15,0.0
2026-05-18 19:30:00,F01,TRAP-A,27.22,78.91,8.81,0.0
2026-05-18 19:40:00,F01,TRAP-A,26.56,76.56,12.98,0.0
2026-05-18 19:50:00,F01,TRAP-A,27.68,76.18,11.87,0.0
2026-05-18 20:00:00,F01,TRAP-A,27.65,75.9,13.0,0.0
2026-05-18 20:10:00,F01,TRAP-A,26.58,80.43,4.74,0.0
2026-05-18 20:20:00,F01,TRAP-A,26.6,82.83,8.48,0.0
2026-05-18 20:30:00,F01,TRAP-A,25.22,82.75,5.62,0.0
2026-05-18 20:40:00,F01,TRAP-A,25.94,82.25,5.58,0.0
2026-05-18 20:50:00,F01,TRAP-A,25.95,77.68,9.91,0.0
2026-05-18 21:00:00,F01,TRAP-A,27.89,81.13,6.82,0.0
2026-05-18 21:10:00,F01,TRAP-A,24.72,87.5,12.78,0.0
2026-05-18 21:20:00,F01,TRAP-A,26.6,86.06,5.59,0.0
2026-05-18 21:30:00,F01,TRAP-A,26.04,80.02,10.45,0.0
2026-05-18 21:40:00,F01,TRAP-A,25.29,84.32,6.18,0.0
2026-05-18 21:50:00,F01,TRAP-A,26.29,85.95,6.46,0.0
2026-05-18 22:00:00,F01,TRAP-A,25.01,83.71,7.98,0.28
2026-05-18 22:10:00,F01,TRAP-A,24.86,80.4,7.69,0.0
2026-05-18 22:20:00,F01,TRAP-A,24.34,86.96,8.34,0.0
2026-05-18 22:30:00,F01,TRAP-A,25.21,85.27,14.94,0.0
2026-05-18 22:40:00,F01,TRAP-A,24.95,85.78,9.88,0.0
2026-05-18 22:50:00,F01,TRAP-A,23.43,87.34,7.86,0.0
2026-05-18 23:00:00,F01,TRAP-A,22.74,88.36,7.57,0.0
2026-05-18 23:10:00,F01,TRAP-A,23.49,89.12,8.8,0.0
2026-05-18 23:20:00,F01,TRAP-A,22.89,87.36,9.14,0.0
2026-05-18 23:30:00,F01,TRAP-A,23.36,89.43,10.27,0.0
2026-05-18 23:40:00,F01,TRAP-A,24.28,85.97,8.61,0.0
2026-05-18 23:50:00,F01,TRAP-A,22.82,91.5,12.24,0.0
2026-05-19 00:00:00,F01,TRAP-A,23.05,83.91,8.35,0.0
2026-05-19 00:10:00,F01,TRAP-A,23.04,90.64,10.68,0.0
2026-05-19 00:20:00,F01,TRAP-A,23.58,93.95,11.31,0.0
2026-05-19 00:30:00,F01,TRAP-A,21.03,89.26,9.25,0.0
2026-05-19 00:40:00,F01,TRAP-A,22.27,93.93,13.98,0.0
2026-05-19 00:50:00,F01,TRAP-A,22.87,95.23,11.77,0.0
2026-05-19 01:00:00,F01,TRAP-A,23.6,84.25,12.18,0.0
2026-05-19 01:10:00,F01,TRAP-A,22.2,92.29,11.3,0.0
2026-05-19 01:20:00,F01,TRAP-A,21.06,85.6,16.61,1.57
2026-05-19 01:30:00,F01,TRAP-A,23.03,92.59,13.11,0.0
2026-05-19 01:40:00,F01,TRAP-A,22.01,92.94,11.17,0.0
2026-05-19 01:50:00,F01,TRAP-A,21.55,86.78,10.7,0.0
2026-05-19 02:00:00,F01,TRAP-A,22.0,97.81,10.25,0.0
2026-05-19 02:10:00,F01,TRAP-A,22.36,93.69,10.72,1.24
2026-05-19 02:20:00,F01,TRAP-A,22.04,90.81,25.08,0.0
2026-05-19 02:30:00,F01,TRAP-A,20.78,96.52,12.03,0.0
2026-05-19 02:40:00,F01,TRAP-A,23.29,88.26,17.47,0.0
2026-05-19 02:50:00,F01,TRAP-A,23.64,89.54,11.29,0.0
2026-05-19 03:00:00,F01,TRAP-A,23.18,86.71,12.52,0.0
2026-05-19 03:10:00,F01,TRAP-A,21.81,96.77,20.67,0.57
2026-05-19 03:20:00,F01,TRAP-A,22.62,92.88,11.37,0.0
2026-05-19 03:30:00,F01,TRAP-A,22.85,93.46,13.9,0.0
2026-05-19 03:40:00,F01,TRAP-A,23.42,92.29,18.84,0.0
2026-05-19 03:50:00,F01,TRAP-A,23.56,92.68,20.36,0.0
2026-05-19 04:00:00,F01,TRAP-A,22.54,91.12,17.09,0.0
2026-05-19 04:10:00,F01,TRAP-A,23.29,91.26,17.38,0.0
2026-05-19 04:20:00,F01,TRAP-A,23.7,90.48,14.81,0.0
2026-05-19 04:30:00,F01,TRAP-A,24.62,88.3,12.46,0.0
2026-05-19 04:40:00,F01,TRAP-A,24.14,89.29,15.71,0.0
2026-05-19 04:50:00,F01,TRAP-A,24.34,89.65,23.33,0.0
2026-05-19 05:00:00,F01,TRAP-A,23.91,88.79,14.11,0.0
2026-05-19 05:10:00,F01,TRAP-A,25.12,84.34,12.82,0.0
2026-05-19 05:20:00,F01,TRAP-A,24.47,84.18,14.5,0.0
2026-05-19 05:30:00,F01,TRAP-A,23.6,89.73,15.49,0.0
2026-05-19 05:40:00,F01,TRAP-A,25.57,85.73,12.69,0.1
2026-05-19 05:50:00,F01,TRAP-A,25.17,87.41,15.81,0.0
2026-05-19 06:00:00,F01,TRAP-A,24.43,82.65,14.66,0.0
2026-05-19 06:10:00,F01,TRAP-A,24.57,81.13,14.84,0.0
2026-05-19 06:20:00,F01,TRAP-A,25.37,82.11,13.08,0.0
2026-05-19 06:30:00,F01,TRAP-A,25.69,83.06,12.47,0.0
2026-05-19 06:40:00,F01,TRAP-A,25.66,81.34,14.86,0.0
2026-05-19 06:50:00,F01,TRAP-A,25.93,85.62,14.54,0.0
2026-05-19 07:00:00,F01,TRAP-A,27.23,82.2,13.09,0.0
2026-05-19 07:10:00,F01,TRAP-A,26.92,85.74,12.86,0.0
2026-05-19 07:20:00,F01,TRAP-A,26.41,81.48,13.03,0.0
2026-05-19 07:30:00,F01,TRAP-A,27.21,73.79,13.7,0.0
2026-05-19 07:40:00,F01,TRAP-A,25.82,81.81,22.66,0.0
2026-05-19 07:50:00,F01,TRAP-A,27.16,74.75,15.86,0.0
2026-05-19 08:00:00,F01,TRAP-A,28.49,78.44,17.17,0.0
2026-05-19 08:10:00,F01,TRAP-A,27.06,75.28,13.47,0.0
2026-05-19 08:20:00,F01,TRAP-A,26.75,81.92,13.5,0.0
2026-05-19 08:30:00,F01,TRAP-A,27.11,79.51,11.84,0.0
2026-05-19 08:40:00,F01,TRAP-A,26.95,73.41,14.87,5.1
2026-05-19 08:50:00,F01,TRAP-A,27.39,74.3,12.57,0.0
2026-05-19 09:00:00,F01,TRAP-A,27.91,74.6,14.87,0.0
2026-05-19 09:10:00,F01,TRAP-A,27.27,75.52,12.25,0.0
2026-05-19 09:20:00,F01,TRAP-A,28.59,72.82,10.89,0.0
2026-05-19 09:30:00,F01,TRAP-A,29.48,69.57,10.98,0.0
2026-05-19 09:40:00,F01,TRAP-A,28.21,69.75,15.27,0.0
2026-05-19 09:50:00,F01,TRAP-A,30.33,70.94,11.02,0.0
2026-05-19 10:00:00,F01,TRAP-A,29.69,73.47,10.89,0.0
2026-05-19 10:10:00,F01,TRAP-A,30.28,70.9,17.77,0.0
2026-05-19 10:20:00,F01,TRAP-A,29.09,67.35,12.87,0.0
2026-05-19 10:30:00,F01,TRAP-A,30.45,70.38,9.86,0.0
2026-05-19 10:40:00,F01,TRAP-A,29.05,67.29,9.8,0.0
2026-05-19 10:50:00,F01,TRAP-A,30.78,69.99,10.12,0.0
2026-05-19 11:00:00,F01,TRAP-A,30.35,73.62,11.7,4.08
2026-05-19 11:10:00,F01,TRAP-A,30.79,65.95,13.02,0.0
2026-05-19 11:20:00,F01,TRAP-A,29.53,68.43,9.62,0.0
2026-05-19 11:30:00,F01,TRAP-A,29.88,64.15,14.62,0.0
2026-05-19 11:40:00,F01,TRAP-A,31.19,65.36,8.66,0.0
2026-05-19 11:50:00,F01,TRAP-A,30.06,65.35,8.84,0.0
2026-05-19 12:00:00,F01,TRAP-A,31.29,64.46,18.53,0.0
2026-05-19 12:10:00,F01,TRAP-A,29.92,70.79,8.22,0.0
2026-05-19 12:20:00,F01,TRAP-A,31.77,63.58,14.19,0.0
2026-05-19 12:30:00,F01,TRAP-A,30.19,65.56,11.09,0.0
2026-05-19 12:40:00,F01,TRAP-A,31.68,59.03,7.5,0.0
2026-05-19 12:50:00,F01,TRAP-A,31.8,64.73,9.08,0.0
2026-05-19 13:00:00,F01,TRAP-A,30.8,66.33,9.13,0.0
2026-05-19 13:10:00,F01,TRAP-A,31.87,62.01,14.83,0.0
2026-05-19 13:20:00,F01,TRAP-A,31.65,56.93,8.24,0.0
2026-05-19 13:30:00,F01,TRAP-A,31.04,63.01,8.21,0.0
2026-05-19 13:40:00,F01,TRAP-A,30.68,63.09,6.63,0.0
2026-05-19 13:50:00,F01,TRAP-A,29.93,64.82,9.18,0.0
2026-05-19 14:00:00,F01,TRAP-A,31.78,68.03,6.68,0.0
2026-05-19 14:10:00,F01,TRAP-A,30.24,62.07,6.06,0.0
2026-05-19 14:20:00,F01,TRAP-A,31.56,60.93,23.02,0.0
2026-05-19 14:30:00,F01,TRAP-A,31.25,60.23,6.48,0.0
2026-05-19 14:40:00,F01,TRAP-A,31.97,63.75,5.86,0.0
2026-05-19 14:50:00,F01,TRAP-A,31.14,64.58,8.88,0.0
2026-05-19 15:00:00,F01,TRAP-A,31.07,62.18,10.32,0.0
2026-05-19 15:10:00,F01,TRAP-A,31.86,65.68,5.23,0.0
2026-05-19 15:20:00,F01,TRAP-A,31.48,65.12,5.25,0.0
2026-05-19 15:30:00,F01,TRAP-A,31.39,64.3,5.09,0.0
2026-05-19 15:40:00,F01,TRAP-A,31.44,62.21,4.85,0.4
2026-05-19 15:50:00,F01,TRAP-A,29.74,63.55,7.84,0.0
2026-05-19 16:00:00,F01,TRAP-A,31.48,59.0,7.18,0.0
2026-05-19 16:10:00,F01,TRAP-A,31.26,66.01,7.7,0.0
2026-05-19 16:20:00,F01,TRAP-A,29.85,65.86,6.47,0.0
2026-05-19 16:30:00,F01,TRAP-A,30.35,66.65,9.39,0.0
2026-05-19 16:40:00,F01,TRAP-A,30.39,67.86,6.6,0.0
2026-05-19 16:50:00,F01,TRAP-A,30.18,68.0,11.7,0.0
2026-05-19 17:00:00,F01,TRAP-A,30.42,67.21,6.12,0.0
2026-05-19 17:10:00,F01,TRAP-A,31.16,68.09,8.78,0.0
2026-05-19 17:20:00,F01,TRAP-A,30.73,64.95,5.62,0.0
2026-05-19 17:30:00,F01,TRAP-A,28.66,67.52,5.74,0.0
2026-05-19 17:40:00,F01,TRAP-A,30.05,69.63,9.68,0.0
2026-05-19 17:50:00,F01,TRAP-A,30.45,68.22,4.34,0.0
2026-05-19 18:00:00,F01,TRAP-A,29.52,72.77,6.5,0.0
2026-05-19 18:10:00,F01,TRAP-A,29.91,69.55,7.89,0.0
2026-05-19 18:20:00,F01,TRAP-A,30.47,72.33,8.18,0.0
2026-05-19 18:30:00,F01,TRAP-A,29.5,72.68,6.72,0.0
2026-05-19 18:40:00,F01,TRAP-A,28.7,74.86,5.85,0.0
2026-05-19 18:50:00,F01,TRAP-A,29.15,75.87,5.01,0.0
2026-05-19 19:00:00,F01,TRAP-A,28.24,75.98,11.35,0.0
2026-05-19 19:10:00,F01,TRAP-A,27.95,69.62,5.58,0.0
2026-05-19 19:20:00,F01,TRAP-A,27.46,78.52,9.07,0.0
2026-05-19 19:30:00,F01,TRAP-A,28.8,80.0,4.42,0.0
2026-05-19 19:40:00,F01,TRAP-A,26.7,75.62,5.18,0.0
2026-05-19 19:50:00,F01,TRAP-A,28.38,78.07,5.74,0.38
2026-05-19 20:00:00,F01,TRAP-A,27.36,75.91,7.89,0.0
2026-05-19 20:10:00,F01,TRAP-A,25.64,73.92,5.8,0.0
2026-05-19 20:20:00,F01,TRAP-A,26.86,77.6,4.87,0.0
2026-05-19 20:30:00,F01,TRAP-A,24.69,78.74,5.42,0.0
2026-05-19 20:40:00,F01,TRAP-A,26.68,79.85,5.86,0.0
2026-05-19 20:50:00,F01,TRAP-A,26.69,78.98,5.66,0.0
2026-05-19 21:00:00,F01,TRAP-A,25.32,80.18,5.88,0.0
2026-05-19 21:10:00,F01,TRAP-A,25.71,82.61,9.72,0.0
2026-05-19 21:20:00,F01,TRAP-A,26.99,81.33,7.05,0.0
2026-05-19 21:30:00,F01,TRAP-A,24.84,85.23,7.15,0.0
2026-05-19 21:40:00,F01,TRAP-A,24.21,86.17,15.93,0.0
2026-05-19 21:50:00,F01,TRAP-A,26.07,91.0,7.66,0.0
2026-05-19 22:00:00,F01,TRAP-A,26.28,88.43,13.91,0.0
2026-05-19 22:10:00,F01,TRAP-A,24.55,86.78,7.25,0.0
2026-05-19 22:20:00,F01,TRAP-A,25.19,85.17,7.88,0.0
2026-05-19 22:30:00,F01,TRAP-A,25.3,87.97,8.02,0.0
2026-05-19 22:40:00,F01,TRAP-A,23.48,88.56,9.04,0.0
2026-05-19 22:50:00,F01,TRAP-A,23.54,86.95,9.47,0.0
2026-05-19 23:00:00,F01,TRAP-A,24.77,90.66,7.86,0.0
2026-05-19 23:10:00,F01,TRAP-A,25.0,85.66,11.9,0.0
2026-05-19 23:20:00,F01,TRAP-A,23.98,88.97,9.4,0.0
2026-05-19 23:30:00,F01,TRAP-A,22.7,91.37,7.54,0.0
2026-05-19 23:40:00,F01,TRAP-A,24.88,89.65,10.37,0.0
2026-05-19 23:50:00,F01,TRAP-A,22.76,90.21,12.66,0.0
2026-05-20 00:00:00,F01,TRAP-A,22.81,90.71,8.9,0.0
2026-05-20 00:10:00,F01,TRAP-A,23.26,89.28,8.33,0.0
2026-05-20 00:20:00,F01,TRAP-A,24.15,94.59,13.32,0.0
2026-05-20 00:30:00,F01,TRAP-A,23.51,89.37,19.78,0.0
2026-05-20 00:40:00,F01,TRAP-A,23.09,92.94,8.97,0.0
2026-05-20 00:50:00,F01,TRAP-A,23.07,93.38,17.25,0.0
2026-05-20 01:00:00,F01,TRAP-A,22.68,90.15,10.41,0.0
2026-05-20 01:10:00,F01,TRAP-A,23.04,92.86,17.75,0.0
2026-05-20 01:20:00,F01,TRAP-A,20.54,90.52,12.54,0.0
2026-05-20 01:30:00,F01,TRAP-A,22.3,96.37,16.19,0.0
2026-05-20 01:40:00,F01,TRAP-A,22.71,90.11,14.35,0.0
2026-05-20 01:50:00,F01,TRAP-A,21.58,91.36,9.96,0.0
2026-05-20 02:00:00,F01,TRAP-A,22.81,89.94,10.24,0.0
2026-05-20 02:10:00,F01,TRAP-A,22.34,89.58,12.42,0.0
2026-05-20 02:20:00,F01,TRAP-A,23.93,96.91,10.74,0.22
2026-05-20 02:30:00,F01,TRAP-A,23.8,94.21,12.32,0.0
2026-05-20 02:40:00,F01,TRAP-A,22.2,93.1,19.88,0.0
2026-05-20 02:50:00,F01,TRAP-A,22.5,90.97,11.78,0.0
2026-05-20 03:00:00,F01,TRAP-A,22.61,94.72,12.87,0.0
2026-05-20 03:10:00,F01,TRAP-A,22.36,90.2,12.43,0.0
2026-05-20 03:20:00,F01,TRAP-A,22.94,94.03,14.07,0.0
2026-05-20 03:30:00,F01,TRAP-A,22.25,89.62,11.84,0.0
2026-05-20 03:40:00,F01,TRAP-A,22.03,89.92,12.2,0.0
2026-05-20 03:50:00,F01,TRAP-A,23.53,93.14,17.27,0.0
2026-05-20 04:00:00,F01,TRAP-A,23.63,93.08,16.49,8.18
2026-05-20 04:10:00,F01,TRAP-A,22.58,92.07,16.24,0.0
2026-05-20 04:20:00,F01,TRAP-A,24.05,87.58,16.06,1.65
2026-05-20 04:30:00,F01,TRAP-A,22.95,88.7,13.56,0.0
2026-05-20 04:40:00,F01,TRAP-A,23.78,89.79,15.69,0.0
2026-05-20 04:50:00,F01,TRAP-A,24.37,86.84,13.3,0.0
2026-05-20 05:00:00,F01,TRAP-A,23.82,91.93,12.19,0.0
2026-05-20 05:10:00,F01,TRAP-A,24.35,82.03,13.41,0.0
2026-05-20 05:20:00,F01,TRAP-A,23.73,85.59,12.46,0.0
2026-05-20 05:30:00,F01,TRAP-A,24.14,85.75,13.46,0.0
2026-05-20 05:40:00,F01,TRAP-A,24.29,79.38,13.05,0.0
2026-05-20 05:50:00,F01,TRAP-A,24.02,82.45,14.74,0.0
2026-05-20 06:00:00,F01,TRAP-A,24.65,86.94,13.35,0.0
2026-05-20 06:10:00,F01,TRAP-A,23.72,84.88,15.66,0.0
2026-05-20 06:20:00,F01,TRAP-A,24.74,88.14,14.13,0.05
2026-05-20 06:30:00,F01,TRAP-A,25.09,87.47,19.52,0.0
2026-05-20 06:40:00,F01,TRAP-A,25.3,84.08,12.22,0.0
2026-05-20 06:50:00,F01,TRAP-A,25.49,83.16,15.39,0.0
2026-05-20 07:00:00,F01,TRAP-A,25.83,81.91,15.2,0.0
2026-05-20 07:10:00,F01,TRAP-A,26.45,74.47,20.83,0.0
2026-05-20 07:20:00,F01,TRAP-A,26.96,76.98,13.14,0.0
2026-05-20 07:30:00,F01,TRAP-A,25.93,80.07,12.77,0.0
2026-05-20 07:40:00,F01,TRAP-A,25.69,80.71,12.18,0.0
2026-05-20 07:50:00,F01,TRAP-A,26.01,79.24,12.46,0.0
2026-05-20 08:00:00,F01,TRAP-A,26.65,75.63,13.54,0.0
2026-05-20 08:10:00,F01,TRAP-A,26.96,79.55,16.81,0.0
2026-05-20 08:20:00,F01,TRAP-A,26.82,80.26,12.26,0.0
2026-05-20 08:30:00,F01,TRAP-A,26.59,78.25,11.67,0.0
2026-05-20 08:40:00,F01,TRAP-A,27.46,77.73,11.99,0.0
2026-05-20 08:50:00,F01,TRAP-A,28.16,73.22,11.24,0.0
2026-05-20 09:00:00,F01,TRAP-A,28.68,76.67,18.64,0.0
2026-05-20 09:10:00,F01,TRAP-A,27.95,73.72,16.86,0.0
2026-05-20 09:20:00,F01,TRAP-A,28.25,74.02,11.65,0.0
2026-05-20 09:30:00,F01,TRAP-A,28.02,73.04,11.26,0.0
2026-05-20 09:40:00,F01,TRAP-A,28.91,71.23,17.34,0.0
2026-05-20 09:50:00,F01,TRAP-A,28.44,68.8,10.12,0.0
2026-05-20 10:00:00,F01,TRAP-A,29.75,70.17,12.72,0.0
2026-05-20 10:10:00,F01,TRAP-A,28.02,72.29,17.24,0.0
2026-05-20 10:20:00,F01,TRAP-A,29.33,68.18,11.79,0.0
2026-05-20 10:30:00,F01,TRAP-A,30.01,70.99,9.5,0.0
2026-05-20 10:40:00,F01,TRAP-A,30.07,70.09,10.07,0.0
2026-05-20 10:50:00,F01,TRAP-A,32.23,67.01,16.84,0.0
2026-05-20 11:00:00,F01,TRAP-A,30.49,70.77,9.05,0.0
2026-05-20 11:10:00,F01,TRAP-A,29.54,65.96,10.34,0.0
2026-05-20 11:20:00,F01,TRAP-A,30.4,70.19,13.34,0.0
2026-05-20 11:30:00,F01,TRAP-A,29.17,67.1,13.95,0.0
2026-05-20 11:40:00,F01,TRAP-A,30.65,65.59,10.26,0.0
2026-05-20 11:50:00,F01,TRAP-A,30.15,63.05,8.93,0.0
2026-05-20 12:00:00,F01,TRAP-A,31.65,64.72,10.71,0.0
2026-05-20 12:10:00,F01,TRAP-A,30.57,64.12,8.71,0.0
2026-05-20 12:20:00,F01,TRAP-A,31.0,61.2,8.5,0.0
2026-05-20 12:30:00,F01,TRAP-A,30.67,63.54,12.38,0.0
2026-05-20 12:40:00,F01,TRAP-A,32.63,61.85,7.77,0.0
2026-05-20 12:50:00,F01,TRAP-A,31.05,65.12,7.11,0.0
2026-05-20 13:00:00,F01,TRAP-A,32.82,66.74,8.16,0.0
2026-05-20 13:10:00,F01,TRAP-A,32.05,60.26,8.79,0.0
2026-05-20 13:20:00,F01,TRAP-A,31.82,67.48,10.26,0.0
2026-05-20 13:30:00,F01,TRAP-A,31.76,62.79,10.99,0.0
2026-05-20 13:40:00,F01,TRAP-A,31.8,60.61,9.54,0.0
2026-05-20 13:50:00,F01,TRAP-A,29.96,64.9,9.07,0.0
2026-05-20 14:00:00,F01,TRAP-A,31.28,61.88,9.25,0.0
2026-05-20 14:10:00,F01,TRAP-A,32.17,62.82,6.77,0.0
2026-05-20 14:20:00,F01,TRAP-A,31.44,62.06,7.12,0.0
2026-05-20 14:30:00,F01,TRAP-A,30.33,61.11,8.41,0.0
2026-05-20 14:40:00,F01,TRAP-A,31.38,65.06,5.6,0.0
2026-05-20 14:50:00,F01,TRAP-A,32.75,62.67,6.32,0.0
2026-05-20 15:00:00,F01,TRAP-A,32.33,59.96,6.71,0.0
2026-05-20 15:10:00,F01,TRAP-A,31.23,65.12,7.31,0.0
2026-05-20 15:20:00,F01,TRAP-A,31.97,60.94,6.91,0.64
2026-05-20 15:30:00,F01,TRAP-A,30.85,61.31,8.6,0.0
2026-05-20 15:40:00,F01,TRAP-A,29.7,67.45,6.63,0.0
2026-05-20 15:50:00,F01,TRAP-A,30.23,61.77,11.64,0.0
2026-05-20 16:00:00,F01,TRAP-A,32.13,59.29,5.95,0.0
2026-05-20 16:10:00,F01,TRAP-A,30.55,66.98,6.67,0.0
2026-05-20 16:20:00,F01,TRAP-A,30.47,65.04,4.37,0.88
2026-05-20 16:30:00,F01,TRAP-A,30.3,65.64,5.41,0.0
2026-05-20 16:40:00,F01,TRAP-A,31.94,65.82,10.27,0.0
2026-05-20 16:50:00,F01,TRAP-A,31.59,67.62,5.39,0.0
2026-05-20 17:00:00,F01,TRAP-A,31.93,65.61,5.0,0.0
2026-05-20 17:10:00,F01,TRAP-A,29.88,71.66,6.44,0.0
2026-05-20 17:20:00,F01,TRAP-A,30.1,64.78,4.3,0.0
2026-05-20 17:30:00,F01,TRAP-A,28.49,70.1,6.3,0.0
2026-05-20 17:40:00,F01,TRAP-A,30.73,71.12,5.1,0.0
2026-05-20 17:50:00,F01,TRAP-A,28.45,68.16,5.45,0.0
2026-05-20 18:00:00,F01,TRAP-A,29.39,68.07,8.7,0.0
2026-05-20 18:10:00,F01,TRAP-A,28.16,73.74,7.26,0.0
2026-05-20 18:20:00,F01,TRAP-A,28.39,69.31,5.79,0.0
2026-05-20 18:30:00,F01,TRAP-A,28.01,70.88,6.62,0.0
2026-05-20 18:40:00,F01,TRAP-A,28.01,75.22,8.44,0.0
2026-05-20 18:50:00,F01,TRAP-A,27.88,73.71,8.21,0.0
2026-05-20 19:00:00,F01,TRAP-A,27.68,69.76,4.76,0.0
2026-05-20 19:10:00,F01,TRAP-A,28.6,79.26,5.27,0.0
2026-05-20 19:20:00,F01,TRAP-A,26.85,74.21,5.54,0.0
2026-05-20 19:30:00,F01,TRAP-A,27.72,75.18,4.94,0.0
2026-05-20 19:40:00,F01,TRAP-A,28.32,77.48,4.43,3.64
2026-05-20 19:50:00,F01,TRAP-A,26.74,79.05,5.04,0.0
2026-05-20 20:00:00,F01,TRAP-A,26.38,83.05,9.51,0.0
2026-05-20 20:10:00,F01,TRAP-A,26.58,74.65,7.02,0.0
2026-05-20 20:20:00,F01,TRAP-A,27.51,81.52,6.0,0.0
2026-05-20 20:30:00,F01,TRAP-A,26.52,81.96,7.66,0.0
2026-05-20 20:40:00,F01,TRAP-A,25.75,80.4,9.0,0.0
2026-05-20 20:50:00,F01,TRAP-A,26.37,83.36,6.39,0.0
2026-05-20 21:00:00,F01,TRAP-A,24.91,84.36,7.08,0.0
2026-05-20 21:10:00,F01,TRAP-A,26.15,79.19,5.53,0.0
2026-05-20 21:20:00,F01,TRAP-A,25.75,87.64,8.19,0.0
2026-05-20 21:30:00,F01,TRAP-A,24.99,79.98,6.92,0.0
2026-05-20 21:40:00,F01,TRAP-A,24.39,81.63,7.44,0.0
2026-05-20 21:50:00,F01,TRAP-A,24.17,84.4,7.53,0.0
2026-05-20 22:00:00,F01,TRAP-A,25.14,90.44,9.04,0.0
2026-05-20 22:10:00,F01,TRAP-A,25.53,85.41,8.74,0.87
2026-05-20 22:20:00,F01,TRAP-A,23.87,86.64,7.99,0.0
2026-05-20 22:30:00,F01,TRAP-A,24.59,90.83,6.56,0.0
2026-05-20 22:40:00,F01,TRAP-A,22.4,87.0,9.58,0.0
2026-05-20 22:50:00,F01,TRAP-A,23.46,85.29,13.18,0.0
2026-05-20 23:00:00,F01,TRAP-A,23.76,87.67,11.41,0.0
2026-05-20 23:10:00,F01,TRAP-A,22.93,92.58,19.16,1.35
2026-05-20 23:20:00,F01,TRAP-A,22.78,89.76,7.79,0.0
2026-05-20 23:30:00,F01,TRAP-A,22.87,94.81,8.27,0.0
2026-05-20 23:40:00,F01,TRAP-A,23.52,92.21,10.01,0.0
2026-05-20 23:50:00,F01,TRAP-A,23.03,89.12,8.67,0.0
2026-05-21 00:00:00,F01,TRAP-A,21.29,91.19,8.14,0.0
2026-05-21 00:10:00,F01,TRAP-A,21.29,89.24,9.76,0.0
2026-05-21 00:20:00,F01,TRAP-A,22.42,89.98,9.4,0.0
2026-05-21 00:30:00,F01,TRAP-A,23.19,98.0,9.48,0.0
2026-05-21 00:40:00,F01,TRAP-A,20.56,94.69,17.92,0.0
2026-05-21 00:50:00,F01,TRAP-A,22.3,94.5,9.72,0.0
2026-05-21 01:00:00,F01,TRAP-A,22.22,90.97,9.49,0.0
2026-05-21 01:10:00,F01,TRAP-A,23.71,96.6,9.64,0.0
2026-05-21 01:20:00,F01,TRAP-A,22.25,95.55,14.33,0.0
2026-05-21 01:30:00,F01,TRAP-A,22.84,97.59,13.33,0.0
2026-05-21 01:40:00,F01,TRAP-A,22.63,97.54,10.14,0.0
2026-05-21 01:50:00,F01,TRAP-A,20.8,89.29,10.63,0.0
2026-05-21 02:00:00,F01,TRAP-A,23.11,90.22,14.16,0.0
2026-05-21 02:10:00,F01,TRAP-A,22.68,90.47,11.15,0.0
2026-05-21 02:20:00,F01,TRAP-A,22.93,90.57,22.3,0.0
2026-05-21 02:30:00,F01,TRAP-A,25.69,93.66,12.8,0.0
2026-05-21 02:40:00,F01,TRAP-A,20.91,91.33,11.24,0.0
2026-05-21 02:50:00,F01,TRAP-A,24.0,97.79,16.6,0.0
2026-05-21 03:00:00,F01,TRAP-A,22.43,97.21,12.01,0.0
2026-05-21 03:10:00,F01,TRAP-A,22.95,92.24,12.0,1.21
2026-05-21 03:20:00,F01,TRAP-A,22.75,96.93,12.28,0.0
2026-05-21 03:30:00,F01,TRAP-A,22.52,95.52,15.58,0.0
2026-05-21 03:40:00,F01,TRAP-A,22.48,90.41,11.87,0.0
2026-05-21 03:50:00,F01,TRAP-A,23.29,86.21,12.84,0.0
2026-05-21 04:00:00,F01,TRAP-A,21.91,90.37,11.58,0.0
2026-05-21 04:10:00,F01,TRAP-A,23.83,88.96,16.82,0.0
2026-05-21 04:20:00,F01,TRAP-A,23.01,90.72,12.89,0.0
2026-05-21 04:30:00,F01,TRAP-A,22.55,90.03,12.57,0.0
2026-05-21 04:40:00,F01,TRAP-A,23.22,89.55,14.37,0.0
2026-05-21 04:50:00,F01,TRAP-A,24.72,90.27,15.49,0.0
2026-05-21 05:00:00,F01,TRAP-A,23.42,85.47,16.9,9.06
2026-05-21 05:10:00,F01,TRAP-A,24.28,89.05,13.2,0.0
2026-05-21 05:20:00,F01,TRAP-A,23.56,86.43,16.96,0.0
2026-05-21 05:30:00,F01,TRAP-A,24.9,87.51,13.85,0.0
2026-05-21 05:40:00,F01,TRAP-A,25.0,88.88,12.31,0.0
2026-05-21 05:50:00,F01,TRAP-A,26.1,82.87,17.62,0.0
2026-05-21 06:00:00,F01,TRAP-A,24.65,84.67,14.38,0.0
2026-05-21 06:10:00,F01,TRAP-A,25.5,84.5,14.76,0.0
2026-05-21 06:20:00,F01,TRAP-A,25.22,82.92,20.3,0.0
2026-05-21 06:30:00,F01,TRAP-A,26.36,85.85,14.42,0.0
2026-05-21 06:40:00,F01,TRAP-A,24.93,81.19,11.95,0.0
2026-05-21 06:50:00,F01,TRAP-A,26.29,80.98,18.03,0.0
2026-05-21 07:00:00,F01,TRAP-A,25.72,79.96,12.86,0.0
2026-05-21 07:10:00,F01,TRAP-A,26.02,83.83,13.89,0.0
2026-05-21 07:20:00,F01,TRAP-A,26.34,79.23,12.43,0.0
2026-05-21 07:30:00,F01,TRAP-A,26.66,80.96,12.74,0.0
2026-05-21 07:40:00,F01,TRAP-A,26.56,84.1,15.09,0.0
2026-05-21 07:50:00,F01,TRAP-A,27.02,78.32,13.21,0.0
2026-05-21 08:00:00,F01,TRAP-A,28.31,80.63,14.4,0.0
2026-05-21 08:10:00,F01,TRAP-A,28.03,81.38,16.56,0.0
2026-05-21 08:20:00,F01,TRAP-A,28.13,79.11,12.5,0.0
2026-05-21 08:30:00,F01,TRAP-A,27.27,75.85,13.67,0.0
2026-05-21 08:40:00,F01,TRAP-A,27.11,76.85,15.55,0.0
2026-05-21 08:50:00,F01,TRAP-A,28.78,71.39,14.69,0.0
2026-05-21 09:00:00,F01,TRAP-A,28.91,72.02,13.13,0.0
2026-05-21 09:10:00,F01,TRAP-A,29.57,71.84,12.12,0.0
2026-05-21 09:20:00,F01,TRAP-A,28.1,78.33,12.11,0.0
2026-05-21 09:30:00,F01,TRAP-A,28.58,70.09,12.11,0.0
2026-05-21 09:40:00,F01,TRAP-A,27.63,69.46,11.55,0.0
2026-05-21 09:50:00,F01,TRAP-A,28.8,68.33,13.72,0.0
2026-05-21 10:00:00,F01,TRAP-A,30.09,71.77,10.37,0.0
2026-05-21 10:10:00,F01,TRAP-A,29.08,70.17,20.09,0.0
2026-05-21 10:20:00,F01,TRAP-A,30.13,71.99,14.18,0.0
2026-05-21 10:30:00,F01,TRAP-A,29.62,70.43,10.56,0.0
2026-05-21 10:40:00,F01,TRAP-A,30.19,64.79,9.46,0.0
2026-05-21 10:50:00,F01,TRAP-A,29.15,65.74,12.89,0.0
2026-05-21 11:00:00,F01,TRAP-A,30.28,70.7,12.97,0.0
2026-05-21 11:10:00,F01,TRAP-A,27.95,66.33,18.77,0.0
2026-05-21 11:20:00,F01,TRAP-A,30.33,69.38,9.53,0.0
2026-05-21 11:30:00,F01,TRAP-A,29.29,65.64,8.74,0.0
2026-05-21 11:40:00,F01,TRAP-A,31.68,63.21,15.71,0.0
2026-05-21 11:50:00,F01,TRAP-A,31.44,64.51,9.03,0.0
2026-05-21 12:00:00,F01,TRAP-A,31.29,62.52,11.8,0.0
2026-05-21 12:10:00,F01,TRAP-A,32.23,63.21,7.97,0.0
2026-05-21 12:20:00,F01,TRAP-A,30.34,64.85,11.9,0.0
2026-05-21 12:30:00,F01,TRAP-A,32.57,65.36,7.85,0.0
2026-05-21 12:40:00,F01,TRAP-A,31.99,59.88,10.83,0.0
2026-05-21 12:50:00,F01,TRAP-A,31.12,63.61,9.38,0.0
2026-05-21 13:00:00,F01,TRAP-A,32.27,62.01,16.26,0.0
2026-05-21 13:10:00,F01,TRAP-A,30.52,61.7,6.87,0.0
2026-05-21 13:20:00,F01,TRAP-A,30.78,63.53,7.63,0.0
2026-05-21 13:30:00,F01,TRAP-A,30.98,61.73,6.65,0.0
2026-05-21 13:40:00,F01,TRAP-A,31.06,66.5,12.61,0.0
2026-05-21 13:50:00,F01,TRAP-A,30.65,65.98,8.82,0.0
2026-05-21 14:00:00,F01,TRAP-A,32.48,65.96,8.26,0.0
2026-05-21 14:10:00,F01,TRAP-A,31.29,61.78,6.24,4.67
2026-05-21 14:20:00,F01,TRAP-A,31.76,60.66,7.69,0.0
2026-05-21 14:30:00,F01,TRAP-A,31.0,63.35,7.06,0.0
2026-05-21 14:40:00,F01,TRAP-A,29.97,62.88,6.54,0.0
2026-05-21 14:50:00,F01,TRAP-A,31.6,61.87,9.71,0.0
2026-05-21 15:00:00,F01,TRAP-A,29.8,60.61,5.33,0.0
2026-05-21 15:10:00,F01,TRAP-A,31.22,63.64,8.15,0.0
2026-05-21 15:20:00,F01,TRAP-A,30.12,62.95,10.1,0.0
2026-05-21 15:30:00,F01,TRAP-A,32.73,65.92,11.94,0.0
2026-05-21 15:40:00,F01,TRAP-A,31.79,66.13,8.81,2.86
2026-05-21 15:50:00,F01,TRAP-A,31.06,67.52,5.6,0.0
2026-05-21 16:00:00,F01,TRAP-A,31.89,61.94,7.27,0.0
2026-05-21 16:10:00,F01,TRAP-A,30.09,66.43,4.89,0.0
2026-05-21 16:20:00,F01,TRAP-A,31.09,63.98,4.73,0.0
2026-05-21 16:30:00,F01,TRAP-A,30.7,63.14,7.34,0.0
2026-05-21 16:40:00,F01,TRAP-A,30.63,65.54,9.94,0.0
2026-05-21 16:50:00,F01,TRAP-A,31.3,69.71,4.38,0.0
2026-05-21 17:00:00,F01,TRAP-A,30.74,66.57,4.46,0.0
2026-05-21 17:10:00,F01,TRAP-A,30.24,71.89,6.59,0.0
2026-05-21 17:20:00,F01,TRAP-A,28.53,69.85,4.79,0.0
2026-05-21 17:30:00,F01,TRAP-A,28.94,68.0,6.87,0.05
2026-05-21 17:40:00,F01,TRAP-A,29.45,72.42,4.74,0.0
2026-05-21 17:50:00,F01,TRAP-A,29.45,71.18,4.37,0.0
2026-05-21 18:00:00,F01,TRAP-A,28.31,68.3,6.37,0.0
2026-05-21 18:10:00,F01,TRAP-A,30.97,75.86,9.95,0.0
2026-05-21 18:20:00,F01,TRAP-A,30.07,72.45,7.49,0.0
2026-05-21 18:30:00,F01,TRAP-A,29.16,72.45,9.16,0.0
2026-05-21 18:40:00,F01,TRAP-A,28.55,70.87,5.0,0.14
2026-05-21 18:50:00,F01,TRAP-A,28.14,76.58,10.62,0.0
2026-05-21 19:00:00,F01,TRAP-A,27.36,75.56,5.57,0.0
2026-05-21 19:10:00,F01,TRAP-A,27.99,76.47,9.94,0.0
2026-05-21 19:20:00,F01,TRAP-A,27.94,74.28,6.17,0.0
2026-05-21 19:30:00,F01,TRAP-A,26.55,78.28,5.26,0.0
2026-05-21 19:40:00,F01,TRAP-A,27.61,79.12,5.3,0.0
2026-05-21 19:50:00,F01,TRAP-A,27.03,75.83,6.99,0.0
2026-05-21 20:00:00,F01,TRAP-A,25.43,74.61,4.8,0.0
2026-05-21 20:10:00,F01,TRAP-A,26.07,80.26,12.63,0.0
2026-05-21 20:20:00,F01,TRAP-A,26.23,75.52,5.7,0.0
2026-05-21 20:30:00,F01,TRAP-A,27.88,80.49,6.08,0.0
2026-05-21 20:40:00,F01,TRAP-A,26.62,79.64,5.76,0.0
2026-05-21 20:50:00,F01,TRAP-A,24.91,84.44,5.09,0.0
2026-05-21 21:00:00,F01,TRAP-A,26.18,81.05,8.74,0.0
2026-05-21 21:10:00,F01,TRAP-A,24.37,85.42,8.01,14.76
2026-05-21 21:20:00,F01,TRAP-A,26.28,81.99,10.44,0.0
2026-05-21 21:30:00,F01,TRAP-A,24.86,86.38,5.72,0.0
2026-05-21 21:40:00,F01,TRAP-A,24.98,89.63,13.66,0.0
2026-05-21 21:50:00,F01,TRAP-A,25.94,82.39,7.09,0.0
2026-05-21 22:00:00,F01,TRAP-A,23.68,86.36,13.36,0.0
2026-05-21 22:10:00,F01,TRAP-A,23.43,93.06,6.53,0.0
2026-05-21 22:20:00,F01,TRAP-A,23.91,86.89,10.43,0.0
2026-05-21 22:30:00,F01,TRAP-A,25.06,87.41,9.1,0.0
2026-05-21 22:40:00,F01,TRAP-A,22.86,89.73,8.0,0.0
2026-05-21 22:50:00,F01,TRAP-A,21.66,88.35,7.08,0.0
2026-05-21 23:00:00,F01,TRAP-A,23.42,84.45,9.79,0.0
2026-05-21 23:10:00,F01,TRAP-A,24.09,91.99,7.25,0.0
2026-05-21 23:20:00,F01,TRAP-A,24.48,84.58,9.43,0.0
2026-05-21 23:30:00,F01,TRAP-A,23.03,88.95,10.3,0.0
2026-05-21 23:40:00,F01,TRAP-A,22.96,93.39,11.65,0.0
2026-05-21 23:50:00,F01,TRAP-A,24.1,89.84,22.11,0.0
2026-05-22 00:00:00,F01,TRAP-A,21.58,89.33,8.94,0.0
2026-05-22 00:10:00,F01,TRAP-A,22.68,93.57,9.38,0.0
2026-05-22 00:20:00,F01,TRAP-A,23.05,89.53,9.64,0.0
2026-05-22 00:30:00,F01,TRAP-A,23.18,88.86,12.51,0.0
2026-05-22 00:40:00,F01,TRAP-A,22.35,92.83,16.79,1.55
2026-05-22 00:50:00,F01,TRAP-A,22.72,91.89,19.89,0.0
2026-05-22 01:00:00,F01,TRAP-A,20.65,89.42,17.82,0.0
2026-05-22 01:10:00,F01,TRAP-A,22.07,94.27,15.59,0.0
2026-05-22 01:20:00,F01,TRAP-A,22.92,93.96,23.53,0.0
2026-05-22 01:30:00,F01,TRAP-A,21.75,91.99,10.98,0.0
2026-05-22 01:40:00,F01,TRAP-A,22.56,92.23,18.62,0.0
2026-05-22 01:50:00,F01,TRAP-A,22.86,94.17,14.18,0.0
2026-05-22 02:00:00,F01,TRAP-A,22.23,95.98,10.59,0.0
2026-05-22 02:10:00,F01,TRAP-A,22.64,92.27,10.32,0.0
2026-05-22 02:20:00,F01,TRAP-A,21.75,94.57,11.05,0.0
2026-05-22 02:30:00,F01,TRAP-A,22.38,94.26,14.99,0.0
2026-05-22 02:40:00,F01,TRAP-A,23.06,94.94,13.6,0.0
2026-05-22 02:50:00,F01,TRAP-A,22.74,92.71,11.49,0.0
2026-05-22 03:00:00,F01,TRAP-A,22.2,90.17,14.92,0.0
2026-05-22 03:10:00,F01,TRAP-A,22.9,91.1,11.43,0.0
2026-05-22 03:20:00,F01,TRAP-A,23.36,92.9,16.27,0.0
2026-05-22 03:30:00,F01,TRAP-A,21.22,96.34,15.94,0.0
2026-05-22 03:40:00,F01,TRAP-A,23.87,90.32,22.09,0.0
2026-05-22 03:50:00,F01,TRAP-A,22.76,93.25,11.88,0.0
2026-05-22 04:00:00,F01,TRAP-A,23.47,90.09,18.6,0.0
2026-05-22 04:10:00,F01,TRAP-A,24.19,90.84,12.82,3.19
2026-05-22 04:20:00,F01,TRAP-A,22.24,93.99,13.26,0.0
2026-05-22 04:30:00,F01,TRAP-A,22.89,91.72,13.61,0.0
2026-05-22 04:40:00,F01,TRAP-A,23.35,86.29,14.73,0.0
2026-05-22 04:50:00,F01,TRAP-A,23.09,87.52,27.58,0.0
2026-05-22 05:00:00,F01,TRAP-A,25.24,91.64,14.62,0.0
2026-05-22 05:10:00,F01,TRAP-A,23.31,88.37,19.75,0.0
2026-05-22 05:20:00,F01,TRAP-A,23.7,84.65,12.83,0.0
2026-05-22 05:30:00,F01,TRAP-A,24.46,84.96,13.5,0.0
2026-05-22 05:40:00,F01,TRAP-A,23.5,88.24,14.09,0.0
2026-05-22 05:50:00,F01,TRAP-A,24.3,88.41,13.17,0.0
2026-05-22 06:00:00,F01,TRAP-A,25.04,85.41,23.3,0.0
2026-05-22 06:10:00,F01,TRAP-A,24.7,90.98,15.87,0.0
2026-05-22 06:20:00,F01,TRAP-A,25.07,86.26,13.94,0.0
2026-05-22 06:30:00,F01,TRAP-A,24.9,82.99,16.13,0.0
2026-05-22 06:40:00,F01,TRAP-A,24.29,80.95,13.82,0.0
2026-05-22 06:50:00,F01,TRAP-A,25.95,79.93,11.95,0.0
2026-05-22 07:00:00,F01,TRAP-A,27.28,82.57,14.2,0.0
2026-05-22 07:10:00,F01,TRAP-A,26.09,79.87,14.75,0.0
2026-05-22 07:20:00,F01,TRAP-A,26.44,84.64,23.67,0.0
2026-05-22 07:30:00,F01,TRAP-A,27.01,83.47,11.8,0.0
2026-05-22 07:40:00,F01,TRAP-A,25.64,80.74,13.76,0.0
2026-05-22 07:50:00,F01,TRAP-A,28.21,75.55,11.84,0.0
2026-05-22 08:00:00,F01,TRAP-A,27.21,76.16,11.93,0.0
2026-05-22 08:10:00,F01,TRAP-A,28.55,80.33,14.18,0.0
2026-05-22 08:20:00,F01,TRAP-A,26.85,75.13,12.04,0.0
2026-05-22 08:30:00,F01,TRAP-A,29.09,78.69,15.3,0.0
2026-05-22 08:40:00,F01,TRAP-A,28.45,76.43,13.2,0.0
2026-05-22 08:50:00,F01,TRAP-A,28.46,74.73,11.66,0.0
2026-05-22 09:00:00,F01,TRAP-A,28.4,72.21,12.84,0.0
2026-05-22 09:10:00,F01,TRAP-A,28.2,73.11,10.67,0.0
2026-05-22 09:20:00,F01,TRAP-A,29.54,73.2,16.5,0.0
2026-05-22 09:30:00,F01,TRAP-A,28.88,74.7,10.44,0.0
2026-05-22 09:40:00,F01,TRAP-A,27.37,69.31,10.28,0.0
2026-05-22 09:50:00,F01,TRAP-A,28.23,70.28,12.95,0.0
2026-05-22 10:00:00,F01,TRAP-A,29.14,70.48,20.86,0.0
2026-05-22 10:10:00,F01,TRAP-A,29.71,71.47,15.62,0.0
2026-05-22 10:20:00,F01,TRAP-A,29.57,67.0,10.52,0.0
2026-05-22 10:30:00,F01,TRAP-A,30.75,65.45,10.15,0.0
2026-05-22 10:40:00,F01,TRAP-A,28.37,69.92,12.28,0.0
2026-05-22 10:50:00,F01,TRAP-A,30.19,63.96,14.35,0.0
2026-05-22 11:00:00,F01,TRAP-A,28.76,70.5,10.34,0.0
2026-05-22 11:10:00,F01,TRAP-A,30.96,66.45,10.52,0.0
2026-05-22 11:20:00,F01,TRAP-A,30.4,62.54,9.02,0.36
2026-05-22 11:30:00,F01,TRAP-A,30.93,64.8,8.98,0.0
2026-05-22 11:40:00,F01,TRAP-A,30.02,66.57,10.83,0.0
2026-05-22 11:50:00,F01,TRAP-A,31.84,63.93,8.46,0.0
2026-05-22 12:00:00,F01,TRAP-A,31.75,64.98,8.64,0.0
2026-05-22 12:10:00,F01,TRAP-A,31.48,66.47,8.59,0.0
2026-05-22 12:20:00,F01,TRAP-A,30.99,63.83,9.37,0.0
2026-05-22 12:30:00,F01,TRAP-A,31.64,61.74,7.58,0.0
2026-05-22 12:40:00,F01,TRAP-A,30.68,63.1,9.34,0.0
2026-05-22 12:50:00,F01,TRAP-A,31.99,67.19,15.02,0.0
2026-05-22 13:00:00,F01,TRAP-A,32.68,67.68,7.0,0.0
2026-05-22 13:10:00,F01,TRAP-A,32.26,58.27,9.75,0.0
2026-05-22 13:20:00,F01,TRAP-A,30.86,65.93,12.01,0.0
2026-05-22 13:30:00,F01,TRAP-A,31.76,63.73,7.55,0.0
2026-05-22 13:40:00,F01,TRAP-A,30.45,65.35,6.69,2.04
2026-05-22 13:50:00,F01,TRAP-A,31.96,61.63,6.25,0.0
2026-05-22 14:00:00,F01,TRAP-A,31.86,58.58,9.06,0.0
2026-05-22 14:10:00,F01,TRAP-A,30.0,64.48,8.23,0.0
2026-05-22 14:20:00,F01,TRAP-A,30.55,60.72,6.45,0.0
2026-05-22 14:30:00,F01,TRAP-A,31.23,59.68,10.88,0.0
2026-05-22 14:40:00,F01,TRAP-A,31.18,59.96,9.39,0.0
2026-05-22 14:50:00,F01,TRAP-A,30.42,64.89,6.24,0.0
2026-05-22 15:00:00,F01,TRAP-A,31.65,63.9,9.34,0.0
2026-05-22 15:10:00,F01,TRAP-A,31.48,65.7,5.87,0.0
2026-05-22 15:20:00,F01,TRAP-A,31.06,65.63,8.28,0.0
2026-05-22 15:30:00,F01,TRAP-A,30.53,63.15,5.18,0.0
2026-05-22 15:40:00,F01,TRAP-A,31.9,64.3,8.23,0.0
2026-05-22 15:50:00,F01,TRAP-A,32.29,63.49,5.42,0.0
2026-05-22 16:00:00,F01,TRAP-A,30.49,64.56,7.06,0.0
2026-05-22 16:10:00,F01,TRAP-A,30.28,63.02,5.0,0.0
2026-05-22 16:20:00,F01,TRAP-A,31.05,66.78,8.24,0.0
2026-05-22 16:30:00,F01,TRAP-A,30.25,68.88,4.48,0.0
2026-05-22 16:40:00,F01,TRAP-A,30.31,64.57,4.77,0.0
2026-05-22 16:50:00,F01,TRAP-A,30.88,70.25,4.78,0.0
2026-05-22 17:00:00,F01,TRAP-A,28.62,67.79,4.25,0.0
2026-05-22 17:10:00,F01,TRAP-A,31.06,68.59,8.19,0.0
2026-05-22 17:20:00,F01,TRAP-A,29.91,64.23,15.94,0.0
2026-05-22 17:30:00,F01,TRAP-A,29.37,64.48,8.55,0.0
2026-05-22 17:40:00,F01,TRAP-A,29.47,69.89,9.92,0.0
2026-05-22 17:50:00,F01,TRAP-A,29.35,72.05,4.02,0.0
2026-05-22 18:00:00,F01,TRAP-A,27.82,68.96,4.38,0.0
2026-05-22 18:10:00,F01,TRAP-A,30.23,75.39,6.46,0.0
2026-05-22 18:20:00,F01,TRAP-A,28.89,73.64,15.45,0.0
2026-05-22 18:30:00,F01,TRAP-A,29.03,70.14,7.28,0.0
2026-05-22 18:40:00,F01,TRAP-A,29.26,73.1,5.47,0.0
2026-05-22 18:50:00,F01,TRAP-A,27.49,79.83,4.58,0.0
2026-05-22 19:00:00,F01,TRAP-A,28.5,71.16,4.65,0.0
2026-05-22 19:10:00,F01,TRAP-A,27.71,76.23,5.55,0.0
2026-05-22 19:20:00,F01,TRAP-A,28.41,74.74,8.01,0.0
2026-05-22 19:30:00,F01,TRAP-A,25.84,77.97,4.42,0.0
2026-05-22 19:40:00,F01,TRAP-A,27.27,80.02,10.13,0.0
2026-05-22 19:50:00,F01,TRAP-A,26.67,76.54,12.99,0.0
2026-05-22 20:00:00,F01,TRAP-A,27.3,80.96,11.15,0.0
2026-05-22 20:10:00,F01,TRAP-A,27.13,84.37,11.98,0.0
2026-05-22 20:20:00,F01,TRAP-A,25.99,79.63,4.79,0.0
2026-05-22 20:30:00,F01,TRAP-A,25.8,82.08,16.27,0.0
2026-05-22 20:40:00,F01,TRAP-A,26.08,79.29,6.33,0.0
2026-05-22 20:50:00,F01,TRAP-A,25.26,81.45,11.18,0.0
2026-05-22 21:00:00,F01,TRAP-A,26.46,81.59,5.82,0.0
2026-05-22 21:10:00,F01,TRAP-A,25.31,84.65,7.1,0.0
2026-05-22 21:20:00,F01,TRAP-A,23.09,86.29,5.6,0.0
2026-05-22 21:30:00,F01,TRAP-A,24.93,83.61,5.72,0.0
2026-05-22 21:40:00,F01,TRAP-A,24.22,88.32,14.35,6.05
2026-05-22 21:50:00,F01,TRAP-A,23.57,88.89,10.88,0.0
2026-05-22 22:00:00,F01,TRAP-A,23.72,87.75,8.3,0.0
2026-05-22 22:10:00,F01,TRAP-A,24.63,84.9,8.43,0.0
2026-05-22 22:20:00,F01,TRAP-A,25.44,85.2,10.49,0.0
2026-05-22 22:30:00,F01,TRAP-A,24.47,85.23,7.76,0.0
2026-05-22 22:40:00,F01,TRAP-A,23.59,90.14,10.98,3.68
2026-05-22 22:50:00,F01,TRAP-A,24.29,85.22,8.83,0.0
2026-05-22 23:00:00,F01,TRAP-A,23.42,90.41,10.05,0.0
2026-05-22 23:10:00,F01,TRAP-A,23.09,86.46,17.22,0.0
2026-05-22 23:20:00,F01,TRAP-A,22.6,91.65,9.26,0.0
2026-05-22 23:30:00,F01,TRAP-A,22.0,90.04,9.15,0.0
2026-05-22 23:40:00,F01,TRAP-A,22.97,93.71,14.78,0.0
2026-05-22 23:50:00,F01,TRAP-A,23.31,93.59,14.85,0.0
2026-05-23 00:00:00,F01,TRAP-A,23.0,94.66,22.69,0.0
2026-05-23 00:10:00,F01,TRAP-A,22.65,95.03,10.62,0.0
2026-05-23 00:20:00,F01,TRAP-A,22.14,92.02,9.66,0.0
2026-05-23 00:30:00,F01,TRAP-A,23.31,89.02,9.39,0.0
2026-05-23 00:40:00,F01,TRAP-A,21.7,89.52,8.84,0.0
2026-05-23 00:50:00,F01,TRAP-A,23.31,87.14,12.8,0.0
2026-05-23 01:00:00,F01,TRAP-A,21.84,89.82,9.87,0.0
2026-05-23 01:10:00,F01,TRAP-A,21.99,92.85,12.04,0.0
2026-05-23 01:20:00,F01,TRAP-A,21.39,91.4,16.86,0.0
2026-05-23 01:30:00,F01,TRAP-A,22.13,92.44,18.57,0.0
2026-05-23 01:40:00,F01,TRAP-A,23.29,94.19,9.74,0.0
2026-05-23 01:50:00,F01,TRAP-A,22.91,92.23,11.03,0.0
2026-05-23 02:00:00,F01,TRAP-A,23.28,90.19,15.49,0.0
2026-05-23 02:10:00,F01,TRAP-A,22.92,92.84,12.49,0.0
2026-05-23 02:20:00,F01,TRAP-A,21.64,90.68,15.27,0.0
2026-05-23 02:30:00,F01,TRAP-A,22.28,92.17,16.23,0.0
2026-05-23 02:40:00,F01,TRAP-A,21.95,96.1,12.36,0.0
2026-05-23 02:50:00,F01,TRAP-A,23.68,91.93,12.07,0.0
2026-05-23 03:00:00,F01,TRAP-A,21.71,96.87,12.68,0.0
2026-05-23 03:10:00,F01,TRAP-A,23.44,95.84,14.15,0.0
2026-05-23 03:20:00,F01,TRAP-A,23.5,90.59,12.46,0.0
2026-05-23 03:30:00,F01,TRAP-A,24.32,89.02,15.67,0.0
2026-05-23 03:40:00,F01,TRAP-A,22.61,91.39,18.33,0.0
2026-05-23 03:50:00,F01,TRAP-A,23.6,94.11,12.39,0.0
2026-05-23 04:00:00,F01,TRAP-A,24.95,89.68,21.54,0.0
2026-05-23 04:10:00,F01,TRAP-A,22.74,92.83,14.49,0.0
2026-05-23 04:20:00,F01,TRAP-A,22.11,93.22,17.96,0.0
2026-05-23 04:30:00,F01,TRAP-A,21.96,87.87,12.04,0.0
2026-05-23 04:40:00,F01,TRAP-A,24.15,87.7,12.64,0.0
2026-05-23 04:50:00,F01,TRAP-A,22.21,90.73,12.99,0.0
2026-05-23 05:00:00,F01,TRAP-A,23.55,88.87,12.96,0.0
2026-05-23 05:10:00,F01,TRAP-A,24.35,86.3,12.48,0.0
2026-05-23 05:20:00,F01,TRAP-A,24.29,86.64,18.03,0.0
2026-05-23 05:30:00,F01,TRAP-A,24.64,86.83,13.6,0.0
2026-05-23 05:40:00,F01,TRAP-A,24.64,82.56,21.89,0.0
2026-05-23 05:50:00,F01,TRAP-A,25.65,87.84,14.63,0.0
2026-05-23 06:00:00,F01,TRAP-A,24.03,84.16,12.45,0.0
2026-05-23 06:10:00,F01,TRAP-A,24.42,77.82,14.36,0.0
2026-05-23 06:20:00,F01,TRAP-A,24.52,84.13,27.11,0.0
2026-05-23 06:30:00,F01,TRAP-A,25.99,81.74,14.46,0.0
2026-05-23 06:40:00,F01,TRAP-A,26.23,87.2,11.94,0.0
2026-05-23 06:50:00,F01,TRAP-A,26.05,80.89,20.01,0.0
2026-05-23 07:00:00,F01,TRAP-A,26.83,78.98,12.66,0.0
2026-05-23 07:10:00,F01,TRAP-A,25.13,82.36,15.3,0.0
2026-05-23 07:20:00,F01,TRAP-A,27.6,78.79,13.92,0.0
2026-05-23 07:30:00,F01,TRAP-A,27.68,77.85,12.86,0.0
2026-05-23 07:40:00,F01,TRAP-A,27.24,80.42,12.6,0.0
2026-05-23 07:50:00,F01,TRAP-A,28.28,75.89,19.45,0.0
2026-05-23 08:00:00,F01,TRAP-A,25.72,74.19,18.73,0.0
2026-05-23 08:10:00,F01,TRAP-A,26.83,81.5,13.51,0.77
2026-05-23 08:20:00,F01,TRAP-A,26.85,77.98,12.15,0.0
2026-05-23 08:30:00,F01,TRAP-A,28.21,75.22,11.47,0.0
2026-05-23 08:40:00,F01,TRAP-A,26.99,75.23,11.55,0.0
2026-05-23 08:50:00,F01,TRAP-A,28.63,75.86,13.14,0.0
2026-05-23 09:00:00,F01,TRAP-A,29.31,76.39,11.9,0.0
2026-05-23 09:10:00,F01,TRAP-A,28.96,71.44,10.8,0.0
2026-05-23 09:20:00,F01,TRAP-A,28.81,73.63,12.36,0.0
2026-05-23 09:30:00,F01,TRAP-A,27.98,70.84,14.51,0.0
2026-05-23 09:40:00,F01,TRAP-A,28.27,71.04,16.93,0.0
2026-05-23 09:50:00,F01,TRAP-A,30.12,71.33,12.75,0.0
2026-05-23 10:00:00,F01,TRAP-A,29.92,70.34,13.82,0.0
2026-05-23 10:10:00,F01,TRAP-A,29.43,71.64,11.17,0.0
2026-05-23 10:20:00,F01,TRAP-A,29.29,70.48,11.71,0.0
2026-05-23 10:30:00,F01,TRAP-A,28.16,64.97,13.41,0.0
2026-05-23 10:40:00,F01,TRAP-A,29.07,64.84,13.23,0.0
2026-05-23 10:50:00,F01,TRAP-A,31.61,66.82,10.82,0.0
2026-05-23 11:00:00,F01,TRAP-A,29.19,71.85,11.35,0.0
2026-05-23 11:10:00,F01,TRAP-A,30.5,64.7,16.55,0.0
2026-05-23 11:20:00,F01,TRAP-A,31.28,65.88,11.65,0.0
2026-05-23 11:30:00,F01,TRAP-A,29.6,64.66,11.57,0.0
2026-05-23 11:40:00,F01,TRAP-A,30.86,64.23,12.91,0.0
2026-05-23 11:50:00,F01,TRAP-A,31.57,65.71,8.5,0.0
2026-05-23 12:00:00,F01,TRAP-A,30.93,68.43,10.18,0.0
2026-05-23 12:10:00,F01,TRAP-A,33.31,65.76,17.4,0.0
2026-05-23 12:20:00,F01,TRAP-A,29.76,62.33,8.95,0.0
2026-05-23 12:30:00,F01,TRAP-A,32.02,70.96,8.48,0.0
2026-05-23 12:40:00,F01,TRAP-A,31.11,64.05,10.02,0.0
2026-05-23 12:50:00,F01,TRAP-A,31.92,62.2,7.84,0.0
2026-05-23 13:00:00,F01,TRAP-A,31.71,67.0,9.36,0.0
2026-05-23 13:10:00,F01,TRAP-A,30.82,62.15,7.26,0.0
2026-05-23 13:20:00,F01,TRAP-A,31.62,67.36,9.19,0.0
2026-05-23 13:30:00,F01,TRAP-A,29.98,60.93,9.2,0.0
2026-05-23 13:40:00,F01,TRAP-A,31.97,66.62,7.9,0.0
2026-05-23 13:50:00,F01,TRAP-A,31.74,63.51,7.56,0.0
2026-05-23 14:00:00,F01,TRAP-A,32.01,66.23,6.81,0.0
2026-05-23 14:10:00,F01,TRAP-A,32.34,67.78,7.02,0.0
2026-05-23 14:20:00,F01,TRAP-A,31.77,60.24,7.74,0.0
2026-05-23 14:30:00,F01,TRAP-A,31.57,66.34,6.38,0.0
2026-05-23 14:40:00,F01,TRAP-A,30.72,59.74,9.98,0.0
2026-05-23 14:50:00,F01,TRAP-A,30.81,60.77,8.97,0.0
2026-05-23 15:00:00,F01,TRAP-A,32.28,61.55,6.08,0.0
2026-05-23 15:10:00,F01,TRAP-A,32.43,65.0,5.33,0.0
2026-05-23 15:20:00,F01,TRAP-A,31.02,64.04,4.91,1.07
2026-05-23 15:30:00,F01,TRAP-A,31.18,63.79,7.52,0.0
2026-05-23 15:40:00,F01,TRAP-A,30.33,64.84,5.41,0.0
2026-05-23 15:50:00,F01,TRAP-A,31.91,66.25,4.64,0.0
2026-05-23 16:00:00,F01,TRAP-A,31.4,66.76,5.85,0.0
2026-05-23 16:10:00,F01,TRAP-A,32.32,68.17,14.24,0.0
2026-05-23 16:20:00,F01,TRAP-A,29.95,70.36,7.87,0.0
2026-05-23 16:30:00,F01,TRAP-A,30.24,66.15,10.14,0.0
2026-05-23 16:40:00,F01,TRAP-A,30.6,65.31,4.7,0.0
2026-05-23 16:50:00,F01,TRAP-A,30.8,68.59,4.4,0.0
2026-05-23 17:00:00,F01,TRAP-A,29.97,64.65,4.16,0.0
2026-05-23 17:10:00,F01,TRAP-A,29.31,66.29,13.43,0.0
2026-05-23 17:20:00,F01,TRAP-A,30.56,70.98,5.12,0.0
2026-05-23 17:30:00,F01,TRAP-A,30.28,68.69,5.87,0.0
2026-05-23 17:40:00,F01,TRAP-A,28.81,66.51,5.52,0.0
2026-05-23 17:50:00,F01,TRAP-A,30.46,66.36,7.94,0.0
2026-05-23 18:00:00,F01,TRAP-A,30.14,70.77,5.11,0.0
2026-05-23 18:10:00,F01,TRAP-A,29.14,74.08,6.31,0.0
2026-05-23 18:20:00,F01,TRAP-A,28.92,74.63,20.29,0.0
2026-05-23 18:30:00,F01,TRAP-A,29.12,72.69,5.8,0.0
2026-05-23 18:40:00,F01,TRAP-A,27.8,78.05,6.47,0.0
2026-05-23 18:50:00,F01,TRAP-A,28.33,73.39,6.2,0.0
2026-05-23 19:00:00,F01,TRAP-A,26.39,73.93,9.02,0.0
2026-05-23 19:10:00,F01,TRAP-A,28.63,68.5,5.13,0.0
2026-05-23 19:20:00,F01,TRAP-A,26.48,74.44,4.82,0.0
2026-05-23 19:30:00,F01,TRAP-A,28.74,78.34,8.53,0.0
2026-05-23 19:40:00,F01,TRAP-A,27.08,80.77,6.01,0.0
2026-05-23 19:50:00,F01,TRAP-A,26.98,75.44,11.82,0.0
2026-05-23 20:00:00,F01,TRAP-A,26.45,79.32,7.66,0.0
2026-05-23 20:10:00,F01,TRAP-A,26.52,81.44,7.14,0.0
2026-05-23 20:20:00,F01,TRAP-A,27.69,79.5,4.97,0.0
2026-05-23 20:30:00,F01,TRAP-A,24.37,74.41,8.79,0.0
2026-05-23 20:40:00,F01,TRAP-A,27.19,81.39,8.44,0.0
2026-05-23 20:50:00,F01,TRAP-A,26.25,83.31,8.15,0.0
2026-05-23 21:00:00,F01,TRAP-A,24.82,79.67,6.14,0.0
2026-05-23 21:10:00,F01,TRAP-A,24.74,82.03,14.13,0.0
2026-05-23 21:20:00,F01,TRAP-A,26.76,80.4,6.63,0.0
2026-05-23 21:30:00,F01,TRAP-A,24.48,77.47,6.1,0.0
2026-05-23 21:40:00,F01,TRAP-A,24.13,87.06,18.82,0.0
2026-05-23 21:50:00,F01,TRAP-A,25.79,85.06,10.0,0.0
2026-05-23 22:00:00,F01,TRAP-A,24.98,89.64,7.65,0.0
2026-05-23 22:10:00,F01,TRAP-A,23.79,88.34,14.44,0.0
2026-05-23 22:20:00,F01,TRAP-A,24.55,85.85,6.64,0.0
2026-05-23 22:30:00,F01,TRAP-A,23.4,87.06,6.79,0.0
2026-05-23 22:40:00,F01,TRAP-A,24.95,89.18,10.12,0.0
2026-05-23 22:50:00,F01,TRAP-A,24.77,90.67,7.43,0.0
2026-05-23 23:00:00,F01,TRAP-A,24.21,89.53,14.48,0.0
2026-05-23 23:10:00,F01,TRAP-A,23.94,91.94,12.68,0.0
2026-05-23 23:20:00,F01,TRAP-A,24.93,88.86,8.45,0.0
2026-05-23 23:30:00,F01,TRAP-A,23.4,87.51,14.11,0.0
2026-05-23 23:40:00,F01,TRAP-A,22.34,90.22,7.83,0.0
2026-05-23 23:50:00,F01,TRAP-A,23.54,91.25,10.26,0.0
2026-05-24 00:00:00,F01,TRAP-A,24.75,88.07,16.27,0.0
2026-05-24 00:10:00,F01,TRAP-A,22.17,88.04,14.02,0.0
2026-05-24 00:20:00,F01,TRAP-A,22.61,92.78,9.71,0.0
2026-05-24 00:30:00,F01,TRAP-A,23.16,90.91,9.17,0.0
2026-05-24 00:40:00,F01,TRAP-A,22.71,91.74,9.45,0.0
2026-05-24 00:50:00,F01,TRAP-A,21.91,91.46,11.08,0.0
2026-05-24 01:00:00,F01,TRAP-A,23.54,96.33,11.8,0.0
2026-05-24 01:10:00,F01,TRAP-A,24.45,95.83,9.35,0.0
2026-05-24 01:20:00,F01,TRAP-A,22.72,89.71,11.01,0.0
2026-05-24 01:30:00,F01,TRAP-A,21.81,91.56,14.89,0.0
2026-05-24 01:40:00,F01,TRAP-A,21.27,95.08,11.49,0.0
2026-05-24 01:50:00,F01,TRAP-A,22.71,94.5,10.44,0.0
2026-05-24 02:00:00,F01,TRAP-A,23.38,92.9,19.33,0.0
2026-05-24 02:10:00,F01,TRAP-A,22.89,90.13,11.12,0.0
2026-05-24 02:20:00,F01,TRAP-A,22.52,91.22,15.14,0.0
2026-05-24 02:30:00,F01,TRAP-A,22.07,91.56,11.12,0.0
2026-05-24 02:40:00,F01,TRAP-A,21.7,93.43,12.26,0.0
2026-05-24 02:50:00,F01,TRAP-A,23.29,96.87,12.76,0.0
2026-05-24 03:00:00,F01,TRAP-A,23.4,90.73,12.94,0.0
2026-05-24 03:10:00,F01,TRAP-A,21.49,89.69,13.16,0.0
2026-05-24 03:20:00,F01,TRAP-A,24.06,91.77,11.86,0.0
2026-05-24 03:30:00,F01,TRAP-A,23.32,94.37,13.38,0.0
2026-05-24 03:40:00,F01,TRAP-A,24.06,87.91,13.27,0.0
2026-05-24 03:50:00,F01,TRAP-A,21.96,94.86,12.1,0.0
2026-05-24 04:00:00,F01,TRAP-A,22.04,90.48,24.8,0.0
2026-05-24 04:10:00,F01,TRAP-A,23.11,88.72,17.59,0.0
2026-05-24 04:20:00,F01,TRAP-A,23.75,86.19,18.2,0.0
2026-05-24 04:30:00,F01,TRAP-A,24.9,91.56,15.18,0.0
2026-05-24 04:40:00,F01,TRAP-A,24.15,88.95,12.3,0.0
2026-05-24 04:50:00,F01,TRAP-A,23.52,89.37,14.35,0.0
2026-05-24 05:00:00,F01,TRAP-A,23.03,86.23,17.04,0.0
2026-05-24 05:10:00,F01,TRAP-A,24.98,87.21,12.03,0.0
2026-05-24 05:20:00,F01,TRAP-A,23.37,86.3,14.0,0.0
2026-05-24 05:30:00,F01,TRAP-A,25.6,86.75,13.48,0.0
2026-05-24 05:40:00,F01,TRAP-A,24.23,84.79,12.7,0.0
2026-05-24 05:50:00,F01,TRAP-A,25.9,82.08,13.42,0.0
2026-05-24 06:00:00,F01,TRAP-A,25.34,92.17,24.31,0.0
2026-05-24 06:10:00,F01,TRAP-A,24.86,81.37,15.85,0.0
2026-05-24 06:20:00,F01,TRAP-A,24.73,84.64,13.05,0.0
2026-05-24 06:30:00,F01,TRAP-A,25.05,79.15,14.75,0.26
2026-05-24 06:40:00,F01,TRAP-A,25.85,77.98,12.78,0.0
2026-05-24 06:50:00,F01,TRAP-A,25.76,82.59,14.73,0.0
2026-05-24 07:00:00,F01,TRAP-A,25.41,82.15,18.65,0.0
2026-05-24 07:10:00,F01,TRAP-A,25.94,84.23,14.24,0.0
2026-05-24 07:20:00,F01,TRAP-A,26.33,81.44,15.71,0.0
2026-05-24 07:30:00,F01,TRAP-A,24.76,79.42,13.49,0.0
2026-05-24 07:40:00,F01,TRAP-A,27.03,76.76,13.83,0.0
2026-05-24 07:50:00,F01,TRAP-A,26.07,82.23,15.09,0.0
2026-05-24 08:00:00,F01,TRAP-A,26.13,80.15,16.46,0.0
2026-05-24 08:10:00,F01,TRAP-A,25.9,74.06,14.58,0.92
2026-05-24 08:20:00,F01,TRAP-A,26.01,76.62,22.63,0.0
2026-05-24 08:30:00,F01,TRAP-A,26.55,76.23,16.29,0.0
2026-05-24 08:40:00,F01,TRAP-A,27.26,74.36,15.54,0.0
2026-05-24 08:50:00,F01,TRAP-A,29.59,76.52,16.51,0.0
2026-05-24 09:00:00,F01,TRAP-A,27.79,76.03,11.79,0.0
2026-05-24 09:10:00,F01,TRAP-A,28.54,72.85,12.37,0.0
2026-05-24 09:20:00,F01,TRAP-A,28.91,72.01,13.03,0.0
2026-05-24 09:30:00,F01,TRAP-A,28.87,75.85,12.26,0.0
2026-05-24 09:40:00,F01,TRAP-A,28.89,73.84,15.9,0.0
2026-05-24 09:50:00,F01,TRAP-A,28.17,71.1,10.19,0.0
2026-05-24 10:00:00,F01,TRAP-A,30.45,66.28,10.66,0.0
2026-05-24 10:10:00,F01,TRAP-A,30.91,70.66,16.21,0.0
2026-05-24 10:20:00,F01,TRAP-A,28.28,71.0,9.83,0.0
2026-05-24 10:30:00,F01,TRAP-A,28.96,61.85,10.26,0.0
2026-05-24 10:40:00,F01,TRAP-A,29.71,68.86,10.62,0.0
2026-05-24 10:50:00,F01,TRAP-A,29.31,66.7,13.33,0.0
2026-05-24 11:00:00,F01,TRAP-A,30.62,66.72,11.46,0.0
2026-05-24 11:10:00,F01,TRAP-A,29.77,64.56,18.1,0.0
2026-05-24 11:20:00,F01,TRAP-A,32.21,66.03,9.43,0.0
2026-05-24 11:30:00,F01,TRAP-A,31.55,69.48,14.65,0.0
2026-05-24 11:40:00,F01,TRAP-A,30.89,64.5,9.3,0.0
2026-05-24 11:50:00,F01,TRAP-A,31.64,67.67,8.97,0.0
2026-05-24 12:00:00,F01,TRAP-A,31.81,62.91,10.02,0.0
2026-05-24 12:10:00,F01,TRAP-A,30.56,66.51,8.0,0.0
2026-05-24 12:20:00,F01,TRAP-A,30.45,64.34,9.06,0.0
2026-05-24 12:30:00,F01,TRAP-A,31.24,64.96,8.75,0.0
2026-05-24 12:40:00,F01,TRAP-A,31.94,63.86,7.78,0.0
2026-05-24 12:50:00,F01,TRAP-A,31.42,65.25,13.01,0.0
2026-05-24 13:00:00,F01,TRAP-A,30.1,57.05,8.38,0.0
2026-05-24 13:10:00,F01,TRAP-A,30.76,59.77,18.79,0.0
2026-05-24 13:20:00,F01,TRAP-A,31.38,64.24,13.49,0.0
2026-05-24 13:30:00,F01,TRAP-A,31.41,58.0,7.08,0.0
2026-05-24 13:40:00,F01,TRAP-A,33.07,61.72,8.38,0.0
2026-05-24 13:50:00,F01,TRAP-A,30.39,62.87,8.88,0.0
2026-05-24 14:00:00,F01,TRAP-A,31.9,60.93,11.09,0.0
2026-05-24 14:10:00,F01,TRAP-A,32.68,61.29,12.32,0.0
2026-05-24 14:20:00,F01,TRAP-A,33.3,63.75,8.6,0.0
2026-05-24 14:30:00,F01,TRAP-A,31.13,65.67,5.64,0.0
2026-05-24 14:40:00,F01,TRAP-A,31.82,60.86,7.36,0.0
2026-05-24 14:50:00,F01,TRAP-A,31.84,61.96,11.75,0.0
2026-05-24 15:00:00,F01,TRAP-A,31.49,61.73,8.9,0.0
2026-05-24 15:10:00,F01,TRAP-A,31.2,57.69,11.14,0.0
2026-05-24 15:20:00,F01,TRAP-A,31.56,64.32,8.27,0.0
2026-05-24 15:30:00,F01,TRAP-A,29.11,66.55,4.93,0.0
2026-05-24 15:40:00,F01,TRAP-A,31.6,67.02,15.02,0.0
2026-05-24 15:50:00,F01,TRAP-A,31.07,62.6,12.11,0.0
2026-05-24 16:00:00,F01,TRAP-A,30.69,61.97,4.92,0.0
2026-05-24 16:10:00,F01,TRAP-A,32.4,65.5,4.79,0.0
2026-05-24 16:20:00,F01,TRAP-A,30.12,67.89,6.68,0.0
2026-05-24 16:30:00,F01,TRAP-A,30.22,66.59,8.53,0.0
2026-05-24 16:40:00,F01,TRAP-A,32.01,67.34,5.67,0.0
2026-05-24 16:50:00,F01,TRAP-A,29.62,69.91,4.61,0.0
2026-05-24 17:00:00,F01,TRAP-A,29.71,65.67,6.27,0.0
2026-05-24 17:10:00,F01,TRAP-A,29.88,67.44,5.32,0.0
2026-05-24 17:20:00,F01,TRAP-A,30.53,72.58,5.35,0.0
2026-05-24 17:30:00,F01,TRAP-A,29.86,68.51,7.14,0.0
2026-05-24 17:40:00,F01,TRAP-A,28.5,66.37,10.52,0.0
2026-05-24 17:50:00,F01,TRAP-A,28.95,68.41,6.46,0.0
2026-05-24 18:00:00,F01,TRAP-A,28.72,68.3,7.49,0.0
2026-05-24 18:10:00,F01,TRAP-A,28.97,72.12,7.24,0.0
2026-05-24 18:20:00,F01,TRAP-A,29.2,69.58,6.42,0.0
2026-05-24 18:30:00,F01,TRAP-A,29.01,73.1,5.16,0.0
2026-05-24 18:40:00,F01,TRAP-A,27.07,71.19,5.49,0.0
2026-05-24 18:50:00,F01,TRAP-A,29.15,68.35,5.24,0.0
2026-05-24 19:00:00,F01,TRAP-A,28.32,75.05,11.63,0.0
2026-05-24 19:10:00,F01,TRAP-A,29.03,75.29,9.46,0.0
2026-05-24 19:20:00,F01,TRAP-A,28.09,76.86,6.86,0.0
2026-05-24 19:30:00,F01,TRAP-A,28.42,74.53,11.62,0.0
2026-05-24 19:40:00,F01,TRAP-A,27.71,74.92,10.92,0.0
2026-05-24 19:50:00,F01,TRAP-A,28.22,78.52,12.35,0.0
2026-05-24 20:00:00,F01,TRAP-A,27.37,81.97,5.31,0.0
2026-05-24 20:10:00,F01,TRAP-A,26.67,78.86,8.44,0.0
2026-05-24 20:20:00,F01,TRAP-A,28.37,80.54,7.57,0.0
2026-05-24 20:30:00,F01,TRAP-A,27.07,79.33,8.83,0.0
2026-05-24 20:40:00,F01,TRAP-A,26.63,76.92,5.88,0.0
2026-05-24 20:50:00,F01,TRAP-A,24.95,83.83,8.64,0.0
2026-05-24 21:00:00,F01,TRAP-A,24.75,84.32,6.79,0.0
2026-05-24 21:10:00,F01,TRAP-A,25.83,84.45,10.72,0.0
2026-05-24 21:20:00,F01,TRAP-A,25.53,82.84,10.22,0.0
2026-05-24 21:30:00,F01,TRAP-A,24.74,85.39,6.31,0.0
2026-05-24 21:40:00,F01,TRAP-A,25.16,86.73,6.35,0.0
2026-05-24 21:50:00,F01,TRAP-A,26.15,89.13,9.68,0.0
2026-05-24 22:00:00,F01,TRAP-A,25.26,88.12,8.44,0.0
2026-05-24 22:10:00,F01,TRAP-A,23.63,86.37,8.64,0.0
2026-05-24 22:20:00,F01,TRAP-A,24.29,83.47,10.54,0.0
2026-05-24 22:30:00,F01,TRAP-A,23.58,87.66,12.3,0.0
2026-05-24 22:40:00,F01,TRAP-A,23.76,88.42,7.49,0.0
2026-05-24 22:50:00,F01,TRAP-A,23.59,90.03,9.27,0.0
2026-05-24 23:00:00,F01,TRAP-A,23.4,92.11,12.31,0.0
2026-05-24 23:10:00,F01,TRAP-A,22.64,88.94,13.37,0.0
2026-05-24 23:20:00,F01,TRAP-A,23.42,94.85,8.37,0.0
2026-05-24 23:30:00,F01,TRAP-A,22.95,85.61,7.85,0.0
2026-05-24 23:40:00,F01,TRAP-A,20.94,91.43,8.49,0.0
2026-05-24 23:50:00,F01,TRAP-A,24.82,88.75,16.6,0.0
2026-05-25 00:00:00,F01,TRAP-A,23.95,86.31,9.91,0.0
2026-05-25 00:10:00,F01,TRAP-A,22.68,90.88,9.85,0.0
2026-05-25 00:20:00,F01,TRAP-A,22.91,88.02,8.43,0.0
2026-05-25 00:30:00,F01,TRAP-A,21.89,91.52,8.73,0.0
2026-05-25 00:40:00,F01,TRAP-A,24.11,92.24,12.05,0.0
2026-05-25 00:50:00,F01,TRAP-A,24.21,95.15,11.58,0.0
2026-05-25 01:00:00,F01,TRAP-A,22.77,88.76,11.65,0.0
2026-05-25 01:10:00,F01,TRAP-A,23.41,94.95,9.6,0.0
2026-05-25 01:20:00,F01,TRAP-A,22.7,93.05,10.71,0.0
2026-05-25 01:30:00,F01,TRAP-A,21.46,95.47,14.59,0.0
2026-05-25 01:40:00,F01,TRAP-A,22.18,91.88,10.31,0.0
2026-05-25 01:50:00,F01,TRAP-A,22.61,89.66,16.32,0.0
2026-05-25 02:00:00,F01,TRAP-A,22.14,89.96,10.43,0.0
2026-05-25 02:10:00,F01,TRAP-A,22.33,89.75,10.74,0.0
2026-05-25 02:20:00,F01,TRAP-A,22.45,94.12,12.28,0.0
2026-05-25 02:30:00,F01,TRAP-A,22.48,96.54,19.19,0.0
2026-05-25 02:40:00,F01,TRAP-A,22.62,91.33,11.81,0.0
2026-05-25 02:50:00,F01,TRAP-A,21.77,94.18,13.96,0.0
2026-05-25 03:00:00,F01,TRAP-A,22.09,88.63,13.53,0.0
2026-05-25 03:10:00,F01,TRAP-A,21.7,92.7,11.47,0.0
2026-05-25 03:20:00,F01,TRAP-A,23.57,93.71,11.95,0.0
2026-05-25 03:30:00,F01,TRAP-A,21.18,88.17,19.19,0.0
2026-05-25 03:40:00,F01,TRAP-A,23.87,91.01,11.92,0.0
2026-05-25 03:50:00,F01,TRAP-A,24.14,93.01,14.96,0.0
2026-05-25 04:00:00,F01,TRAP-A,22.89,83.57,21.52,0.0
2026-05-25 04:10:00,F01,TRAP-A,21.15,93.89,11.95,0.0
2026-05-25 04:20:00,F01,TRAP-A,23.06,91.07,13.17,0.0
2026-05-25 04:30:00,F01,TRAP-A,23.41,91.58,12.47,0.0
2026-05-25 04:40:00,F01,TRAP-A,22.78,88.34,12.53,0.0
2026-05-25 04:50:00,F01,TRAP-A,23.31,84.63,12.21,0.0
2026-05-25 05:00:00,F01,TRAP-A,25.08,89.82,15.02,0.0
2026-05-25 05:10:00,F01,TRAP-A,24.53,87.8,16.03,0.0
2026-05-25 05:20:00,F01,TRAP-A,23.41,87.59,15.34,0.0
2026-05-25 05:30:00,F01,TRAP-A,23.02,89.71,19.73,0.0
2026-05-25 05:40:00,F01,TRAP-A,24.2,88.36,12.46,0.0
2026-05-25 05:50:00,F01,TRAP-A,24.46,90.71,13.15,0.0
2026-05-25 06:00:00,F01,TRAP-A,25.19,85.73,13.27,0.0
2026-05-25 06:10:00,F01,TRAP-A,24.54,83.04,12.79,0.0
2026-05-25 06:20:00,F01,TRAP-A,25.56,83.71,12.44,0.0
2026-05-25 06:30:00,F01,TRAP-A,26.88,84.62,13.96,0.0
2026-05-25 06:40:00,F01,TRAP-A,26.16,85.5,17.33,0.0
2026-05-25 06:50:00,F01,TRAP-A,25.66,78.67,21.17,0.0
2026-05-25 07:00:00,F01,TRAP-A,25.74,81.73,12.27,0.0
2026-05-25 07:10:00,F01,TRAP-A,25.79,85.1,17.0,0.0
2026-05-25 07:20:00,F01,TRAP-A,27.22,79.83,16.96,0.0
2026-05-25 07:30:00,F01,TRAP-A,25.96,82.11,13.16,0.0
2026-05-25 07:40:00,F01,TRAP-A,26.7,80.36,11.95,1.0
2026-05-25 07:50:00,F01,TRAP-A,26.9,80.87,25.34,0.0
2026-05-25 08:00:00,F01,TRAP-A,26.65,75.8,14.64,0.0
2026-05-25 08:10:00,F01,TRAP-A,26.15,75.16,23.43,0.0
2026-05-25 08:20:00,F01,TRAP-A,27.7,76.57,13.23,0.0
2026-05-25 08:30:00,F01,TRAP-A,27.59,72.04,12.65,0.0
2026-05-25 08:40:00,F01,TRAP-A,28.23,74.55,11.89,0.0
2026-05-25 08:50:00,F01,TRAP-A,27.6,75.21,23.24,0.0
2026-05-25 09:00:00,F01,TRAP-A,29.19,78.41,11.67,0.0
2026-05-25 09:10:00,F01,TRAP-A,27.7,74.33,10.74,0.0
2026-05-25 09:20:00,F01,TRAP-A,29.96,74.27,12.69,0.0
2026-05-25 09:30:00,F01,TRAP-A,27.37,75.01,11.82,0.0
2026-05-25 09:40:00,F01,TRAP-A,29.3,69.09,11.16,0.0
2026-05-25 09:50:00,F01,TRAP-A,29.51,70.5,13.13,0.0
2026-05-25 10:00:00,F01,TRAP-A,28.66,76.41,11.32,0.0
2026-05-25 10:10:00,F01,TRAP-A,29.8,69.59,11.35,0.0
2026-05-25 10:20:00,F01,TRAP-A,30.65,72.04,9.72,0.0
2026-05-25 10:30:00,F01,TRAP-A,28.01,71.14,12.15,0.0
2026-05-25 10:40:00,F01,TRAP-A,30.34,64.53,9.71,0.0
2026-05-25 10:50:00,F01,TRAP-A,28.08,68.51,9.88,0.0
2026-05-25 11:00:00,F01,TRAP-A,29.45,67.64,12.78,0.0
2026-05-25 11:10:00,F01,TRAP-A,31.66,67.65,9.95,0.0
2026-05-25 11:20:00,F01,TRAP-A,30.02,64.51,9.18,0.0
2026-05-25 11:30:00,F01,TRAP-A,29.66,63.2,11.06,0.0
2026-05-25 11:40:00,F01,TRAP-A,30.56,64.42,9.03,0.0
2026-05-25 11:50:00,F01,TRAP-A,32.48,65.01,9.08,0.0
2026-05-25 12:00:00,F01,TRAP-A,29.46,67.88,10.87,0.0
2026-05-25 12:10:00,F01,TRAP-A,30.17,69.16,11.82,0.0
2026-05-25 12:20:00,F01,TRAP-A,32.3,67.82,11.64,0.0
2026-05-25 12:30:00,F01,TRAP-A,32.66,66.23,9.41,0.0
2026-05-25 12:40:00,F01,TRAP-A,31.16,61.33,9.08,0.0
2026-05-25 12:50:00,F01,TRAP-A,30.32,62.62,11.74,0.0
2026-05-25 13:00:00,F01,TRAP-A,33.04,63.99,7.56,0.0
2026-05-25 13:10:00,F01,TRAP-A,32.68,61.74,7.25,2.31
2026-05-25 13:20:00,F01,TRAP-A,31.98,64.64,9.87,0.0
2026-05-25 13:30:00,F01,TRAP-A,30.82,64.91,8.01,0.0
2026-05-25 13:40:00,F01,TRAP-A,31.45,64.38,9.98,0.0
2026-05-25 13:50:00,F01,TRAP-A,31.37,65.57,7.0,0.0
2026-05-25 14:00:00,F01,TRAP-A,31.76,60.74,7.14,0.0
2026-05-25 14:10:00,F01,TRAP-A,32.65,65.36,12.62,0.0
2026-05-25 14:20:00,F01,TRAP-A,32.18,61.33,7.31,0.0
2026-05-25 14:30:00,F01,TRAP-A,30.59,60.8,8.21,0.0
2026-05-25 14:40:00,F01,TRAP-A,32.52,64.59,5.73,0.0
2026-05-25 14:50:00,F01,TRAP-A,31.63,66.44,5.85,0.0
2026-05-25 15:00:00,F01,TRAP-A,31.88,64.78,5.25,0.0
2026-05-25 15:10:00,F01,TRAP-A,32.45,63.8,6.68,0.0
2026-05-25 15:20:00,F01,TRAP-A,30.32,64.74,18.41,0.0
2026-05-25 15:30:00,F01,TRAP-A,31.11,64.55,11.01,0.0
2026-05-25 15:40:00,F01,TRAP-A,30.63,61.67,7.7,0.0
2026-05-25 15:50:00,F01,TRAP-A,29.71,61.67,10.52,0.0
2026-05-25 16:00:00,F01,TRAP-A,31.15,64.9,7.22,0.0
2026-05-25 16:10:00,F01,TRAP-A,32.78,65.65,5.81,0.0
2026-05-25 16:20:00,F01,TRAP-A,29.18,65.84,4.93,0.0
2026-05-25 16:30:00,F01,TRAP-A,30.51,67.9,7.46,0.0
2026-05-25 16:40:00,F01,TRAP-A,30.92,66.09,4.87,0.0
2026-05-25 16:50:00,F01,TRAP-A,30.38,68.47,5.79,0.0
2026-05-25 17:00:00,F01,TRAP-A,30.05,67.16,9.37,0.0
2026-05-25 17:10:00,F01,TRAP-A,28.96,72.56,4.5,0.0
2026-05-25 17:20:00,F01,TRAP-A,30.04,68.7,4.47,0.0
2026-05-25 17:30:00,F01,TRAP-A,29.09,74.86,4.79,0.0
2026-05-25 17:40:00,F01,TRAP-A,27.78,70.42,6.42,0.0
2026-05-25 17:50:00,F01,TRAP-A,30.33,69.56,4.87,0.0
2026-05-25 18:00:00,F01,TRAP-A,29.97,68.41,6.1,0.0
2026-05-25 18:10:00,F01,TRAP-A,29.07,67.63,5.08,0.23
2026-05-25 18:20:00,F01,TRAP-A,29.04,69.35,6.14,0.0
2026-05-25 18:30:00,F01,TRAP-A,29.53,70.23,5.02,0.0
2026-05-25 18:40:00,F01,TRAP-A,28.67,74.03,15.81,0.0
2026-05-25 18:50:00,F01,TRAP-A,29.02,72.35,6.14,0.0
2026-05-25 19:00:00,F01,TRAP-A,27.87,74.76,8.23,0.0
2026-05-25 19:10:00,F01,TRAP-A,28.97,78.13,7.82,0.0
2026-05-25 19:20:00,F01,TRAP-A,27.98,75.35,6.28,0.0
2026-05-25 19:30:00,F01,TRAP-A,27.69,81.42,5.14,0.0
2026-05-25 19:40:00,F01,TRAP-A,26.32,73.93,6.54,0.0
2026-05-25 19:50:00,F01,TRAP-A,27.37,77.15,7.9,0.0
2026-05-25 20:00:00,F01,TRAP-A,26.28,76.83,6.41,0.0
2026-05-25 20:10:00,F01,TRAP-A,26.24,81.18,4.91,0.0
2026-05-25 20:20:00,F01,TRAP-A,25.9,73.89,4.81,0.0
2026-05-25 20:30:00,F01,TRAP-A,25.51,76.53,6.05,0.0
2026-05-25 20:40:00,F01,TRAP-A,27.87,80.51,5.46,0.0
2026-05-25 20:50:00,F01,TRAP-A,27.04,85.3,12.18,0.0
2026-05-25 21:00:00,F01,TRAP-A,27.32,82.62,5.79,0.0
2026-05-25 21:10:00,F01,TRAP-A,24.62,79.3,6.84,0.0
2026-05-25 21:20:00,F01,TRAP-A,25.47,80.31,9.2,0.0
2026-05-25 21:30:00,F01,TRAP-A,24.19,88.09,10.67,0.0
2026-05-25 21:40:00,F01,TRAP-A,24.49,82.95,7.69,0.0
2026-05-25 21:50:00,F01,TRAP-A,24.14,82.73,6.49,0.0
2026-05-25 22:00:00,F01,TRAP-A,25.69,89.35,6.99,0.0
2026-05-25 22:10:00,F01,TRAP-A,24.22,88.74,7.82,0.0
2026-05-25 22:20:00,F01,TRAP-A,25.23,89.94,7.71,0.0
2026-05-25 22:30:00,F01,TRAP-A,24.7,84.9,7.8,3.75
2026-05-25 22:40:00,F01,TRAP-A,25.91,83.97,7.1,0.0
2026-05-25 22:50:00,F01,TRAP-A,22.74,88.6,14.18,0.05
2026-05-25 23:00:00,F01,TRAP-A,24.79,89.57,7.1,0.0
2026-05-25 23:10:00,F01,TRAP-A,24.56,90.09,8.92,0.0
2026-05-25 23:20:00,F01,TRAP-A,22.74,93.3,19.14,0.0
2026-05-25 23:30:00,F01,TRAP-A,24.2,85.68,10.76,0.0
2026-05-25 23:40:00,F01,TRAP-A,23.55,92.54,9.02,0.0
2026-05-25 23:50:00,F01,TRAP-A,22.99,88.01,8.35,0.0
2026-05-26 00:00:00,F01,TRAP-A,22.42,93.22,18.01,0.0
2026-05-26 00:10:00,F01,TRAP-A,22.41,90.2,8.27,4.17
2026-05-26 00:20:00,F01,TRAP-A,24.54,89.64,11.83,0.0
2026-05-26 00:30:00,F01,TRAP-A,22.82,90.4,14.93,0.0
2026-05-26 00:40:00,F01,TRAP-A,23.38,88.54,8.82,0.0
2026-05-26 00:50:00,F01,TRAP-A,22.06,92.46,12.79,0.0
2026-05-26 01:00:00,F01,TRAP-A,22.02,90.6,29.35,0.0
2026-05-26 01:10:00,F01,TRAP-A,23.46,94.65,12.31,0.0
2026-05-26 01:20:00,F01,TRAP-A,21.48,94.4,11.02,0.0
2026-05-26 01:30:00,F01,TRAP-A,22.2,97.11,15.8,0.0
2026-05-26 01:40:00,F01,TRAP-A,22.54,93.87,12.16,0.0
2026-05-26 01:50:00,F01,TRAP-A,22.59,94.29,14.04,0.0
2026-05-26 02:00:00,F01,TRAP-A,22.36,96.5,12.7,0.0
2026-05-26 02:10:00,F01,TRAP-A,22.82,91.41,10.31,0.0
2026-05-26 02:20:00,F01,TRAP-A,23.08,89.21,11.05,0.0
2026-05-26 02:30:00,F01,TRAP-A,23.13,93.35,10.72,0.0
2026-05-26 02:40:00,F01,TRAP-A,21.79,89.18,10.95,0.0
2026-05-26 02:50:00,F01,TRAP-A,22.39,98.0,10.78,0.0
2026-05-26 03:00:00,F01,TRAP-A,23.62,96.08,12.5,0.0
2026-05-26 03:10:00,F01,TRAP-A,23.44,97.66,11.57,0.0
2026-05-26 03:20:00,F01,TRAP-A,21.69,92.19,16.9,0.0
2026-05-26 03:30:00,F01,TRAP-A,23.15,93.16,15.36,0.0
2026-05-26 03:40:00,F01,TRAP-A,21.36,90.37,13.86,0.0
2026-05-26 03:50:00,F01,TRAP-A,23.07,93.43,13.41,0.0
2026-05-26 04:00:00,F01,TRAP-A,24.65,87.86,12.37,0.0
2026-05-26 04:10:00,F01,TRAP-A,22.48,84.19,13.5,0.0
2026-05-26 04:20:00,F01,TRAP-A,22.68,88.2,14.72,0.0
2026-05-26 04:30:00,F01,TRAP-A,24.07,86.15,16.29,0.0
2026-05-26 04:40:00,F01,TRAP-A,22.35,93.07,12.03,0.0
2026-05-26 04:50:00,F01,TRAP-A,23.21,93.47,15.53,0.0
2026-05-26 05:00:00,F01,TRAP-A,24.33,84.97,15.95,0.0
2026-05-26 05:10:00,F01,TRAP-A,23.49,91.23,14.37,0.0
2026-05-26 05:20:00,F01,TRAP-A,23.96,89.88,12.67,0.0
2026-05-26 05:30:00,F01,TRAP-A,24.9,83.06,14.3,0.0
2026-05-26 05:40:00,F01,TRAP-A,24.8,85.48,14.08,0.0
2026-05-26 05:50:00,F01,TRAP-A,24.84,84.45,13.94,0.0
2026-05-26 06:00:00,F01,TRAP-A,24.53,87.21,13.85,0.0
2026-05-26 06:10:00,F01,TRAP-A,25.27,81.69,12.35,0.0
2026-05-26 06:20:00,F01,TRAP-A,25.05,83.93,12.59,0.0
2026-05-26 06:30:00,F01,TRAP-A,25.7,81.86,12.27,0.0
2026-05-26 06:40:00,F01,TRAP-A,25.12,84.14,12.76,0.0
2026-05-26 06:50:00,F01,TRAP-A,25.55,81.79,12.81,0.0
2026-05-26 07:00:00,F01,TRAP-A,25.1,80.37,12.69,0.0
2026-05-26 07:10:00,F01,TRAP-A,26.05,80.53,12.51,0.0
2026-05-26 07:20:00,F01,TRAP-A,25.62,85.51,15.73,0.0
2026-05-26 07:30:00,F01,TRAP-A,25.58,78.73,16.8,0.0
2026-05-26 07:40:00,F01,TRAP-A,26.87,76.52,12.79,0.0
2026-05-26 07:50:00,F01,TRAP-A,27.03,79.93,12.62,0.0
2026-05-26 08:00:00,F01,TRAP-A,27.68,77.46,17.01,0.0
2026-05-26 08:10:00,F01,TRAP-A,26.91,73.62,14.28,0.0
2026-05-26 08:20:00,F01,TRAP-A,27.77,82.09,12.29,0.0
2026-05-26 08:30:00,F01,TRAP-A,28.08,74.98,14.89,0.0
2026-05-26 08:40:00,F01,TRAP-A,28.19,74.27,12.3,0.0
2026-05-26 08:50:00,F01,TRAP-A,27.37,74.97,13.57,0.0
2026-05-26 09:00:00,F01,TRAP-A,28.34,78.27,25.53,0.0
2026-05-26 09:10:00,F01,TRAP-A,28.7,69.11,11.74,0.0
2026-05-26 09:20:00,F01,TRAP-A,28.6,73.39,18.53,0.0
2026-05-26 09:30:00,F01,TRAP-A,27.1,77.31,11.56,0.0
2026-05-26 09:40:00,F01,TRAP-A,29.08,71.82,12.59,0.0
2026-05-26 09:50:00,F01,TRAP-A,30.9,67.82,11.96,0.0
2026-05-26 10:00:00,F01,TRAP-A,29.01,68.79,14.54,0.0
2026-05-26 10:10:00,F01,TRAP-A,28.88,70.3,9.99,0.0
2026-05-26 10:20:00,F01,TRAP-A,29.93,72.57,12.61,0.0
2026-05-26 10:30:00,F01,TRAP-A,30.03,67.87,13.77,0.0
2026-05-26 10:40:00,F01,TRAP-A,30.89,70.28,11.24,0.0
2026-05-26 10:50:00,F01,TRAP-A,29.07,64.14,9.49,0.0
2026-05-26 11:00:00,F01,TRAP-A,30.81,63.65,9.83,0.0
2026-05-26 11:10:00,F01,TRAP-A,30.83,65.61,12.23,0.0
2026-05-26 11:20:00,F01,TRAP-A,30.37,69.99,15.42,0.0
2026-05-26 11:30:00,F01,TRAP-A,30.87,66.16,10.12,0.0
2026-05-26 11:40:00,F01,TRAP-A,31.54,66.33,10.77,0.0
2026-05-26 11:50:00,F01,TRAP-A,31.52,65.95,8.9,0.2
2026-05-26 12:00:00,F01,TRAP-A,30.01,67.69,9.54,0.0
2026-05-26 12:10:00,F01,TRAP-A,31.67,63.08,9.01,0.0
2026-05-26 12:20:00,F01,TRAP-A,31.05,66.05,10.8,0.0
2026-05-26 12:30:00,F01,TRAP-A,31.24,61.99,19.97,0.0
2026-05-26 12:40:00,F01,TRAP-A,31.31,68.8,12.29,0.0
2026-05-26 12:50:00,F01,TRAP-A,31.19,61.64,7.73,0.0
2026-05-26 13:00:00,F01,TRAP-A,32.31,61.26,9.5,2.34
2026-05-26 13:10:00,F01,TRAP-A,31.34,64.69,6.96,0.0
2026-05-26 13:20:00,F01,TRAP-A,30.55,63.4,7.44,0.0
2026-05-26 13:30:00,F01,TRAP-A,31.15,63.92,6.99,0.0
2026-05-26 13:40:00,F01,TRAP-A,31.63,63.61,7.49,0.0
2026-05-26 13:50:00,F01,TRAP-A,32.48,60.28,9.52,0.0
2026-05-26 14:00:00,F01,TRAP-A,31.98,67.03,8.03,8.74
2026-05-26 14:10:00,F01,TRAP-A,30.81,65.26,13.91,0.0
2026-05-26 14:20:00,F01,TRAP-A,33.47,66.47,6.38,0.0
2026-05-26 14:30:00,F01,TRAP-A,31.67,61.83,6.88,0.0
2026-05-26 14:40:00,F01,TRAP-A,32.44,64.3,6.59,0.0
2026-05-26 14:50:00,F01,TRAP-A,31.26,63.89,6.07,0.0
2026-05-26 15:00:00,F01,TRAP-A,31.76,66.38,20.1,0.0
2026-05-26 15:10:00,F01,TRAP-A,31.95,66.65,6.49,0.0
2026-05-26 15:20:00,F01,TRAP-A,32.18,64.45,13.37,0.0
2026-05-26 15:30:00,F01,TRAP-A,31.98,60.42,6.28,0.0
2026-05-26 15:40:00,F01,TRAP-A,31.75,68.93,5.38,0.0
2026-05-26 15:50:00,F01,TRAP-A,30.71,66.17,4.98,0.0
2026-05-26 16:00:00,F01,TRAP-A,30.41,63.58,10.32,0.0
2026-05-26 16:10:00,F01,TRAP-A,31.03,66.47,4.53,0.0
2026-05-26 16:20:00,F01,TRAP-A,31.4,62.04,14.36,0.0
2026-05-26 16:30:00,F01,TRAP-A,30.36,68.85,5.91,0.0
2026-05-26 16:40:00,F01,TRAP-A,31.26,62.95,5.08,0.0
2026-05-26 16:50:00,F01,TRAP-A,31.44,66.52,7.05,0.0
2026-05-26 17:00:00,F01,TRAP-A,29.41,68.14,4.55,0.0
2026-05-26 17:10:00,F01,TRAP-A,29.33,70.6,4.31,0.0
2026-05-26 17:20:00,F01,TRAP-A,29.74,68.77,9.33,0.0
2026-05-26 17:30:00,F01,TRAP-A,29.94,70.61,5.69,0.0
2026-05-26 17:40:00,F01,TRAP-A,29.12,69.48,6.2,0.0
2026-05-26 17:50:00,F01,TRAP-A,30.45,70.02,4.59,0.0
2026-05-26 18:00:00,F01,TRAP-A,29.54,70.88,4.19,0.0
2026-05-26 18:10:00,F01,TRAP-A,29.06,70.77,5.38,0.0
2026-05-26 18:20:00,F01,TRAP-A,27.7,67.61,6.14,0.0
2026-05-26 18:30:00,F01,TRAP-A,27.62,70.51,8.39,0.0
2026-05-26 18:40:00,F01,TRAP-A,28.71,73.66,6.16,0.0
2026-05-26 18:50:00,F01,TRAP-A,26.59,73.05,8.68,0.0
2026-05-26 19:00:00,F01,TRAP-A,28.92,73.91,4.52,0.0
2026-05-26 19:10:00,F01,TRAP-A,27.79,74.13,4.4,0.0
2026-05-26 19:20:00,F01,TRAP-A,30.32,73.42,4.78,0.0
2026-05-26 19:30:00,F01,TRAP-A,29.38,75.0,8.76,0.0
2026-05-26 19:40:00,F01,TRAP-A,27.19,76.11,8.67,0.0
2026-05-26 19:50:00,F01,TRAP-A,27.05,77.55,4.93,0.0
2026-05-26 20:00:00,F01,TRAP-A,27.74,79.17,4.66,0.0
2026-05-26 20:10:00,F01,TRAP-A,28.11,78.39,8.12,0.0
2026-05-26 20:20:00,F01,TRAP-A,25.24,76.92,10.55,0.0
2026-05-26 20:30:00,F01,TRAP-A,24.93,76.65,9.07,0.0
2026-05-26 20:40:00,F01,TRAP-A,25.67,87.28,5.65,0.0
2026-05-26 20:50:00,F01,TRAP-A,26.44,78.61,7.71,0.0
2026-05-26 21:00:00,F01,TRAP-A,26.18,80.77,9.46,0.0
2026-05-26 21:10:00,F01,TRAP-A,26.45,83.98,6.22,0.0
2026-05-26 21:20:00,F01,TRAP-A,24.45,84.21,7.72,0.0
2026-05-26 21:30:00,F01,TRAP-A,23.37,85.22,6.74,5.8
2026-05-26 21:40:00,F01,TRAP-A,25.73,83.4,6.51,0.0
2026-05-26 21:50:00,F01,TRAP-A,24.21,85.69,16.37,0.0
2026-05-26 22:00:00,F01,TRAP-A,23.09,85.82,13.35,0.0
2026-05-26 22:10:00,F01,TRAP-A,24.65,85.44,7.97,0.0
2026-05-26 22:20:00,F01,TRAP-A,25.01,87.37,6.8,0.0
2026-05-26 22:30:00,F01,TRAP-A,24.12,89.92,10.42,0.0
2026-05-26 22:40:00,F01,TRAP-A,23.7,87.73,7.57,0.0
2026-05-26 22:50:00,F01,TRAP-A,23.79,88.23,7.4,0.0
2026-05-26 23:00:00,F01,TRAP-A,23.48,91.41,8.45,0.0
2026-05-26 23:10:00,F01,TRAP-A,22.57,91.59,9.45,0.0
2026-05-26 23:20:00,F01,TRAP-A,22.94,93.57,7.66,0.0
2026-05-26 23:30:00,F01,TRAP-A,23.81,85.62,10.07,0.0
2026-05-26 23:40:00,F01,TRAP-A,23.54,92.66,7.75,0.0
2026-05-26 23:50:00,F01,TRAP-A,23.31,92.26,14.55,0.0
2026-05-27 00:00:00,F01,TRAP-A,22.28,88.87,15.66,0.0
2026-05-27 00:10:00,F01,TRAP-A,22.84,92.02,12.19,0.0
2026-05-27 00:20:00,F01,TRAP-A,21.16,94.3,10.28,0.0
2026-05-27 00:30:00,F01,TRAP-A,22.96,89.86,9.45,0.0
2026-05-27 00:40:00,F01,TRAP-A,23.9,93.27,12.83,0.0
2026-05-27 00:50:00,F01,TRAP-A,21.51,94.54,16.97,0.0
2026-05-27 01:00:00,F01,TRAP-A,22.17,89.86,9.6,0.0
2026-05-27 01:10:00,F01,TRAP-A,22.86,92.33,11.13,0.0
2026-05-27 01:20:00,F01,TRAP-A,23.56,93.56,10.55,0.0
2026-05-27 01:30:00,F01,TRAP-A,22.17,90.9,10.9,0.0
2026-05-27 01:40:00,F01,TRAP-A,21.96,90.76,11.3,0.0
2026-05-27 01:50:00,F01,TRAP-A,20.93,92.66,18.99,0.0
2026-05-27 02:00:00,F01,TRAP-A,22.58,95.0,10.94,0.0
2026-05-27 02:10:00,F01,TRAP-A,24.14,94.59,12.23,0.0
2026-05-27 02:20:00,F01,TRAP-A,22.74,90.77,19.41,0.0
2026-05-27 02:30:00,F01,TRAP-A,22.53,94.48,12.41,0.0
2026-05-27 02:40:00,F01,TRAP-A,22.84,90.65,16.59,0.0
2026-05-27 02:50:00,F01,TRAP-A,22.61,88.58,10.92,0.0
2026-05-27 03:00:00,F01,TRAP-A,22.02,91.52,20.04,0.0
2026-05-27 03:10:00,F01,TRAP-A,23.38,95.05,11.61,0.0
2026-05-27 03:20:00,F01,TRAP-A,22.97,93.67,22.82,0.0
2026-05-27 03:30:00,F01,TRAP-A,22.88,91.78,11.78,0.0
2026-05-27 03:40:00,F01,TRAP-A,22.17,90.47,13.07,0.0
2026-05-27 03:50:00,F01,TRAP-A,24.08,90.24,12.51,0.0
2026-05-27 04:00:00,F01,TRAP-A,23.66,91.17,13.19,0.0
2026-05-27 04:10:00,F01,TRAP-A,22.79,87.88,12.44,0.0
2026-05-27 04:20:00,F01,TRAP-A,24.15,89.31,21.73,0.0
2026-05-27 04:30:00,F01,TRAP-A,23.07,89.24,12.81,0.0
2026-05-27 04:40:00,F01,TRAP-A,22.96,85.99,14.95,0.0
2026-05-27 04:50:00,F01,TRAP-A,23.11,86.83,12.27,0.0
2026-05-27 05:00:00,F01,TRAP-A,22.44,89.5,17.09,0.0
2026-05-27 05:10:00,F01,TRAP-A,24.38,88.02,14.26,0.0
2026-05-27 05:20:00,F01,TRAP-A,22.69,86.72,23.6,0.0
2026-05-27 05:30:00,F01,TRAP-A,23.32,84.7,13.62,0.0
2026-05-27 05:40:00,F01,TRAP-A,22.81,90.39,12.64,0.0
2026-05-27 05:50:00,F01,TRAP-A,24.56,83.8,13.27,0.0
2026-05-27 06:00:00,F01,TRAP-A,24.68,85.96,16.01,0.0
2026-05-27 06:10:00,F01,TRAP-A,24.71,83.54,15.22,0.0
2026-05-27 06:20:00,F01,TRAP-A,24.32,84.26,16.5,0.0
2026-05-27 06:30:00,F01,TRAP-A,24.39,84.71,12.19,0.0
2026-05-27 06:40:00,F01,TRAP-A,25.89,79.52,14.54,0.0
2026-05-27 06:50:00,F01,TRAP-A,25.26,82.31,19.97,0.0
2026-05-27 07:00:00,F01,TRAP-A,26.14,84.67,12.19,0.0
2026-05-27 07:10:00,F01,TRAP-A,25.37,85.46,12.1,0.0
2026-05-27 07:20:00,F01,TRAP-A,26.42,80.09,15.52,0.0
2026-05-27 07:30:00,F01,TRAP-A,27.51,79.87,12.81,0.0
2026-05-27 07:40:00,F01,TRAP-A,27.13,84.64,14.83,0.0
2026-05-27 07:50:00,F01,TRAP-A,26.53,81.3,13.89,0.58
2026-05-27 08:00:00,F01,TRAP-A,27.26,76.27,24.26,0.0
2026-05-27 08:10:00,F01,TRAP-A,27.06,75.61,17.94,0.0
2026-05-27 08:20:00,F01,TRAP-A,27.46,78.89,14.65,0.0
2026-05-27 08:30:00,F01,TRAP-A,27.38,73.32,12.05,0.0
2026-05-27 08:40:00,F01,TRAP-A,27.71,77.93,11.94,0.0
2026-05-27 08:50:00,F01,TRAP-A,28.2,75.4,17.33,0.0
2026-05-27 09:00:00,F01,TRAP-A,27.43,75.23,13.43,0.0
2026-05-27 09:10:00,F01,TRAP-A,27.6,72.66,15.34,0.0
2026-05-27 09:20:00,F01,TRAP-A,27.48,71.12,12.32,0.0
2026-05-27 09:30:00,F01,TRAP-A,27.49,75.74,10.72,0.0
2026-05-27 09:40:00,F01,TRAP-A,27.98,70.87,11.47,0.0
2026-05-27 09:50:00,F01,TRAP-A,29.26,69.88,10.63,0.0
2026-05-27 10:00:00,F01,TRAP-A,28.59,70.13,14.52,0.0
2026-05-27 10:10:00,F01,TRAP-A,29.88,70.26,13.42,0.0
2026-05-27 10:20:00,F01,TRAP-A,29.66,66.66,9.92,0.0
2026-05-27 10:30:00,F01,TRAP-A,28.21,67.3,12.4,0.0
2026-05-27 10:40:00,F01,TRAP-A,30.46,66.67,15.54,0.0
2026-05-27 10:50:00,F01,TRAP-A,30.73,69.84,12.74,0.0
2026-05-27 11:00:00,F01,TRAP-A,29.43,65.04,11.13,0.0
2026-05-27 11:10:00,F01,TRAP-A,30.69,62.42,9.94,0.0
2026-05-27 11:20:00,F01,TRAP-A,29.8,61.47,15.19,0.0
2026-05-27 11:30:00,F01,TRAP-A,30.68,62.31,10.12,0.0
2026-05-27 11:40:00,F01,TRAP-A,29.71,69.01,14.1,0.0
2026-05-27 11:50:00,F01,TRAP-A,29.39,65.29,12.71,0.0
2026-05-27 12:00:00,F01,TRAP-A,30.62,66.17,13.03,0.0
2026-05-27 12:10:00,F01,TRAP-A,30.92,65.95,21.53,0.0
2026-05-27 12:20:00,F01,TRAP-A,30.78,64.47,11.74,0.0
2026-05-27 12:30:00,F01,TRAP-A,30.23,63.88,7.53,0.0
2026-05-27 12:40:00,F01,TRAP-A,30.93,66.45,7.94,0.0
2026-05-27 12:50:00,F01,TRAP-A,31.52,64.0,7.19,0.0
2026-05-27 13:00:00,F01,TRAP-A,31.33,66.96,7.55,0.0
2026-05-27 13:10:00,F01,TRAP-A,31.55,64.87,6.94,0.0
2026-05-27 13:20:00,F01,TRAP-A,30.91,61.65,8.67,0.0
2026-05-27 13:30:00,F01,TRAP-A,32.41,61.86,6.51,0.0
2026-05-27 13:40:00,F01,TRAP-A,30.55,61.22,8.18,0.0
2026-05-27 13:50:00,F01,TRAP-A,31.89,66.05,12.98,0.6
2026-05-27 14:00:00,F01,TRAP-A,32.45,61.99,10.1,0.0
2026-05-27 14:10:00,F01,TRAP-A,31.88,61.03,14.45,0.0
2026-05-27 14:20:00,F01,TRAP-A,31.32,63.87,6.43,0.0
2026-05-27 14:30:00,F01,TRAP-A,31.03,62.91,7.8,0.0
2026-05-27 14:40:00,F01,TRAP-A,32.25,64.0,6.54,0.0
2026-05-27 14:50:00,F01,TRAP-A,30.24,68.12,7.3,0.0
2026-05-27 15:00:00,F01,TRAP-A,30.56,65.85,7.58,0.0
2026-05-27 15:10:00,F01,TRAP-A,30.96,63.82,5.13,0.0
2026-05-27 15:20:00,F01,TRAP-A,32.2,60.45,5.7,0.0
2026-05-27 15:30:00,F01,TRAP-A,31.44,62.97,8.46,0.0
2026-05-27 15:40:00,F01,TRAP-A,30.28,66.27,9.14,0.0
2026-05-27 15:50:00,F01,TRAP-A,30.72,61.86,7.13,0.0
2026-05-27 16:00:00,F01,TRAP-A,30.38,70.46,5.46,0.0
2026-05-27 16:10:00,F01,TRAP-A,30.2,65.49,5.99,0.0
2026-05-27 16:20:00,F01,TRAP-A,31.44,65.95,4.66,0.0
2026-05-27 16:30:00,F01,TRAP-A,29.44,64.55,13.47,0.0
2026-05-27 16:40:00,F01,TRAP-A,31.7,67.88,10.31,0.0
2026-05-27 16:50:00,F01,TRAP-A,30.94,64.18,4.37,0.0
2026-05-27 17:00:00,F01,TRAP-A,31.01,72.94,4.67,0.0
2026-05-27 17:10:00,F01,TRAP-A,29.63,71.3,6.69,0.0
2026-05-27 17:20:00,F01,TRAP-A,29.73,70.97,4.85,0.0
2026-05-27 17:30:00,F01,TRAP-A,28.55,65.55,12.2,0.0
2026-05-27 17:40:00,F01,TRAP-A,29.11,70.07,8.24,0.0
2026-05-27 17:50:00,F01,TRAP-A,29.76,73.13,4.96,0.0
2026-05-27 18:00:00,F01,TRAP-A,30.24,72.15,4.02,0.0
2026-05-27 18:10:00,F01,TRAP-A,28.14,68.74,8.83,0.0
2026-05-27 18:20:00,F01,TRAP-A,28.56,70.21,5.68,0.0
2026-05-27 18:30:00,F01,TRAP-A,28.55,71.31,7.13,0.0
2026-05-27 18:40:00,F01,TRAP-A,27.37,71.54,5.08,0.0
2026-05-27 18:50:00,F01,TRAP-A,28.77,77.5,4.57,0.0
2026-05-27 19:00:00,F01,TRAP-A,27.53,69.5,7.52,0.0
2026-05-27 19:10:00,F01,TRAP-A,27.76,76.58,6.0,0.0
2026-05-27 19:20:00,F01,TRAP-A,27.36,72.36,5.06,0.0
2026-05-27 19:30:00,F01,TRAP-A,26.9,73.83,4.77,0.0
2026-05-27 19:40:00,F01,TRAP-A,27.33,71.86,7.0,0.0
2026-05-27 19:50:00,F01,TRAP-A,26.97,76.17,8.36,0.0
2026-05-27 20:00:00,F01,TRAP-A,26.64,81.97,5.56,0.0
2026-05-27 20:10:00,F01,TRAP-A,26.16,79.51,8.64,0.0
2026-05-27 20:20:00,F01,TRAP-A,26.81,76.51,5.36,0.0
2026-05-27 20:30:00,F01,TRAP-A,27.68,82.69,6.1,0.0
2026-05-27 20:40:00,F01,TRAP-A,26.27,83.88,9.07,0.0
2026-05-27 20:50:00,F01,TRAP-A,26.77,81.7,8.32,0.0
2026-05-27 21:00:00,F01,TRAP-A,24.67,87.16,6.15,0.0
2026-05-27 21:10:00,F01,TRAP-A,25.72,84.75,5.73,0.0
2026-05-27 21:20:00,F01,TRAP-A,24.53,85.02,5.6,0.0
2026-05-27 21:30:00,F01,TRAP-A,24.04,81.91,11.07,0.0
2026-05-27 21:40:00,F01,TRAP-A,24.45,86.08,5.98,0.0
2026-05-27 21:50:00,F01,TRAP-A,25.82,85.64,6.26,0.0
2026-05-27 22:00:00,F01,TRAP-A,25.46,86.97,6.86,0.0
2026-05-27 22:10:00,F01,TRAP-A,24.73,84.51,7.97,0.0
2026-05-27 22:20:00,F01,TRAP-A,23.14,87.08,11.04,0.0
2026-05-27 22:30:00,F01,TRAP-A,24.06,85.24,7.37,0.0
2026-05-27 22:40:00,F01,TRAP-A,24.3,82.42,9.03,0.0
2026-05-27 22:50:00,F01,TRAP-A,24.06,90.77,7.13,0.0
2026-05-27 23:00:00,F01,TRAP-A,22.3,84.99,8.89,0.0
2026-05-27 23:10:00,F01,TRAP-A,22.93,89.46,7.77,7.58
2026-05-27 23:20:00,F01,TRAP-A,23.46,90.45,8.07,0.0
2026-05-27 23:30:00,F01,TRAP-A,23.82,90.84,8.9,0.0
2026-05-27 23:40:00,F01,TRAP-A,21.52,89.69,12.0,0.0
2026-05-27 23:50:00,F01,TRAP-A,23.04,91.43,11.97,0.0
2026-05-28 00:00:00,F01,TRAP-A,23.19,92.26,9.66,0.0
2026-05-28 00:10:00,F01,TRAP-A,23.66,93.23,8.61,0.0
2026-05-28 00:20:00,F01,TRAP-A,23.45,96.01,9.39,0.0
2026-05-28 00:30:00,F01,TRAP-A,23.29,92.52,10.69,0.0
2026-05-28 00:40:00,F01,TRAP-A,22.11,92.32,14.85,0.0
2026-05-28 00:50:00,F01,TRAP-A,21.16,90.1,19.27,0.0
2026-05-28 01:00:00,F01,TRAP-A,22.32,93.63,12.13,0.0
2026-05-28 01:10:00,F01,TRAP-A,23.4,94.35,10.55,0.0
2026-05-28 01:20:00,F01,TRAP-A,23.67,92.32,12.96,0.0
2026-05-28 01:30:00,F01,TRAP-A,23.1,94.26,10.81,0.0
2026-05-28 01:40:00,F01,TRAP-A,22.86,92.23,12.68,0.0
2026-05-28 01:50:00,F01,TRAP-A,22.81,94.67,10.73,0.0
2026-05-28 02:00:00,F01,TRAP-A,22.06,95.28,10.98,0.0
2026-05-28 02:10:00,F01,TRAP-A,22.4,95.22,10.43,0.0
2026-05-28 02:20:00,F01,TRAP-A,23.86,93.22,11.97,0.0
2026-05-28 02:30:00,F01,TRAP-A,21.79,90.24,13.36,0.0
2026-05-28 02:40:00,F01,TRAP-A,23.87,91.21,15.28,0.0
2026-05-28 02:50:00,F01,TRAP-A,22.36,94.09,15.73,0.0
2026-05-28 03:00:00,F01,TRAP-A,23.73,98.0,25.52,0.0
2026-05-28 03:10:00,F01,TRAP-A,21.6,91.39,11.26,0.0
2026-05-28 03:20:00,F01,TRAP-A,23.26,93.17,13.14,0.0
2026-05-28 03:30:00,F01,TRAP-A,22.28,90.39,13.42,0.0
2026-05-28 03:40:00,F01,TRAP-A,21.81,89.08,16.2,0.0
2026-05-28 03:50:00,F01,TRAP-A,23.21,89.52,12.33,0.78
2026-05-28 04:00:00,F01,TRAP-A,23.94,85.68,11.71,0.0
2026-05-28 04:10:00,F01,TRAP-A,22.56,93.93,12.7,0.0
2026-05-28 04:20:00,F01,TRAP-A,22.15,84.6,24.04,0.0
2026-05-28 04:30:00,F01,TRAP-A,23.39,89.12,18.61,0.0
2026-05-28 04:40:00,F01,TRAP-A,23.52,86.42,13.29,0.0
2026-05-28 04:50:00,F01,TRAP-A,24.16,86.71,18.1,0.0
2026-05-28 05:00:00,F01,TRAP-A,24.62,91.91,11.98,0.0
2026-05-28 05:10:00,F01,TRAP-A,23.96,88.49,13.05,0.0
2026-05-28 05:20:00,F01,TRAP-A,25.64,85.08,15.84,0.0
2026-05-28 05:30:00,F01,TRAP-A,24.49,85.5,12.72,0.0
2026-05-28 05:40:00,F01,TRAP-A,24.19,84.53,12.65,0.0
2026-05-28 05:50:00,F01,TRAP-A,23.34,85.78,17.94,0.0
2026-05-28 06:00:00,F01,TRAP-A,24.59,85.76,14.87,0.0
2026-05-28 06:10:00,F01,TRAP-A,24.71,89.49,25.53,0.0
2026-05-28 06:20:00,F01,TRAP-A,25.92,79.37,12.41,0.0
2026-05-28 06:30:00,F01,TRAP-A,25.7,83.47,13.28,0.0
2026-05-28 06:40:00,F01,TRAP-A,24.57,82.15,13.05,0.0
2026-05-28 06:50:00,F01,TRAP-A,25.84,84.69,18.26,0.0
2026-05-28 07:00:00,F01,TRAP-A,26.43,82.58,12.73,0.0
2026-05-28 07:10:00,F01,TRAP-A,27.31,82.53,13.11,0.0
2026-05-28 07:20:00,F01,TRAP-A,26.99,81.27,12.2,0.0
2026-05-28 07:30:00,F01,TRAP-A,27.08,77.43,16.16,0.0
2026-05-28 07:40:00,F01,TRAP-A,26.72,82.14,12.42,0.0
2026-05-28 07:50:00,F01,TRAP-A,27.17,80.45,11.74,0.0
2026-05-28 08:00:00,F01,TRAP-A,28.06,80.09,13.15,0.0
2026-05-28 08:10:00,F01,TRAP-A,26.19,80.31,12.83,0.0
2026-05-28 08:20:00,F01,TRAP-A,27.17,77.54,11.83,0.0
2026-05-28 08:30:00,F01,TRAP-A,27.03,79.55,11.57,0.0
2026-05-28 08:40:00,F01,TRAP-A,28.14,76.14,17.84,0.0
2026-05-28 08:50:00,F01,TRAP-A,29.02,74.01,11.12,0.0
2026-05-28 09:00:00,F01,TRAP-A,27.74,73.91,11.1,0.0
2026-05-28 09:10:00,F01,TRAP-A,26.5,73.24,11.51,0.0
2026-05-28 09:20:00,F01,TRAP-A,28.27,71.38,19.69,0.0
2026-05-28 09:30:00,F01,TRAP-A,29.51,76.16,10.66,0.0
2026-05-28 09:40:00,F01,TRAP-A,29.39,72.22,15.33,0.0
2026-05-28 09:50:00,F01,TRAP-A,29.47,71.13,16.78,0.0
2026-05-28 10:00:00,F01,TRAP-A,29.08,71.3,11.38,0.0
2026-05-28 10:10:00,F01,TRAP-A,28.44,77.22,10.84,0.0
2026-05-28 10:20:00,F01,TRAP-A,30.04,66.4,13.04,0.0
2026-05-28 10:30:00,F01,TRAP-A,29.12,66.6,13.12,0.0
2026-05-28 10:40:00,F01,TRAP-A,31.69,64.75,13.86,0.0
2026-05-28 10:50:00,F01,TRAP-A,30.54,67.14,14.48,0.0
2026-05-28 11:00:00,F01,TRAP-A,29.76,67.87,9.92,0.0
2026-05-28 11:10:00,F01,TRAP-A,29.87,65.64,12.3,0.0
2026-05-28 11:20:00,F01,TRAP-A,30.41,65.03,9.08,0.0
2026-05-28 11:30:00,F01,TRAP-A,30.41,66.34,10.61,0.0
2026-05-28 11:40:00,F01,TRAP-A,31.61,64.34,11.14,0.0
2026-05-28 11:50:00,F01,TRAP-A,30.98,66.02,8.65,0.0
2026-05-28 12:00:00,F01,TRAP-A,30.34,67.7,8.19,0.0
2026-05-28 12:10:00,F01,TRAP-A,32.53,66.3,8.42,0.0
2026-05-28 12:20:00,F01,TRAP-A,31.14,66.52,9.24,0.0
2026-05-28 12:30:00,F01,TRAP-A,31.8,66.78,13.99,0.0
2026-05-28 12:40:00,F01,TRAP-A,30.76,64.54,9.53,0.0
2026-05-28 12:50:00,F01,TRAP-A,31.6,63.24,11.22,0.0
2026-05-28 13:00:00,F01,TRAP-A,31.61,61.53,7.49,0.0
2026-05-28 13:10:00,F01,TRAP-A,29.89,62.34,7.08,0.0
2026-05-28 13:20:00,F01,TRAP-A,33.05,61.89,7.4,0.0
2026-05-28 13:30:00,F01,TRAP-A,32.5,64.93,7.55,0.0
2026-05-28 13:40:00,F01,TRAP-A,31.17,63.91,8.64,0.0
2026-05-28 13:50:00,F01,TRAP-A,30.62,64.75,12.5,0.0
2026-05-28 14:00:00,F01,TRAP-A,31.78,60.1,7.62,0.0
2026-05-28 14:10:00,F01,TRAP-A,31.56,66.6,8.0,0.0
2026-05-28 14:20:00,F01,TRAP-A,31.76,62.01,5.68,0.0
2026-05-28 14:30:00,F01,TRAP-A,31.61,60.41,5.62,0.0
2026-05-28 14:40:00,F01,TRAP-A,31.83,62.17,5.65,0.74
2026-05-28 14:50:00,F01,TRAP-A,32.54,69.61,8.86,2.77
2026-05-28 15:00:00,F01,TRAP-A,31.79,62.6,7.13,0.0
2026-05-28 15:10:00,F01,TRAP-A,30.43,62.94,5.66,0.0
2026-05-28 15:20:00,F01,TRAP-A,32.3,63.49,7.6,0.0
2026-05-28 15:30:00,F01,TRAP-A,32.45,63.85,7.15,0.0
2026-05-28 15:40:00,F01,TRAP-A,33.57,62.54,4.97,0.0
2026-05-28 15:50:00,F01,TRAP-A,30.06,65.15,7.67,0.0
2026-05-28 16:00:00,F01,TRAP-A,31.06,67.8,8.88,0.0
2026-05-28 16:10:00,F01,TRAP-A,29.1,66.24,5.44,0.0
2026-05-28 16:20:00,F01,TRAP-A,31.09,63.05,7.84,0.0
2026-05-28 16:30:00,F01,TRAP-A,30.09,65.36,4.95,0.0
2026-05-28 16:40:00,F01,TRAP-A,31.95,65.26,8.46,0.0
2026-05-28 16:50:00,F01,TRAP-A,29.66,67.21,11.45,0.0
2026-05-28 17:00:00,F01,TRAP-A,28.79,70.86,5.87,0.0
2026-05-28 17:10:00,F01,TRAP-A,29.62,67.64,4.93,0.0
2026-05-28 17:20:00,F01,TRAP-A,28.27,68.29,5.58,0.0
2026-05-28 17:30:00,F01,TRAP-A,30.29,73.47,4.89,0.0
2026-05-28 17:40:00,F01,TRAP-A,27.88,71.75,4.01,0.0
2026-05-28 17:50:00,F01,TRAP-A,29.39,71.55,7.16,0.0
2026-05-28 18:00:00,F01,TRAP-A,27.54,75.57,4.13,0.0
2026-05-28 18:10:00,F01,TRAP-A,28.77,72.48,4.72,0.0
2026-05-28 18:20:00,F01,TRAP-A,30.16,66.88,7.87,1.93
2026-05-28 18:30:00,F01,TRAP-A,28.95,74.53,7.33,0.0
2026-05-28 18:40:00,F01,TRAP-A,27.79,69.08,4.3,0.0
2026-05-28 18:50:00,F01,TRAP-A,28.27,74.81,7.34,0.0
2026-05-28 19:00:00,F01,TRAP-A,28.12,70.03,12.15,0.0
2026-05-28 19:10:00,F01,TRAP-A,28.29,73.78,4.43,0.0
2026-05-28 19:20:00,F01,TRAP-A,26.63,74.69,5.87,0.0
2026-05-28 19:30:00,F01,TRAP-A,28.0,74.32,8.25,0.0
2026-05-28 19:40:00,F01,TRAP-A,25.17,76.02,7.7,0.0
2026-05-28 19:50:00,F01,TRAP-A,26.63,80.13,5.25,0.0
2026-05-28 20:00:00,F01,TRAP-A,26.55,76.42,5.1,0.0
2026-05-28 20:10:00,F01,TRAP-A,27.25,80.22,9.26,0.0
2026-05-28 20:20:00,F01,TRAP-A,26.57,77.09,14.14,0.0
2026-05-28 20:30:00,F01,TRAP-A,25.23,79.68,9.24,0.0
2026-05-28 20:40:00,F01,TRAP-A,25.37,81.61,14.88,0.0
2026-05-28 20:50:00,F01,TRAP-A,26.13,78.95,7.87,0.0
2026-05-28 21:00:00,F01,TRAP-A,25.71,78.8,13.15,0.0
2026-05-28 21:10:00,F01,TRAP-A,25.13,83.93,8.86,0.0
2026-05-28 21:20:00,F01,TRAP-A,25.02,86.13,12.66,0.0
2026-05-28 21:30:00,F01,TRAP-A,25.78,83.73,6.14,0.0
2026-05-28 21:40:00,F01,TRAP-A,24.63,83.38,10.82,0.0
2026-05-28 21:50:00,F01,TRAP-A,24.8,85.49,6.55,0.0
2026-05-28 22:00:00,F01,TRAP-A,26.43,85.81,6.13,0.0
2026-05-28 22:10:00,F01,TRAP-A,23.39,86.84,8.39,0.0
2026-05-28 22:20:00,F01,TRAP-A,22.89,80.45,7.51,0.0
2026-05-28 22:30:00,F01,TRAP-A,24.84,84.62,6.65,0.0
2026-05-28 22:40:00,F01,TRAP-A,23.52,85.68,18.47,0.0
2026-05-28 22:50:00,F01,TRAP-A,23.66,88.66,10.14,2.31
2026-05-28 23:00:00,F01,TRAP-A,23.15,89.21,13.98,0.0
2026-05-28 23:10:00,F01,TRAP-A,23.43,90.79,28.17,0.0
2026-05-28 23:20:00,F01,TRAP-A,24.79,90.26,8.85,0.0
2026-05-28 23:30:00,F01,TRAP-A,24.03,86.77,8.41,0.0
2026-05-28 23:40:00,F01,TRAP-A,23.97,94.02,8.32,0.0
2026-05-28 23:50:00,F01,TRAP-A,22.04,93.94,10.05,0.0
2026-05-29 00:00:00,F01,TRAP-A,22.15,87.95,10.85,0.0
2026-05-29 00:10:00,F01,TRAP-A,20.71,92.23,10.15,0.0
2026-05-29 00:20:00,F01,TRAP-A,22.25,90.19,9.87,0.0
2026-05-29 00:30:00,F01,TRAP-A,23.58,92.28,9.13,0.0
2026-05-29 00:40:00,F01,TRAP-A,23.16,94.8,10.5,0.0
2026-05-29 00:50:00,F01,TRAP-A,22.51,97.69,9.19,0.0
2026-05-29 01:00:00,F01,TRAP-A,22.62,94.42,15.1,0.0
2026-05-29 01:10:00,F01,TRAP-A,22.04,93.42,9.4,0.0
2026-05-29 01:20:00,F01,TRAP-A,22.72,91.96,10.86,0.0
2026-05-29 01:30:00,F01,TRAP-A,23.14,93.35,9.9,0.0
2026-05-29 01:40:00,F01,TRAP-A,21.22,96.36,14.21,0.0
2026-05-29 01:50:00,F01,TRAP-A,22.74,92.88,11.02,0.0
2026-05-29 02:00:00,F01,TRAP-A,23.25,90.78,10.41,0.0
2026-05-29 02:10:00,F01,TRAP-A,22.18,88.93,12.47,0.0
2026-05-29 02:20:00,F01,TRAP-A,23.08,94.21,17.78,0.0
2026-05-29 02:30:00,F01,TRAP-A,24.8,93.46,17.66,0.0
2026-05-29 02:40:00,F01,TRAP-A,22.5,91.12,11.47,0.0
2026-05-29 02:50:00,F01,TRAP-A,22.93,95.16,14.56,0.0
2026-05-29 03:00:00,F01,TRAP-A,22.08,91.38,10.96,0.0
2026-05-29 03:10:00,F01,TRAP-A,22.87,91.91,11.41,0.0
2026-05-29 03:20:00,F01,TRAP-A,23.16,91.98,13.18,0.0
2026-05-29 03:30:00,F01,TRAP-A,23.02,90.9,11.99,0.0
2026-05-29 03:40:00,F01,TRAP-A,22.13,92.1,16.11,0.0
2026-05-29 03:50:00,F01,TRAP-A,23.2,94.09,19.43,0.0
2026-05-29 04:00:00,F01,TRAP-A,24.3,88.03,11.5,0.0
2026-05-29 04:10:00,F01,TRAP-A,23.6,91.76,12.37,0.0
2026-05-29 04:20:00,F01,TRAP-A,24.12,90.6,13.39,0.0
2026-05-29 04:30:00,F01,TRAP-A,23.28,90.16,14.2,0.0
2026-05-29 04:40:00,F01,TRAP-A,24.19,91.54,19.2,0.85
2026-05-29 04:50:00,F01,TRAP-A,23.95,89.04,18.5,0.0
2026-05-29 05:00:00,F01,TRAP-A,23.1,89.66,14.92,0.0
2026-05-29 05:10:00,F01,TRAP-A,24.26,89.77,12.81,0.0
2026-05-29 05:20:00,F01,TRAP-A,23.36,86.22,16.54,0.0
2026-05-29 05:30:00,F01,TRAP-A,23.8,87.72,12.65,0.0
2026-05-29 05:40:00,F01,TRAP-A,24.62,85.81,22.06,0.0
2026-05-29 05:50:00,F01,TRAP-A,24.87,85.55,12.02,0.0
2026-05-29 06:00:00,F01,TRAP-A,23.85,84.52,14.53,0.0
2026-05-29 06:10:00,F01,TRAP-A,25.82,85.92,12.27,0.0
2026-05-29 06:20:00,F01,TRAP-A,25.61,84.36,13.55,0.0
2026-05-29 06:30:00,F01,TRAP-A,24.77,84.54,14.98,0.0
2026-05-29 06:40:00,F01,TRAP-A,24.29,82.89,15.44,0.0
2026-05-29 06:50:00,F01,TRAP-A,25.59,78.3,16.51,0.0
2026-05-29 07:00:00,F01,TRAP-A,25.54,81.76,14.55,0.0
2026-05-29 07:10:00,F01,TRAP-A,26.18,81.2,12.67,0.0
2026-05-29 07:20:00,F01,TRAP-A,25.99,81.01,18.34,0.0
2026-05-29 07:30:00,F01,TRAP-A,24.87,78.27,16.67,0.0
2026-05-29 07:40:00,F01,TRAP-A,26.36,76.11,12.12,0.0
2026-05-29 07:50:00,F01,TRAP-A,26.62,80.01,16.78,0.0
2026-05-29 08:00:00,F01,TRAP-A,27.57,77.11,22.23,0.0
2026-05-29 08:10:00,F01,TRAP-A,26.7,77.57,14.39,0.0
2026-05-29 08:20:00,F01,TRAP-A,28.8,75.78,12.24,0.0
2026-05-29 08:30:00,F01,TRAP-A,26.12,75.82,13.94,0.0
2026-05-29 08:40:00,F01,TRAP-A,28.89,74.07,12.29,0.0
2026-05-29 08:50:00,F01,TRAP-A,27.85,72.13,14.29,0.0
2026-05-29 09:00:00,F01,TRAP-A,28.91,75.1,13.15,0.0
2026-05-29 09:10:00,F01,TRAP-A,28.48,71.79,18.62,0.0
2026-05-29 09:20:00,F01,TRAP-A,29.51,73.09,13.42,0.0
2026-05-29 09:30:00,F01,TRAP-A,28.47,73.1,11.11,0.0
2026-05-29 09:40:00,F01,TRAP-A,28.08,70.01,14.12,0.0
2026-05-29 09:50:00,F01,TRAP-A,30.27,67.88,11.18,0.0
2026-05-29 10:00:00,F01,TRAP-A,29.21,76.39,10.91,0.0
2026-05-29 10:10:00,F01,TRAP-A,29.65,68.45,11.29,0.0
2026-05-29 10:20:00,F01,TRAP-A,30.62,70.79,9.68,0.0
2026-05-29 10:30:00,F01,TRAP-A,28.96,73.55,19.91,0.0
2026-05-29 10:40:00,F01,TRAP-A,30.42,70.18,11.6,8.85
2026-05-29 10:50:00,F01,TRAP-A,29.61,66.96,13.61,0.0
2026-05-29 11:00:00,F01,TRAP-A,30.12,67.08,9.88,0.0
2026-05-29 11:10:00,F01,TRAP-A,30.42,64.72,12.93,0.0
2026-05-29 11:20:00,F01,TRAP-A,29.29,68.58,11.15,0.0
2026-05-29 11:30:00,F01,TRAP-A,29.98,67.39,10.12,0.0
2026-05-29 11:40:00,F01,TRAP-A,31.8,64.31,18.88,0.0
2026-05-29 11:50:00,F01,TRAP-A,31.54,62.63,10.16,0.0
2026-05-29 12:00:00,F01,TRAP-A,30.88,61.6,11.16,0.0
2026-05-29 12:10:00,F01,TRAP-A,31.21,67.07,7.82,0.0
2026-05-29 12:20:00,F01,TRAP-A,30.87,64.62,8.67,0.0
2026-05-29 12:30:00,F01,TRAP-A,32.27,64.6,14.01,0.0
2026-05-29 12:40:00,F01,TRAP-A,31.09,61.78,11.52,0.0
2026-05-29 12:50:00,F01,TRAP-A,31.5,59.97,9.39,0.0
2026-05-29 13:00:00,F01,TRAP-A,32.28,65.87,13.82,0.0
2026-05-29 13:10:00,F01,TRAP-A,30.78,63.42,8.74,0.0
2026-05-29 13:20:00,F01,TRAP-A,32.69,65.46,9.09,0.0
2026-05-29 13:30:00,F01,TRAP-A,30.24,62.14,7.86,0.0
2026-05-29 13:40:00,F01,TRAP-A,32.79,62.45,9.16,0.0
2026-05-29 13:50:00,F01,TRAP-A,31.2,64.79,7.26,0.0
2026-05-29 14:00:00,F01,TRAP-A,31.31,64.83,7.41,0.0
2026-05-29 14:10:00,F01,TRAP-A,29.98,65.02,15.98,0.0
2026-05-29 14:20:00,F01,TRAP-A,31.11,62.34,6.01,0.0
2026-05-29 14:30:00,F01,TRAP-A,30.62,64.69,5.85,0.0
2026-05-29 14:40:00,F01,TRAP-A,30.93,66.04,5.52,0.0
2026-05-29 14:50:00,F01,TRAP-A,31.27,63.14,6.41,0.0
2026-05-29 15:00:00,F01,TRAP-A,32.1,62.28,6.66,0.0
2026-05-29 15:10:00,F01,TRAP-A,31.44,67.12,5.31,0.0
2026-05-29 15:20:00,F01,TRAP-A,31.45,62.34,7.29,0.0
2026-05-29 15:30:00,F01,TRAP-A,30.26,65.8,7.42,0.0
2026-05-29 15:40:00,F01,TRAP-A,30.35,64.35,8.86,0.0
2026-05-29 15:50:00,F01,TRAP-A,32.4,60.19,15.78,0.0
2026-05-29 16:00:00,F01,TRAP-A,30.28,67.94,7.41,0.0
2026-05-29 16:10:00,F01,TRAP-A,32.09,58.57,4.78,0.0
2026-05-29 16:20:00,F01,TRAP-A,30.46,60.87,4.63,0.0
2026-05-29 16:30:00,F01,TRAP-A,30.53,67.55,8.79,0.0
2026-05-29 16:40:00,F01,TRAP-A,31.26,67.96,7.37,0.0
2026-05-29 16:50:00,F01,TRAP-A,31.29,65.49,4.7,0.0
2026-05-29 17:00:00,F01,TRAP-A,30.05,67.91,5.0,0.0
2026-05-29 17:10:00,F01,TRAP-A,29.68,61.69,8.24,0.0
2026-05-29 17:20:00,F01,TRAP-A,29.8,70.29,6.56,0.0
2026-05-29 17:30:00,F01,TRAP-A,29.96,69.66,6.67,0.0
2026-05-29 17:40:00,F01,TRAP-A,30.24,69.45,4.72,0.0
2026-05-29 17:50:00,F01,TRAP-A,29.37,70.17,6.98,0.0
2026-05-29 18:00:00,F01,TRAP-A,29.69,71.91,8.42,0.0
2026-05-29 18:10:00,F01,TRAP-A,30.33,71.19,10.5,0.0
2026-05-29 18:20:00,F01,TRAP-A,29.15,67.17,8.02,0.0
2026-05-29 18:30:00,F01,TRAP-A,28.91,77.94,6.62,0.0
2026-05-29 18:40:00,F01,TRAP-A,27.26,76.07,7.43,0.0
2026-05-29 18:50:00,F01,TRAP-A,26.19,70.48,6.1,0.0
2026-05-29 19:00:00,F01,TRAP-A,28.41,73.46,4.92,0.0
2026-05-29 19:10:00,F01,TRAP-A,27.84,74.37,10.62,0.0
2026-05-29 19:20:00,F01,TRAP-A,27.31,78.3,6.54,0.0
2026-05-29 19:30:00,F01,TRAP-A,27.72,70.85,7.03,0.0
2026-05-29 19:40:00,F01,TRAP-A,27.28,75.65,18.25,0.0
2026-05-29 19:50:00,F01,TRAP-A,28.04,73.15,17.08,0.0
2026-05-29 20:00:00,F01,TRAP-A,27.01,77.5,7.21,0.0
2026-05-29 20:10:00,F01,TRAP-A,26.14,77.68,4.76,0.0
2026-05-29 20:20:00,F01,TRAP-A,27.34,79.72,6.27,0.0
2026-05-29 20:30:00,F01,TRAP-A,26.18,78.65,13.17,0.0
2026-05-29 20:40:00,F01,TRAP-A,26.58,78.93,5.99,0.98
2026-05-29 20:50:00,F01,TRAP-A,25.58,83.0,26.75,0.0
2026-05-29 21:00:00,F01,TRAP-A,25.25,83.22,5.48,0.0
2026-05-29 21:10:00,F01,TRAP-A,25.65,84.09,7.86,0.0
2026-05-29 21:20:00,F01,TRAP-A,25.41,82.88,7.65,0.0
2026-05-29 21:30:00,F01,TRAP-A,25.6,82.5,6.49,0.0
2026-05-29 21:40:00,F01,TRAP-A,24.83,84.23,14.66,0.0
2026-05-29 21:50:00,F01,TRAP-A,23.4,86.36,8.79,0.0
2026-05-29 22:00:00,F01,TRAP-A,24.35,80.24,6.83,0.0
2026-05-29 22:10:00,F01,TRAP-A,25.16,87.22,7.66,1.55
2026-05-29 22:20:00,F01,TRAP-A,24.13,87.55,10.19,0.0
2026-05-29 22:30:00,F01,TRAP-A,24.01,87.45,7.58,0.0
2026-05-29 22:40:00,F01,TRAP-A,24.85,87.43,13.04,0.0
2026-05-29 22:50:00,F01,TRAP-A,23.34,81.87,7.39,0.0
2026-05-29 23:00:00,F01,TRAP-A,22.54,87.65,7.94,0.0
2026-05-29 23:10:00,F01,TRAP-A,23.51,93.67,7.66,0.0
2026-05-29 23:20:00,F01,TRAP-A,23.13,89.66,7.69,0.0
2026-05-29 23:30:00,F01,TRAP-A,22.62,89.26,8.61,0.0
2026-05-29 23:40:00,F01,TRAP-A,23.14,90.45,29.02,0.0
2026-05-29 23:50:00,F01,TRAP-A,23.56,91.65,8.18,0.0
2026-05-30 00:00:00,F01,TRAP-A,23.06,92.74,8.77,0.0
2026-05-30 00:10:00,F01,TRAP-A,23.23,90.83,9.18,0.0
2026-05-30 00:20:00,F01,TRAP-A,24.35,92.74,11.3,0.0
2026-05-30 00:30:00,F01,TRAP-A,22.54,96.13,12.68,0.0
2026-05-30 00:40:00,F01,TRAP-A,22.97,94.68,12.93,0.0
2026-05-30 00:50:00,F01,TRAP-A,22.28,98.0,8.95,0.0
2026-05-30 01:00:00,F01,TRAP-A,21.96,90.9,12.25,0.0
2026-05-30 01:10:00,F01,TRAP-A,22.13,96.88,12.25,0.0
2026-05-30 01:20:00,F01,TRAP-A,22.17,90.83,11.61,0.0
2026-05-30 01:30:00,F01,TRAP-A,22.82,93.78,11.01,0.0
2026-05-30 01:40:00,F01,TRAP-A,24.39,94.79,14.53,0.0
2026-05-30 01:50:00,F01,TRAP-A,21.93,91.72,11.16,0.26
2026-05-30 02:00:00,F01,TRAP-A,22.17,93.22,10.83,0.0
2026-05-30 02:10:00,F01,TRAP-A,22.46,95.25,11.31,0.0
2026-05-30 02:20:00,F01,TRAP-A,22.84,91.15,12.08,0.0
2026-05-30 02:30:00,F01,TRAP-A,22.76,97.02,11.2,0.0
2026-05-30 02:40:00,F01,TRAP-A,23.61,89.27,13.42,0.0
2026-05-30 02:50:00,F01,TRAP-A,20.68,97.45,17.21,0.67
2026-05-30 03:00:00,F01,TRAP-A,20.76,94.94,13.58,0.0
2026-05-30 03:10:00,F01,TRAP-A,22.33,92.02,12.76,0.0
2026-05-30 03:20:00,F01,TRAP-A,23.67,91.01,15.88,0.0
2026-05-30 03:30:00,F01,TRAP-A,21.61,90.51,15.34,0.0
2026-05-30 03:40:00,F01,TRAP-A,20.54,91.16,12.68,0.0
2026-05-30 03:50:00,F01,TRAP-A,23.5,91.08,14.18,0.0
2026-05-30 04:00:00,F01,TRAP-A,23.33,94.02,15.42,0.0
2026-05-30 04:10:00,F01,TRAP-A,22.37,95.46,12.42,0.0
2026-05-30 04:20:00,F01,TRAP-A,22.56,90.66,13.02,0.0
2026-05-30 04:30:00,F01,TRAP-A,22.69,87.66,12.05,0.0
2026-05-30 04:40:00,F01,TRAP-A,23.68,87.99,24.97,0.0
2026-05-30 04:50:00,F01,TRAP-A,23.22,88.46,12.1,0.0
2026-05-30 05:00:00,F01,TRAP-A,24.26,85.88,12.43,0.0
2026-05-30 05:10:00,F01,TRAP-A,21.72,85.03,13.88,0.0
2026-05-30 05:20:00,F01,TRAP-A,23.47,92.72,17.96,0.0
2026-05-30 05:30:00,F01,TRAP-A,23.41,87.72,13.29,0.0
2026-05-30 05:40:00,F01,TRAP-A,24.27,84.35,16.38,0.0
2026-05-30 05:50:00,F01,TRAP-A,24.21,87.92,15.38,0.0
2026-05-30 06:00:00,F01,TRAP-A,25.44,82.37,15.05,0.0
2026-05-30 06:10:00,F01,TRAP-A,23.49,82.0,17.59,0.0
2026-05-30 06:20:00,F01,TRAP-A,25.19,82.14,12.02,0.0
2026-05-30 06:30:00,F01,TRAP-A,25.78,87.68,19.9,0.0
2026-05-30 06:40:00,F01,TRAP-A,27.01,82.3,17.23,0.0
2026-05-30 06:50:00,F01,TRAP-A,25.32,76.2,20.23,0.0
2026-05-30 07:00:00,F01,TRAP-A,26.16,84.7,16.58,0.0
2026-05-30 07:10:00,F01,TRAP-A,24.65,80.27,18.12,0.0
2026-05-30 07:20:00,F01,TRAP-A,24.37,75.77,12.42,0.0
2026-05-30 07:30:00,F01,TRAP-A,27.15,78.95,12.83,0.0
2026-05-30 07:40:00,F01,TRAP-A,26.67,80.4,12.74,0.0
2026-05-30 07:50:00,F01,TRAP-A,27.81,79.45,11.87,0.0
2026-05-30 08:00:00,F01,TRAP-A,25.97,82.28,15.36,0.0
2026-05-30 08:10:00,F01,TRAP-A,27.68,75.0,11.78,0.0
2026-05-30 08:20:00,F01,TRAP-A,28.95,76.6,11.41,0.89
2026-05-30 08:30:00,F01,TRAP-A,27.99,74.08,15.62,0.0
2026-05-30 08:40:00,F01,TRAP-A,28.07,71.33,18.08,0.0
2026-05-30 08:50:00,F01,TRAP-A,28.04,76.76,15.24,0.0
2026-05-30 09:00:00,F01,TRAP-A,26.97,75.07,16.02,0.0
2026-05-30 09:10:00,F01,TRAP-A,29.5,74.0,13.38,0.0
2026-05-30 09:20:00,F01,TRAP-A,28.11,73.74,17.09,0.0
2026-05-30 09:30:00,F01,TRAP-A,29.18,70.35,12.45,0.0
2026-05-30 09:40:00,F01,TRAP-A,27.71,68.95,23.6,0.0
2026-05-30 09:50:00,F01,TRAP-A,28.19,70.98,10.43,0.0
2026-05-30 10:00:00,F01,TRAP-A,30.45,73.22,14.92,0.0
2026-05-30 10:10:00,F01,TRAP-A,29.19,73.78,12.87,0.0
2026-05-30 10:20:00,F01,TRAP-A,30.8,71.21,12.25,0.0
2026-05-30 10:30:00,F01,TRAP-A,29.73,68.77,13.36,0.0
2026-05-30 10:40:00,F01,TRAP-A,28.47,68.87,14.82,0.0
2026-05-30 10:50:00,F01,TRAP-A,30.8,67.74,15.11,0.0
2026-05-30 11:00:00,F01,TRAP-A,29.76,64.68,9.56,0.0
2026-05-30 11:10:00,F01,TRAP-A,30.92,66.86,9.47,0.0
2026-05-30 11:20:00,F01,TRAP-A,30.51,63.04,8.69,0.0
2026-05-30 11:30:00,F01,TRAP-A,29.37,65.66,8.89,0.0
2026-05-30 11:40:00,F01,TRAP-A,30.85,69.68,9.21,0.0
2026-05-30 11:50:00,F01,TRAP-A,32.59,67.29,11.95,0.0
2026-05-30 12:00:00,F01,TRAP-A,31.32,62.6,9.88,0.0
2026-05-30 12:10:00,F01,TRAP-A,30.97,64.42,12.02,0.0
2026-05-30 12:20:00,F01,TRAP-A,31.97,62.23,9.59,0.0
2026-05-30 12:30:00,F01,TRAP-A,31.35,63.9,9.85,0.0
2026-05-30 12:40:00,F01,TRAP-A,31.42,66.44,7.6,0.0
2026-05-30 12:50:00,F01,TRAP-A,30.44,65.26,11.57,0.0
2026-05-30 13:00:00,F01,TRAP-A,31.55,69.67,11.17,0.0
2026-05-30 13:10:00,F01,TRAP-A,32.24,66.29,7.85,0.0
2026-05-30 13:20:00,F01,TRAP-A,30.77,63.7,7.77,0.0
2026-05-30 13:30:00,F01,TRAP-A,32.61,64.79,7.16,0.0
2026-05-30 13:40:00,F01,TRAP-A,31.41,62.53,11.3,0.0
2026-05-30 13:50:00,F01,TRAP-A,30.79,60.19,10.23,0.0
2026-05-30 14:00:00,F01,TRAP-A,32.3,66.27,8.77,0.0
2026-05-30 14:10:00,F01,TRAP-A,31.26,65.55,6.62,0.0
2026-05-30 14:20:00,F01,TRAP-A,32.08,62.47,6.22,0.0
2026-05-30 14:30:00,F01,TRAP-A,31.22,63.84,5.67,0.0
2026-05-30 14:40:00,F01,TRAP-A,31.37,66.37,5.53,0.0
2026-05-30 14:50:00,F01,TRAP-A,31.77,65.52,5.88,0.0
2026-05-30 15:00:00,F01,TRAP-A,31.56,59.91,5.45,0.0
2026-05-30 15:10:00,F01,TRAP-A,29.68,64.37,7.45,0.0
2026-05-30 15:20:00,F01,TRAP-A,30.31,63.56,6.23,0.0
2026-05-30 15:30:00,F01,TRAP-A,31.88,67.01,6.56,0.0
2026-05-30 15:40:00,F01,TRAP-A,30.94,67.08,7.4,0.0
2026-05-30 15:50:00,F01,TRAP-A,30.54,68.09,7.82,0.0
2026-05-30 16:00:00,F01,TRAP-A,29.78,62.32,7.64,0.0
2026-05-30 16:10:00,F01,TRAP-A,29.9,63.51,5.33,0.0
2026-05-30 16:20:00,F01,TRAP-A,29.03,68.62,9.33,0.0
2026-05-30 16:30:00,F01,TRAP-A,30.45,64.75,11.78,0.0
2026-05-30 16:40:00,F01,TRAP-A,29.93,62.85,5.36,0.0
2026-05-30 16:50:00,F01,TRAP-A,29.5,68.42,4.22,0.0
2026-05-30 17:00:00,F01,TRAP-A,30.08,66.18,11.0,0.0
2026-05-30 17:10:00,F01,TRAP-A,30.28,72.5,11.8,0.0
2026-05-30 17:20:00,F01,TRAP-A,31.52,69.27,4.21,0.0
2026-05-30 17:30:00,F01,TRAP-A,28.48,69.44,4.04,0.0
2026-05-30 17:40:00,F01,TRAP-A,30.46,68.65,9.1,1.41
2026-05-30 17:50:00,F01,TRAP-A,30.14,74.1,5.08,2.4
2026-05-30 18:00:00,F01,TRAP-A,28.57,71.58,11.38,0.0
2026-05-30 18:10:00,F01,TRAP-A,29.18,70.25,4.74,1.22
2026-05-30 18:20:00,F01,TRAP-A,28.48,69.87,9.94,0.0
2026-05-30 18:30:00,F01,TRAP-A,28.81,72.28,4.26,0.0
2026-05-30 18:40:00,F01,TRAP-A,29.69,70.63,4.98,0.0
2026-05-30 18:50:00,F01,TRAP-A,28.78,76.27,14.96,0.0
2026-05-30 19:00:00,F01,TRAP-A,28.51,69.81,4.94,0.0
2026-05-30 19:10:00,F01,TRAP-A,27.57,74.62,4.63,0.0
2026-05-30 19:20:00,F01,TRAP-A,26.53,77.13,10.1,0.0
2026-05-30 19:30:00,F01,TRAP-A,27.36,77.11,4.7,0.0
2026-05-30 19:40:00,F01,TRAP-A,28.29,75.12,4.71,0.0
2026-05-30 19:50:00,F01,TRAP-A,25.91,79.21,5.65,0.64
2026-05-30 20:00:00,F01,TRAP-A,26.09,76.0,7.59,0.0
2026-05-30 20:10:00,F01,TRAP-A,26.84,78.82,8.38,0.0
2026-05-30 20:20:00,F01,TRAP-A,25.76,81.15,11.15,0.0
2026-05-30 20:30:00,F01,TRAP-A,25.71,81.33,7.2,0.0
2026-05-30 20:40:00,F01,TRAP-A,25.82,79.13,6.47,0.0
2026-05-30 20:50:00,F01,TRAP-A,24.87,84.45,6.42,0.0
2026-05-30 21:00:00,F01,TRAP-A,24.99,82.31,10.84,0.0
2026-05-30 21:10:00,F01,TRAP-A,26.15,84.57,9.2,0.0
2026-05-30 21:20:00,F01,TRAP-A,24.35,87.16,12.55,3.14
2026-05-30 21:30:00,F01,TRAP-A,23.94,86.73,15.59,0.0
2026-05-30 21:40:00,F01,TRAP-A,24.54,87.34,6.82,0.0
2026-05-30 21:50:00,F01,TRAP-A,25.45,85.6,8.16,0.0
2026-05-30 22:00:00,F01,TRAP-A,24.54,87.67,9.05,0.0
2026-05-30 22:10:00,F01,TRAP-A,24.16,86.78,6.74,0.0
2026-05-30 22:20:00,F01,TRAP-A,24.4,83.76,6.53,0.0
2026-05-30 22:30:00,F01,TRAP-A,22.81,88.06,12.59,0.0
2026-05-30 22:40:00,F01,TRAP-A,24.45,88.45,8.99,0.0
2026-05-30 22:50:00,F01,TRAP-A,24.22,89.75,9.39,0.0
2026-05-30 23:00:00,F01,TRAP-A,23.44,88.44,9.45,0.0
2026-05-30 23:10:00,F01,TRAP-A,24.44,87.3,11.41,3.51
2026-05-30 23:20:00,F01,TRAP-A,22.61,91.27,7.83,0.0
2026-05-30 23:30:00,F01,TRAP-A,24.29,86.75,10.39,0.0
2026-05-30 23:40:00,F01,TRAP-A,23.4,94.06,9.61,0.0
2026-05-30 23:50:00,F01,TRAP-A,22.9,90.19,14.7,0.0
2026-05-31 00:00:00,F01,TRAP-A,23.05,91.71,10.26,0.0
2026-05-31 00:10:00,F01,TRAP-A,22.89,92.8,16.82,0.0
2026-05-31 00:20:00,F01,TRAP-A,23.87,93.16,9.71,0.0
2026-05-31 00:30:00,F01,TRAP-A,21.96,88.42,18.8,0.0
2026-05-31 00:40:00,F01,TRAP-A,22.14,94.23,14.99,0.0
2026-05-31 00:50:00,F01,TRAP-A,23.52,93.13,11.56,0.0
2026-05-31 01:00:00,F01,TRAP-A,22.16,90.96,10.4,0.0
2026-05-31 01:10:00,F01,TRAP-A,23.31,90.82,10.67,0.0
2026-05-31 01:20:00,F01,TRAP-A,23.92,91.97,13.87,0.0
2026-05-31 01:30:00,F01,TRAP-A,22.21,89.65,12.19,0.0
2026-05-31 01:40:00,F01,TRAP-A,23.06,97.27,11.28,0.0
2026-05-31 01:50:00,F01,TRAP-A,21.58,96.71,12.93,0.0
2026-05-31 02:00:00,F01,TRAP-A,23.1,94.13,14.01,0.0
2026-05-31 02:10:00,F01,TRAP-A,22.67,92.42,10.27,0.0
2026-05-31 02:20:00,F01,TRAP-A,22.9,92.43,10.62,0.0
2026-05-31 02:30:00,F01,TRAP-A,22.03,94.74,10.78,0.0
2026-05-31 02:40:00,F01,TRAP-A,21.25,97.13,11.41,0.0
2026-05-31 02:50:00,F01,TRAP-A,23.02,91.17,12.42,0.0
2026-05-31 03:00:00,F01,TRAP-A,21.02,89.64,15.75,0.0
2026-05-31 03:10:00,F01,TRAP-A,22.47,96.11,12.29,0.0
2026-05-31 03:20:00,F01,TRAP-A,23.55,87.55,11.15,0.0
2026-05-31 03:30:00,F01,TRAP-A,23.02,89.25,13.19,0.0
2026-05-31 03:40:00,F01,TRAP-A,24.51,90.88,28.39,0.0
2026-05-31 03:50:00,F01,TRAP-A,23.86,87.3,12.69,0.0
2026-05-31 04:00:00,F01,TRAP-A,22.61,93.66,21.25,0.0
2026-05-31 04:10:00,F01,TRAP-A,23.26,92.67,11.9,0.0
2026-05-31 04:20:00,F01,TRAP-A,23.31,88.72,12.22,0.0
2026-05-31 04:30:00,F01,TRAP-A,22.2,92.96,15.58,0.0
2026-05-31 04:40:00,F01,TRAP-A,22.84,92.97,13.87,0.0
2026-05-31 04:50:00,F01,TRAP-A,23.28,88.63,16.18,0.0
2026-05-31 05:00:00,F01,TRAP-A,22.24,87.32,17.85,0.0
2026-05-31 05:10:00,F01,TRAP-A,24.05,93.62,12.78,0.0
2026-05-31 05:20:00,F01,TRAP-A,23.96,89.28,15.39,0.0
2026-05-31 05:30:00,F01,TRAP-A,22.97,87.6,14.78,0.0
2026-05-31 05:40:00,F01,TRAP-A,24.8,89.83,17.92,0.0
2026-05-31 05:50:00,F01,TRAP-A,25.21,86.63,13.69,0.0
2026-05-31 06:00:00,F01,TRAP-A,24.99,84.04,12.16,0.0
2026-05-31 06:10:00,F01,TRAP-A,24.72,84.93,14.55,0.0
2026-05-31 06:20:00,F01,TRAP-A,25.63,86.74,21.55,0.0
2026-05-31 06:30:00,F01,TRAP-A,25.88,78.56,12.0,0.0
2026-05-31 06:40:00,F01,TRAP-A,25.77,82.2,12.75,0.0
2026-05-31 06:50:00,F01,TRAP-A,25.05,85.76,13.03,0.0
2026-05-31 07:00:00,F01,TRAP-A,26.12,80.39,16.2,0.0
2026-05-31 07:10:00,F01,TRAP-A,27.05,84.9,12.97,0.0
2026-05-31 07:20:00,F01,TRAP-A,25.81,83.92,12.56,0.0
2026-05-31 07:30:00,F01,TRAP-A,28.16,79.58,14.81,0.0
2026-05-31 07:40:00,F01,TRAP-A,26.25,77.67,11.74,0.0
2026-05-31 07:50:00,F01,TRAP-A,26.9,77.72,12.08,0.0
2026-05-31 08:00:00,F01,TRAP-A,26.53,84.44,13.01,0.0
2026-05-31 08:10:00,F01,TRAP-A,27.44,81.81,12.66,0.0
2026-05-31 08:20:00,F01,TRAP-A,26.06,76.79,12.52,0.0
2026-05-31 08:30:00,F01,TRAP-A,27.22,74.3,11.48,0.0
2026-05-31 08:40:00,F01,TRAP-A,26.97,75.47,12.37,0.0
2026-05-31 08:50:00,F01,TRAP-A,28.15,75.15,15.71,0.0
2026-05-31 09:00:00,F01,TRAP-A,29.02,70.8,12.39,0.0
2026-05-31 09:10:00,F01,TRAP-A,28.93,73.48,13.31,0.0
2026-05-31 09:20:00,F01,TRAP-A,26.7,75.97,11.06,0.0
2026-05-31 09:30:00,F01,TRAP-A,30.42,67.56,10.6,0.0
2026-05-31 09:40:00,F01,TRAP-A,29.2,73.53,16.61,0.0
2026-05-31 09:50:00,F01,TRAP-A,28.52,74.32,11.31,0.0
2026-05-31 10:00:00,F01,TRAP-A,29.43,68.91,11.24,0.37
2026-05-31 10:10:00,F01,TRAP-A,29.61,73.99,16.1,2.8
2026-05-31 10:20:00,F01,TRAP-A,29.1,67.49,13.33,0.0
2026-05-31 10:30:00,F01,TRAP-A,29.95,69.8,13.71,0.0
2026-05-31 10:40:00,F01,TRAP-A,29.46,67.42,12.75,0.0
2026-05-31 10:50:00,F01,TRAP-A,29.77,66.94,9.48,1.8
2026-05-31 11:00:00,F01,TRAP-A,29.68,65.69,18.49,0.0
2026-05-31 11:10:00,F01,TRAP-A,29.22,68.54,16.0,0.0
2026-05-31 11:20:00,F01,TRAP-A,30.61,68.49,9.44,0.0
2026-05-31 11:30:00,F01,TRAP-A,31.08,65.81,13.35,0.0
2026-05-31 11:40:00,F01,TRAP-A,31.14,62.19,9.87,0.0
2026-05-31 11:50:00,F01,TRAP-A,31.49,66.24,11.57,0.0
2026-05-31 12:00:00,F01,TRAP-A,31.19,65.96,8.48,0.0
2026-05-31 12:10:00,F01,TRAP-A,30.6,64.05,10.09,0.0
2026-05-31 12:20:00,F01,TRAP-A,31.78,68.98,8.0,0.0
2026-05-31 12:30:00,F01,TRAP-A,30.1,60.15,9.72,0.0
2026-05-31 12:40:00,F01,TRAP-A,30.53,58.29,8.08,0.0
2026-05-31 12:50:00,F01,TRAP-A,30.54,61.8,8.88,0.0
2026-05-31 13:00:00,F01,TRAP-A,32.23,65.23,10.22,0.0
2026-05-31 13:10:00,F01,TRAP-A,32.16,60.67,13.03,0.0
2026-05-31 13:20:00,F01,TRAP-A,31.83,60.74,7.12,0.0
2026-05-31 13:30:00,F01,TRAP-A,32.33,65.48,13.13,0.0
2026-05-31 13:40:00,F01,TRAP-A,30.78,64.2,7.74,0.0
2026-05-31 13:50:00,F01,TRAP-A,31.78,63.95,11.67,0.0
2026-05-31 14:00:00,F01,TRAP-A,31.4,64.96,8.1,0.0
2026-05-31 14:10:00,F01,TRAP-A,32.17,61.96,11.75,0.0
2026-05-31 14:20:00,F01,TRAP-A,31.38,62.13,8.92,0.0
2026-05-31 14:30:00,F01,TRAP-A,31.14,65.18,7.65,0.0
2026-05-31 14:40:00,F01,TRAP-A,31.85,59.91,6.51,0.0
2026-05-31 14:50:00,F01,TRAP-A,32.08,58.05,15.67,0.0
2026-05-31 15:00:00,F01,TRAP-A,30.79,62.49,9.97,0.0
2026-05-31 15:10:00,F01,TRAP-A,31.22,66.09,6.45,0.0
2026-05-31 15:20:00,F01,TRAP-A,30.36,64.62,5.45,0.0
2026-05-31 15:30:00,F01,TRAP-A,29.13,66.37,9.33,0.0
2026-05-31 15:40:00,F01,TRAP-A,31.21,59.46,18.49,0.0
2026-05-31 15:50:00,F01,TRAP-A,31.45,65.59,5.58,0.0
2026-05-31 16:00:00,F01,TRAP-A,31.07,66.76,11.93,0.0
2026-05-31 16:10:00,F01,TRAP-A,29.2,62.09,4.83,0.0
2026-05-31 16:20:00,F01,TRAP-A,30.37,68.0,13.47,0.0
2026-05-31 16:30:00,F01,TRAP-A,28.75,65.96,8.39,0.0
2026-05-31 16:40:00,F01,TRAP-A,31.5,74.33,5.5,0.0
2026-05-31 16:50:00,F01,TRAP-A,29.4,61.65,5.26,0.0
2026-05-31 17:00:00,F01,TRAP-A,31.14,70.98,7.22,0.0
2026-05-31 17:10:00,F01,TRAP-A,30.75,67.05,6.78,0.0
2026-05-31 17:20:00,F01,TRAP-A,29.12,64.49,11.59,0.0
2026-05-31 17:30:00,F01,TRAP-A,28.78,67.73,8.39,0.0
2026-05-31 17:40:00,F01,TRAP-A,29.81,70.27,6.34,0.0
2026-05-31 17:50:00,F01,TRAP-A,28.69,72.72,11.88,0.0
2026-05-31 18:00:00,F01,TRAP-A,29.27,75.0,6.7,0.0
2026-05-31 18:10:00,F01,TRAP-A,28.63,74.83,9.69,0.0
2026-05-31 18:20:00,F01,TRAP-A,27.42,69.45,9.54,0.0
2026-05-31 18:30:00,F01,TRAP-A,26.88,75.29,11.59,0.0
2026-05-31 18:40:00,F01,TRAP-A,28.66,74.06,4.28,0.0
2026-05-31 18:50:00,F01,TRAP-A,27.84,72.07,6.74,0.0
2026-05-31 19:00:00,F01,TRAP-A,27.66,73.8,6.05,0.0
2026-05-31 19:10:00,F01,TRAP-A,28.46,73.2,6.23,0.0
2026-05-31 19:20:00,F01,TRAP-A,28.65,75.71,6.11,1.47
2026-05-31 19:30:00,F01,TRAP-A,27.3,74.44,9.78,0.0
2026-05-31 19:40:00,F01,TRAP-A,27.05,74.35,5.55,0.0
2026-05-31 19:50:00,F01,TRAP-A,27.53,78.77,6.34,0.0
2026-05-31 20:00:00,F01,TRAP-A,25.85,79.8,5.24,0.0
2026-05-31 20:10:00,F01,TRAP-A,26.92,78.41,5.53,0.0
2026-05-31 20:20:00,F01,TRAP-A,26.98,82.95,8.0,0.0
2026-05-31 20:30:00,F01,TRAP-A,26.89,79.53,5.24,0.0
2026-05-31 20:40:00,F01,TRAP-A,24.6,80.07,5.6,0.0
2026-05-31 20:50:00,F01,TRAP-A,25.35,83.12,7.34,0.0
2026-05-31 21:00:00,F01,TRAP-A,25.07,81.77,5.35,0.0
2026-05-31 21:10:00,F01,TRAP-A,25.66,82.94,5.75,0.0
2026-05-31 21:20:00,F01,TRAP-A,25.78,77.04,11.45,0.0
2026-05-31 21:30:00,F01,TRAP-A,26.41,83.99,11.23,0.0
2026-05-31 21:40:00,F01,TRAP-A,24.64,79.97,7.04,0.0
2026-05-31 21:50:00,F01,TRAP-A,24.46,82.07,7.18,0.0
2026-05-31 22:00:00,F01,TRAP-A,25.61,82.36,14.32,0.0
2026-05-31 22:10:00,F01,TRAP-A,24.76,83.64,6.28,0.0
2026-05-31 22:20:00,F01,TRAP-A,25.38,85.41,8.97,0.0
2026-05-31 22:30:00,F01,TRAP-A,24.44,86.09,9.25,0.0
2026-05-31 22:40:00,F01,TRAP-A,23.13,89.47,11.34,0.0
2026-05-31 22:50:00,F01,TRAP-A,22.84,88.85,15.95,0.0
2026-05-31 23:00:00,F01,TRAP-A,22.53,84.01,8.34,0.0
2026-05-31 23:10:00,F01,TRAP-A,24.17,89.42,8.92,0.0
2026-05-31 23:20:00,F01,TRAP-A,24.46,90.43,10.7,0.0
2026-05-31 23:30:00,F01,TRAP-A,24.87,89.21,17.8,0.0
2026-05-31 23:40:00,F01,TRAP-A,23.95,90.26,14.35,0.0
2026-05-31 23:50:00,F01,TRAP-A,24.1,91.25,11.18,0.0
2026-06-01 00:00:00,F01,TRAP-A,22.61,93.01,13.89,0.0
2026-06-01 00:10:00,F01,TRAP-A,22.05,87.47,8.5,0.0
2026-06-01 00:20:00,F01,TRAP-A,23.57,91.08,9.83,0.0
2026-06-01 00:30:00,F01,TRAP-A,23.15,95.71,8.62,0.0
2026-06-01 00:40:00,F01,TRAP-A,22.83,95.71,9.34,0.0
2026-06-01 00:50:00,F01,TRAP-A,23.0,94.5,11.91,0.0
2026-06-01 01:00:00,F01,TRAP-A,22.89,93.89,15.6,0.0
2026-06-01 01:10:00,F01,TRAP-A,23.62,96.83,12.27,0.0
2026-06-01 01:20:00,F01,TRAP-A,23.59,97.6,12.7,4.22
2026-06-01 01:30:00,F01,TRAP-A,22.97,92.58,9.92,0.0
2026-06-01 01:40:00,F01,TRAP-A,23.19,90.54,13.02,0.0
2026-06-01 01:50:00,F01,TRAP-A,22.91,92.32,11.72,0.0
2026-06-01 02:00:00,F01,TRAP-A,22.13,98.0,13.21,0.0
2026-06-01 02:10:00,F01,TRAP-A,23.11,89.05,11.38,0.0
2026-06-01 02:20:00,F01,TRAP-A,21.41,91.75,12.96,0.0
2026-06-01 02:30:00,F01,TRAP-A,23.39,89.31,12.14,0.0
2026-06-01 02:40:00,F01,TRAP-A,21.63,93.04,13.07,0.0
2026-06-01 02:50:00,F01,TRAP-A,22.85,89.59,11.22,0.0
2026-06-01 03:00:00,F01,TRAP-A,22.0,92.16,12.38,0.0
2026-06-01 03:10:00,F01,TRAP-A,23.17,87.36,12.4,0.0
2026-06-01 03:20:00,F01,TRAP-A,22.77,93.56,15.1,0.0
2026-06-01 03:30:00,F01,TRAP-A,21.59,94.83,14.89,0.0
2026-06-01 03:40:00,F01,TRAP-A,23.29,90.54,18.5,0.0
2026-06-01 03:50:00,F01,TRAP-A,22.58,90.86,14.41,0.0
2026-06-01 04:00:00,F01,TRAP-A,23.84,90.47,12.63,0.0
2026-06-01 04:10:00,F01,TRAP-A,23.24,90.98,16.16,0.0
2026-06-01 04:20:00,F01,TRAP-A,23.67,90.06,13.71,0.14
2026-06-01 04:30:00,F01,TRAP-A,22.71,91.68,12.36,0.0
2026-06-01 04:40:00,F01,TRAP-A,23.13,92.43,15.91,0.0
2026-06-01 04:50:00,F01,TRAP-A,23.36,86.87,12.26,0.0
2026-06-01 05:00:00,F01,TRAP-A,24.55,87.67,12.47,0.0
2026-06-01 05:10:00,F01,TRAP-A,25.35,90.22,16.18,0.0
2026-06-01 05:20:00,F01,TRAP-A,23.52,83.91,16.36,0.0
2026-06-01 05:30:00,F01,TRAP-A,25.18,82.02,16.67,0.0
2026-06-01 05:40:00,F01,TRAP-A,22.74,86.98,13.03,0.0
2026-06-01 05:50:00,F01,TRAP-A,23.68,87.11,18.04,0.0
2026-06-01 06:00:00,F01,TRAP-A,24.04,83.5,15.85,0.0
2026-06-01 06:10:00,F01,TRAP-A,23.9,83.28,17.38,1.48
2026-06-01 06:20:00,F01,TRAP-A,23.89,82.23,15.68,0.0
2026-06-01 06:30:00,F01,TRAP-A,25.67,81.36,14.56,0.0
2026-06-01 06:40:00,F01,TRAP-A,25.35,84.65,12.28,0.0
2026-06-01 06:50:00,F01,TRAP-A,26.02,79.34,15.61,0.0
2026-06-01 07:00:00,F01,TRAP-A,26.45,81.0,15.37,0.0
2026-06-01 07:10:00,F01,TRAP-A,26.31,78.76,12.92,0.0
2026-06-01 07:20:00,F01,TRAP-A,26.81,76.74,15.73,0.0
2026-06-01 07:30:00,F01,TRAP-A,26.42,81.91,14.07,0.0
2026-06-01 07:40:00,F01,TRAP-A,25.73,77.78,14.06,0.0
2026-06-01 07:50:00,F01,TRAP-A,27.72,78.9,12.89,0.0
2026-06-01 08:00:00,F01,TRAP-A,26.6,74.0,11.81,0.0
2026-06-01 08:10:00,F01,TRAP-A,26.52,75.26,12.07,0.0
2026-06-01 08:20:00,F01,TRAP-A,27.32,78.36,15.64,0.0
2026-06-01 08:30:00,F01,TRAP-A,26.92,82.28,12.09,0.0
2026-06-01 08:40:00,F01,TRAP-A,27.51,70.23,11.03,0.0
2026-06-01 08:50:00,F01,TRAP-A,28.32,74.03,28.35,0.0
2026-06-01 09:00:00,F01,TRAP-A,28.51,74.93,11.49,0.0
2026-06-01 09:10:00,F01,TRAP-A,27.7,71.73,13.85,0.0
2026-06-01 09:20:00,F01,TRAP-A,28.21,74.78,18.37,0.0
2026-06-01 09:30:00,F01,TRAP-A,29.64,69.88,13.13,0.0
2026-06-01 09:40:00,F01,TRAP-A,29.36,71.84,15.06,0.0
2026-06-01 09:50:00,F01,TRAP-A,30.8,69.57,21.33,0.0
2026-06-01 10:00:00,F01,TRAP-A,30.25,73.35,15.85,0.0
2026-06-01 10:10:00,F01,TRAP-A,30.39,68.06,12.24,0.0
2026-06-01 10:20:00,F01,TRAP-A,28.53,68.33,10.99,0.0
2026-06-01 10:30:00,F01,TRAP-A,30.4,71.05,11.45,0.0
2026-06-01 10:40:00,F01,TRAP-A,29.9,65.61,14.84,0.0
2026-06-01 10:50:00,F01,TRAP-A,29.65,67.87,14.9,0.0
2026-06-01 11:00:00,F01,TRAP-A,30.36,62.68,14.59,0.0
2026-06-01 11:10:00,F01,TRAP-A,31.12,64.07,11.53,3.88
2026-06-01 11:20:00,F01,TRAP-A,30.89,67.32,10.58,0.0
2026-06-01 11:30:00,F01,TRAP-A,29.91,63.48,9.58,0.0
2026-06-01 11:40:00,F01,TRAP-A,31.32,64.22,8.3,0.0
2026-06-01 11:50:00,F01,TRAP-A,30.32,66.46,12.45,0.0
2026-06-01 12:00:00,F01,TRAP-A,31.1,63.45,8.91,0.0
2026-06-01 12:10:00,F01,TRAP-A,30.78,66.65,8.96,0.0
2026-06-01 12:20:00,F01,TRAP-A,30.93,64.85,13.15,0.0
2026-06-01 12:30:00,F01,TRAP-A,31.8,65.14,7.58,0.0
2026-06-01 12:40:00,F01,TRAP-A,30.42,66.93,15.12,0.0
2026-06-01 12:50:00,F01,TRAP-A,32.87,64.43,7.08,0.0
2026-06-01 13:00:00,F01,TRAP-A,29.91,67.3,15.3,0.0
2026-06-01 13:10:00,F01,TRAP-A,30.93,65.59,8.56,0.0
2026-06-01 13:20:00,F01,TRAP-A,31.74,61.88,6.9,0.0
2026-06-01 13:30:00,F01,TRAP-A,31.94,66.33,9.78,0.0
2026-06-01 13:40:00,F01,TRAP-A,31.41,63.7,13.04,0.0
2026-06-01 13:50:00,F01,TRAP-A,31.45,62.02,7.83,0.0
2026-06-01 14:00:00,F01,TRAP-A,31.83,63.7,9.47,0.0
2026-06-01 14:10:00,F01,TRAP-A,31.31,65.81,17.44,0.0
2026-06-01 14:20:00,F01,TRAP-A,32.59,64.22,6.48,0.0
2026-06-01 14:30:00,F01,TRAP-A,32.12,67.72,10.67,0.0
2026-06-01 14:40:00,F01,TRAP-A,32.12,65.99,6.43,0.0
2026-06-01 14:50:00,F01,TRAP-A,30.6,64.71,6.92,0.0
2026-06-01 15:00:00,F01,TRAP-A,31.26,61.01,6.12,0.0
2026-06-01 15:10:00,F01,TRAP-A,31.03,63.32,6.78,5.94
2026-06-01 15:20:00,F01,TRAP-A,30.4,64.16,4.91,0.0
2026-06-01 15:30:00,F01,TRAP-A,31.42,65.97,5.87,0.0
2026-06-01 15:40:00,F01,TRAP-A,30.62,66.1,6.46,0.0
2026-06-01 15:50:00,F01,TRAP-A,31.48,65.23,7.59,0.0
2026-06-01 16:00:00,F01,TRAP-A,30.01,65.43,7.55,0.0
2026-06-01 16:10:00,F01,TRAP-A,32.13,67.28,7.05,0.0
2026-06-01 16:20:00,F01,TRAP-A,29.93,63.7,5.39,0.0
2026-06-01 16:30:00,F01,TRAP-A,30.7,70.48,13.12,0.0
2026-06-01 16:40:00,F01,TRAP-A,31.04,61.54,5.71,0.0
2026-06-01 16:50:00,F01,TRAP-A,29.81,70.74,4.9,0.0
2026-06-01 17:00:00,F01,TRAP-A,30.81,67.44,6.55,4.22
2026-06-01 17:10:00,F01,TRAP-A,29.01,70.54,8.23,0.0
2026-06-01 17:20:00,F01,TRAP-A,31.0,69.45,4.09,0.0
2026-06-01 17:30:00,F01,TRAP-A,29.7,69.92,5.0,13.19
2026-06-01 17:40:00,F01,TRAP-A,29.05,70.97,9.24,0.0
2026-06-01 17:50:00,F01,TRAP-A,29.12,72.16,6.12,0.0
2026-06-01 18:00:00,F01,TRAP-A,29.84,69.88,5.58,0.0
2026-06-01 18:10:00,F01,TRAP-A,28.55,73.87,12.02,0.0
2026-06-01 18:20:00,F01,TRAP-A,28.24,69.16,4.3,0.0
2026-06-01 18:30:00,F01,TRAP-A,28.48,72.46,6.91,0.0
2026-06-01 18:40:00,F01,TRAP-A,27.53,75.18,5.33,0.0
2026-06-01 18:50:00,F01,TRAP-A,29.74,76.2,4.33,0.0
2026-06-01 19:00:00,F01,TRAP-A,27.64,75.49,4.87,0.0
2026-06-01 19:10:00,F01,TRAP-A,28.57,74.0,7.17,0.0
2026-06-01 19:20:00,F01,TRAP-A,27.88,77.87,4.35,0.0
2026-06-01 19:30:00,F01,TRAP-A,26.73,74.6,7.02,0.0
2026-06-01 19:40:00,F01,TRAP-A,27.32,81.3,13.83,0.0
2026-06-01 19:50:00,F01,TRAP-A,27.75,77.37,9.24,0.0
2026-06-01 20:00:00,F01,TRAP-A,26.78,74.38,5.84,0.0
2026-06-01 20:10:00,F01,TRAP-A,27.69,75.9,5.11,0.0
2026-06-01 20:20:00,F01,TRAP-A,27.36,79.65,6.64,0.0
2026-06-01 20:30:00,F01,TRAP-A,27.08,80.54,6.36,0.0
2026-06-01 20:40:00,F01,TRAP-A,25.78,85.76,15.67,0.0
2026-06-01 20:50:00,F01,TRAP-A,25.09,78.88,18.87,0.0
2026-06-01 21:00:00,F01,TRAP-A,25.28,82.2,6.8,0.0
2026-06-01 21:10:00,F01,TRAP-A,25.74,80.08,5.83,0.0
2026-06-01 21:20:00,F01,TRAP-A,25.83,82.12,12.72,0.0
2026-06-01 21:30:00,F01,TRAP-A,23.48,88.16,10.35,0.0
2026-06-01 21:40:00,F01,TRAP-A,25.03,81.71,7.9,0.0
2026-06-01 21:50:00,F01,TRAP-A,24.99,86.6,7.27,0.0
2026-06-01 22:00:00,F01,TRAP-A,24.47,86.68,7.84,0.0
2026-06-01 22:10:00,F01,TRAP-A,25.56,86.19,13.17,0.0
2026-06-01 22:20:00,F01,TRAP-A,24.7,88.09,6.98,0.0
2026-06-01 22:30:00,F01,TRAP-A,25.25,84.41,11.46,0.0
2026-06-01 22:40:00,F01,TRAP-A,23.88,91.96,6.75,0.0
2026-06-01 22:50:00,F01,TRAP-A,24.66,93.12,14.46,0.0
2026-06-01 23:00:00,F01,TRAP-A,25.08,88.89,9.11,0.0
2026-06-01 23:10:00,F01,TRAP-A,24.68,95.27,7.97,0.0
2026-06-01 23:20:00,F01,TRAP-A,22.63,88.64,7.38,0.0
2026-06-01 23:30:00,F01,TRAP-A,23.18,91.04,10.0,0.0
2026-06-01 23:40:00,F01,TRAP-A,23.0,94.0,8.55,0.0
2026-06-01 23:50:00,F01,TRAP-A,23.56,89.63,10.88,0.0
2026-06-02 00:00:00,F01,TRAP-A,23.62,87.65,9.05,0.0
2026-06-02 00:10:00,F01,TRAP-A,22.31,87.38,8.51,0.0
2026-06-02 00:20:00,F01,TRAP-A,22.95,96.84,10.52,0.0
2026-06-02 00:30:00,F01,TRAP-A,21.2,90.62,11.08,0.0
2026-06-02 00:40:00,F01,TRAP-A,23.9,91.71,10.56,0.0
2026-06-02 00:50:00,F01,TRAP-A,22.28,89.59,10.76,0.0
2026-06-02 01:00:00,F01,TRAP-A,22.68,94.92,11.77,0.0
2026-06-02 01:10:00,F01,TRAP-A,22.34,90.74,11.5,0.0
2026-06-02 01:20:00,F01,TRAP-A,23.47,91.58,9.85,0.0
2026-06-02 01:30:00,F01,TRAP-A,20.26,93.65,10.25,0.0
2026-06-02 01:40:00,F01,TRAP-A,22.5,90.3,10.21,0.0
2026-06-02 01:50:00,F01,TRAP-A,22.42,92.55,13.45,0.0
2026-06-02 02:00:00,F01,TRAP-A,22.14,96.5,12.31,0.0
2026-06-02 02:10:00,F01,TRAP-A,23.89,94.04,11.89,0.0
2026-06-02 02:20:00,F01,TRAP-A,21.81,93.25,15.15,0.0
2026-06-02 02:30:00,F01,TRAP-A,23.17,93.38,11.67,0.0
2026-06-02 02:40:00,F01,TRAP-A,22.87,91.76,13.14,0.0
2026-06-02 02:50:00,F01,TRAP-A,23.63,97.58,10.98,0.0
2026-06-02 03:00:00,F01,TRAP-A,22.14,90.4,14.96,0.0
2026-06-02 03:10:00,F01,TRAP-A,22.14,92.76,14.56,0.0
2026-06-02 03:20:00,F01,TRAP-A,23.67,92.3,15.97,0.0
2026-06-02 03:30:00,F01,TRAP-A,23.21,94.29,17.69,0.0
2026-06-02 03:40:00,F01,TRAP-A,21.72,94.25,15.57,0.0
2026-06-02 03:50:00,F01,TRAP-A,22.61,91.12,16.99,0.0
2026-06-02 04:00:00,F01,TRAP-A,23.45,91.6,12.77,0.0
2026-06-02 04:10:00,F01,TRAP-A,23.91,91.34,12.84,0.0
2026-06-02 04:20:00,F01,TRAP-A,22.81,84.47,20.31,0.0
2026-06-02 04:30:00,F01,TRAP-A,21.14,85.78,19.1,0.0
2026-06-02 04:40:00,F01,TRAP-A,24.02,87.83,14.17,0.0
2026-06-02 04:50:00,F01,TRAP-A,22.75,87.5,13.2,0.0
2026-06-02 05:00:00,F01,TRAP-A,22.25,85.44,17.91,0.0
2026-06-02 05:10:00,F01,TRAP-A,21.75,89.83,13.09,0.0
2026-06-02 05:20:00,F01,TRAP-A,24.81,87.47,12.45,0.0
2026-06-02 05:30:00,F01,TRAP-A,24.42,86.41,15.03,0.0
2026-06-02 05:40:00,F01,TRAP-A,24.3,83.27,12.12,0.0
2026-06-02 05:50:00,F01,TRAP-A,25.75,85.75,13.43,0.0
2026-06-02 06:00:00,F01,TRAP-A,25.32,78.73,16.95,0.0
2026-06-02 06:10:00,F01,TRAP-A,26.28,84.31,13.04,0.0
2026-06-02 06:20:00,F01,TRAP-A,24.05,84.28,20.01,0.0
2026-06-02 06:30:00,F01,TRAP-A,25.32,84.13,21.32,0.0
2026-06-02 06:40:00,F01,TRAP-A,24.23,79.0,17.0,3.56
2026-06-02 06:50:00,F01,TRAP-A,25.53,82.85,25.07,0.0
2026-06-02 07:00:00,F01,TRAP-A,25.7,79.05,14.12,0.0
2026-06-02 07:10:00,F01,TRAP-A,26.6,78.99,14.32,0.0
2026-06-02 07:20:00,F01,TRAP-A,26.32,82.17,17.16,0.0
2026-06-02 07:30:00,F01,TRAP-A,26.98,84.76,13.71,0.0
2026-06-02 07:40:00,F01,TRAP-A,27.24,79.2,13.16,2.98
2026-06-02 07:50:00,F01,TRAP-A,28.6,76.38,14.38,1.15
2026-06-02 08:00:00,F01,TRAP-A,26.82,78.24,14.65,0.0
2026-06-02 08:10:00,F01,TRAP-A,26.51,79.46,15.51,0.0
2026-06-02 08:20:00,F01,TRAP-A,27.66,78.01,14.55,0.0
2026-06-02 08:30:00,F01,TRAP-A,27.02,82.67,15.24,0.0
2026-06-02 08:40:00,F01,TRAP-A,29.04,73.38,14.39,0.0
2026-06-02 08:50:00,F01,TRAP-A,27.82,75.15,12.87,0.0
2026-06-02 09:00:00,F01,TRAP-A,27.78,77.76,11.22,0.0
2026-06-02 09:10:00,F01,TRAP-A,28.04,76.98,15.27,0.0
2026-06-02 09:20:00,F01,TRAP-A,29.18,67.77,10.62,0.0
2026-06-02 09:30:00,F01,TRAP-A,28.66,72.03,25.06,0.0
2026-06-02 09:40:00,F01,TRAP-A,28.45,75.16,15.53,0.0
2026-06-02 09:50:00,F01,TRAP-A,30.47,78.09,13.43,0.0
2026-06-02 10:00:00,F01,TRAP-A,28.63,72.06,20.14,0.0
2026-06-02 10:10:00,F01,TRAP-A,29.51,68.82,12.63,0.0
2026-06-02 10:20:00,F01,TRAP-A,30.16,66.68,9.81,0.0
2026-06-02 10:30:00,F01,TRAP-A,28.49,74.23,11.93,0.0
2026-06-02 10:40:00,F01,TRAP-A,30.33,70.0,10.28,0.0
2026-06-02 10:50:00,F01,TRAP-A,29.25,65.57,10.53,0.0
2026-06-02 11:00:00,F01,TRAP-A,30.89,66.72,10.82,0.0
2026-06-02 11:10:00,F01,TRAP-A,29.6,67.56,13.27,0.0
2026-06-02 11:20:00,F01,TRAP-A,31.05,67.72,10.73,0.0
2026-06-02 11:30:00,F01,TRAP-A,31.5,63.71,10.39,0.0
2026-06-02 11:40:00,F01,TRAP-A,31.42,64.04,9.36,0.0
2026-06-02 11:50:00,F01,TRAP-A,31.03,61.09,10.44,0.0
2026-06-02 12:00:00,F01,TRAP-A,30.75,67.49,8.79,0.0
2026-06-02 12:10:00,F01,TRAP-A,30.56,63.73,8.67,0.0
2026-06-02 12:20:00,F01,TRAP-A,32.28,65.47,11.84,0.0
2026-06-02 12:30:00,F01,TRAP-A,30.62,67.61,8.67,0.0
2026-06-02 12:40:00,F01,TRAP-A,30.42,64.38,7.4,0.78
2026-06-02 12:50:00,F01,TRAP-A,31.84,63.34,8.34,0.0
2026-06-02 13:00:00,F01,TRAP-A,30.73,63.94,9.96,0.0
2026-06-02 13:10:00,F01,TRAP-A,30.65,63.46,11.78,0.0
2026-06-02 13:20:00,F01,TRAP-A,30.29,66.3,16.38,0.0
2026-06-02 13:30:00,F01,TRAP-A,31.08,63.88,10.52,0.0
2026-06-02 13:40:00,F01,TRAP-A,31.42,61.68,7.93,0.0
2026-06-02 13:50:00,F01,TRAP-A,31.69,65.63,7.16,0.0
2026-06-02 14:00:00,F01,TRAP-A,32.26,66.08,6.36,0.0
2026-06-02 14:10:00,F01,TRAP-A,31.91,59.68,8.76,0.0
2026-06-02 14:20:00,F01,TRAP-A,31.32,66.91,7.79,0.0
2026-06-02 14:30:00,F01,TRAP-A,31.29,64.07,8.91,0.0
2026-06-02 14:40:00,F01,TRAP-A,31.83,63.98,6.19,0.0
2026-06-02 14:50:00,F01,TRAP-A,32.4,65.93,6.42,0.0
2026-06-02 15:00:00,F01,TRAP-A,31.43,62.16,6.16,0.0
2026-06-02 15:10:00,F01,TRAP-A,30.89,66.15,9.8,0.0
2026-06-02 15:20:00,F01,TRAP-A,30.41,63.05,5.46,4.63
2026-06-02 15:30:00,F01,TRAP-A,29.97,60.55,7.6,0.0
2026-06-02 15:40:00,F01,TRAP-A,31.58,62.01,4.85,0.0
2026-06-02 15:50:00,F01,TRAP-A,31.42,66.22,6.99,0.0
2026-06-02 16:00:00,F01,TRAP-A,31.32,62.77,4.7,0.0
2026-06-02 16:10:00,F01,TRAP-A,30.65,69.5,5.0,0.0
2026-06-02 16:20:00,F01,TRAP-A,31.77,68.82,4.71,0.0
2026-06-02 16:30:00,F01,TRAP-A,30.14,69.58,5.56,0.0
2026-06-02 16:40:00,F01,TRAP-A,31.17,66.98,5.48,0.0
2026-06-02 16:50:00,F01,TRAP-A,30.24,67.75,9.42,0.0
2026-06-02 17:00:00,F01,TRAP-A,29.64,64.58,4.89,0.0
2026-06-02 17:10:00,F01,TRAP-A,30.46,70.53,4.35,0.0
2026-06-02 17:20:00,F01,TRAP-A,30.17,69.49,6.83,0.0
2026-06-02 17:30:00,F01,TRAP-A,29.97,70.48,7.52,0.0
2026-06-02 17:40:00,F01,TRAP-A,29.59,73.81,5.06,0.0
2026-06-02 17:50:00,F01,TRAP-A,29.33,68.63,6.77,0.0
2026-06-02 18:00:00,F01,TRAP-A,31.1,70.39,8.49,0.0
2026-06-02 18:10:00,F01,TRAP-A,29.96,72.1,5.29,10.77
2026-06-02 18:20:00,F01,TRAP-A,29.42,69.54,6.26,0.0
2026-06-02 18:30:00,F01,TRAP-A,28.75,72.01,4.52,0.0
2026-06-02 18:40:00,F01,TRAP-A,29.28,74.33,4.14,0.0
2026-06-02 18:50:00,F01,TRAP-A,28.7,72.9,16.06,0.0
2026-06-02 19:00:00,F01,TRAP-A,28.12,77.62,5.22,0.0
2026-06-02 19:10:00,F01,TRAP-A,27.66,71.21,5.19,0.0
2026-06-02 19:20:00,F01,TRAP-A,27.65,78.44,15.13,0.0
2026-06-02 19:30:00,F01,TRAP-A,24.98,77.93,8.24,0.0
2026-06-02 19:40:00,F01,TRAP-A,27.49,75.51,7.04,0.0
2026-06-02 19:50:00,F01,TRAP-A,26.73,75.27,8.09,0.0
2026-06-02 20:00:00,F01,TRAP-A,28.2,73.04,8.28,0.0
2026-06-02 20:10:00,F01,TRAP-A,26.75,76.9,8.98,0.0
2026-06-02 20:20:00,F01,TRAP-A,25.59,82.16,4.97,0.0
2026-06-02 20:30:00,F01,TRAP-A,26.3,80.05,6.46,0.0
2026-06-02 20:40:00,F01,TRAP-A,25.31,83.75,6.03,0.0
2026-06-02 20:50:00,F01,TRAP-A,26.33,79.93,5.31,0.0
2026-06-02 21:00:00,F01,TRAP-A,26.0,83.88,6.81,0.0
2026-06-02 21:10:00,F01,TRAP-A,26.34,80.94,8.22,0.0
2026-06-02 21:20:00,F01,TRAP-A,24.76,80.94,6.07,0.0
2026-06-02 21:30:00,F01,TRAP-A,25.24,83.69,6.71,0.0
2026-06-02 21:40:00,F01,TRAP-A,23.94,82.89,8.82,0.0
2026-06-02 21:50:00,F01,TRAP-A,25.42,81.28,8.5,0.0
2026-06-02 22:00:00,F01,TRAP-A,25.1,85.25,12.15,0.0
2026-06-02 22:10:00,F01,TRAP-A,24.92,86.53,10.91,0.0
2026-06-02 22:20:00,F01,TRAP-A,24.36,89.97,16.48,0.0
2026-06-02 22:30:00,F01,TRAP-A,24.54,89.66,9.26,0.0
2026-06-02 22:40:00,F01,TRAP-A,25.34,90.87,10.29,0.0
2026-06-02 22:50:00,F01,TRAP-A,23.68,90.11,12.77,0.0
2026-06-02 23:00:00,F01,TRAP-A,23.88,89.61,12.52,0.0
2026-06-02 23:10:00,F01,TRAP-A,22.77,86.15,11.0,0.0
2026-06-02 23:20:00,F01,TRAP-A,22.81,90.02,9.45,0.0
2026-06-02 23:30:00,F01,TRAP-A,23.46,91.54,8.5,0.0
2026-06-02 23:40:00,F01,TRAP-A,24.16,94.07,14.01,0.0
2026-06-02 23:50:00,F01,TRAP-A,22.96,92.49,12.39,0.0
2026-06-03 00:00:00,F01,TRAP-A,22.88,94.21,13.52,0.0
2026-06-03 00:10:00,F01,TRAP-A,22.65,88.83,8.69,0.0
2026-06-03 00:20:00,F01,TRAP-A,22.46,90.88,9.55,0.0
2026-06-03 00:30:00,F01,TRAP-A,23.05,93.02,10.25,0.0
2026-06-03 00:40:00,F01,TRAP-A,21.55,95.08,14.22,0.0
2026-06-03 00:50:00,F01,TRAP-A,23.71,92.01,15.63,0.0
2026-06-03 01:00:00,F01,TRAP-A,22.1,92.34,10.1,0.64
2026-06-03 01:10:00,F01,TRAP-A,23.17,94.41,12.74,0.0
2026-06-03 01:20:00,F01,TRAP-A,21.54,90.0,9.67,0.0
2026-06-03 01:30:00,F01,TRAP-A,23.06,96.92,11.17,3.29
2026-06-03 01:40:00,F01,TRAP-A,23.05,90.76,11.75,0.0
2026-06-03 01:50:00,F01,TRAP-A,22.81,88.2,14.26,0.0
2026-06-03 02:00:00,F01,TRAP-A,21.71,93.02,16.73,0.0
2026-06-03 02:10:00,F01,TRAP-A,22.71,97.22,11.44,0.0
2026-06-03 02:20:00,F01,TRAP-A,21.58,94.39,12.6,0.0
2026-06-03 02:30:00,F01,TRAP-A,22.35,94.72,13.61,0.0
2026-06-03 02:40:00,F01,TRAP-A,23.41,92.83,11.82,0.0
2026-06-03 02:50:00,F01,TRAP-A,23.26,92.21,23.46,0.0
2026-06-03 03:00:00,F01,TRAP-A,22.68,88.56,17.13,0.0
2026-06-03 03:10:00,F01,TRAP-A,21.95,86.58,12.05,0.0
2026-06-03 03:20:00,F01,TRAP-A,23.31,92.5,13.23,0.0
2026-06-03 03:30:00,F01,TRAP-A,22.89,95.05,12.0,0.0
2026-06-03 03:40:00,F01,TRAP-A,21.1,92.35,13.48,0.0
2026-06-03 03:50:00,F01,TRAP-A,23.67,92.75,14.86,0.0
2026-06-03 04:00:00,F01,TRAP-A,23.12,94.83,11.76,5.82
2026-06-03 04:10:00,F01,TRAP-A,24.21,91.34,17.7,0.0
2026-06-03 04:20:00,F01,TRAP-A,22.48,89.84,14.35,0.0
2026-06-03 04:30:00,F01,TRAP-A,20.93,87.71,25.42,0.0
2026-06-03 04:40:00,F01,TRAP-A,23.82,94.39,11.86,0.0
2026-06-03 04:50:00,F01,TRAP-A,23.96,90.21,17.18,0.0
2026-06-03 05:00:00,F01,TRAP-A,22.52,86.08,16.59,0.0
2026-06-03 05:10:00,F01,TRAP-A,23.23,85.03,12.35,0.0
2026-06-03 05:20:00,F01,TRAP-A,26.37,90.59,13.18,0.0
2026-06-03 05:30:00,F01,TRAP-A,24.07,84.34,18.46,0.0
2026-06-03 05:40:00,F01,TRAP-A,25.06,91.04,14.18,0.0
2026-06-03 05:50:00,F01,TRAP-A,24.12,78.96,13.54,0.0
2026-06-03 06:00:00,F01,TRAP-A,23.14,88.85,19.08,0.0
2026-06-03 06:10:00,F01,TRAP-A,24.85,85.93,12.29,0.0
2026-06-03 06:20:00,F01,TRAP-A,24.95,84.42,13.9,0.0
2026-06-03 06:30:00,F01,TRAP-A,25.03,83.08,15.13,0.0
2026-06-03 06:40:00,F01,TRAP-A,25.44,87.63,14.74,0.0
2026-06-03 06:50:00,F01,TRAP-A,25.93,84.05,12.81,0.0
2026-06-03 07:00:00,F01,TRAP-A,25.79,79.39,14.33,0.0
2026-06-03 07:10:00,F01,TRAP-A,25.09,76.71,15.49,0.0
2026-06-03 07:20:00,F01,TRAP-A,26.68,80.81,14.37,0.0
2026-06-03 07:30:00,F01,TRAP-A,24.93,79.71,15.13,0.0
2026-06-03 07:40:00,F01,TRAP-A,25.04,75.27,12.48,0.0
2026-06-03 07:50:00,F01,TRAP-A,27.47,78.27,16.88,0.0
2026-06-03 08:00:00,F01,TRAP-A,27.48,76.32,13.22,0.0
2026-06-03 08:10:00,F01,TRAP-A,27.22,77.13,24.42,0.0
2026-06-03 08:20:00,F01,TRAP-A,26.35,78.27,11.31,0.0
2026-06-03 08:30:00,F01,TRAP-A,27.09,79.53,12.57,0.0
2026-06-03 08:40:00,F01,TRAP-A,27.64,77.43,11.62,0.0
2026-06-03 08:50:00,F01,TRAP-A,26.77,72.71,13.34,0.0
2026-06-03 09:00:00,F01,TRAP-A,27.64,74.81,11.62,0.0
2026-06-03 09:10:00,F01,TRAP-A,28.94,73.42,14.67,0.0
2026-06-03 09:20:00,F01,TRAP-A,29.75,69.31,16.93,0.0
2026-06-03 09:30:00,F01,TRAP-A,28.45,73.03,11.09,0.0
2026-06-03 09:40:00,F01,TRAP-A,29.57,76.08,10.77,0.0
2026-06-03 09:50:00,F01,TRAP-A,27.61,70.94,16.34,0.0
2026-06-03 10:00:00,F01,TRAP-A,29.84,66.31,11.29,0.0
2026-06-03 10:10:00,F01,TRAP-A,28.84,69.81,11.5,0.0
2026-06-03 10:20:00,F01,TRAP-A,29.89,66.16,10.38,0.0
2026-06-03 10:30:00,F01,TRAP-A,29.6,70.84,11.13,0.0
2026-06-03 10:40:00,F01,TRAP-A,31.0,69.49,10.1,0.0
2026-06-03 10:50:00,F01,TRAP-A,29.39,67.26,12.43,0.0
2026-06-03 11:00:00,F01,TRAP-A,30.74,66.39,11.05,0.0
2026-06-03 11:10:00,F01,TRAP-A,30.14,66.25,13.46,0.0
2026-06-03 11:20:00,F01,TRAP-A,30.37,66.38,9.76,0.0
2026-06-03 11:30:00,F01,TRAP-A,30.47,64.02,10.57,0.0
2026-06-03 11:40:00,F01,TRAP-A,30.05,62.11,9.19,0.0
2026-06-03 11:50:00,F01,TRAP-A,30.82,68.07,16.29,0.0
2026-06-03 12:00:00,F01,TRAP-A,30.88,63.93,10.15,0.0
2026-06-03 12:10:00,F01,TRAP-A,31.22,65.0,8.33,0.0
2026-06-03 12:20:00,F01,TRAP-A,31.18,65.02,8.54,0.0
2026-06-03 12:30:00,F01,TRAP-A,31.82,64.86,7.67,0.0
2026-06-03 12:40:00,F01,TRAP-A,31.99,60.89,7.33,0.0
2026-06-03 12:50:00,F01,TRAP-A,30.47,59.43,9.31,0.0
2026-06-03 13:00:00,F01,TRAP-A,32.06,61.98,8.14,0.0
2026-06-03 13:10:00,F01,TRAP-A,30.46,64.29,16.69,0.0
2026-06-03 13:20:00,F01,TRAP-A,31.91,61.37,7.13,0.0
2026-06-03 13:30:00,F01,TRAP-A,31.97,62.21,11.15,0.0
2026-06-03 13:40:00,F01,TRAP-A,29.96,68.36,7.39,0.0
2026-06-03 13:50:00,F01,TRAP-A,31.57,58.39,6.85,0.0
2026-06-03 14:00:00,F01,TRAP-A,31.12,61.11,16.43,3.7
2026-06-03 14:10:00,F01,TRAP-A,30.88,67.77,10.66,0.0
2026-06-03 14:20:00,F01,TRAP-A,32.56,62.97,8.64,0.0
2026-06-03 14:30:00,F01,TRAP-A,30.93,61.4,9.1,0.0
2026-06-03 14:40:00,F01,TRAP-A,30.77,66.19,19.64,0.0
2026-06-03 14:50:00,F01,TRAP-A,31.44,63.55,7.95,0.0
2026-06-03 15:00:00,F01,TRAP-A,31.88,62.71,5.45,0.0
2026-06-03 15:10:00,F01,TRAP-A,31.16,64.25,5.21,0.0
2026-06-03 15:20:00,F01,TRAP-A,32.14,62.34,8.19,0.0
2026-06-03 15:30:00,F01,TRAP-A,31.55,61.69,8.0,0.0
2026-06-03 15:40:00,F01,TRAP-A,29.3,64.23,8.82,0.0
2026-06-03 15:50:00,F01,TRAP-A,30.53,62.28,4.94,0.0
2026-06-03 16:00:00,F01,TRAP-A,30.41,65.16,13.2,0.0
2026-06-03 16:10:00,F01,TRAP-A,31.14,66.37,6.83,0.0
2026-06-03 16:20:00,F01,TRAP-A,28.54,67.99,7.49,0.0
2026-06-03 16:30:00,F01,TRAP-A,32.56,69.07,4.39,0.0
2026-06-03 16:40:00,F01,TRAP-A,30.82,65.65,13.95,0.0
2026-06-03 16:50:00,F01,TRAP-A,30.39,68.36,6.65,0.0
2026-06-03 17:00:00,F01,TRAP-A,31.07,68.8,6.61,3.43
2026-06-03 17:10:00,F01,TRAP-A,31.86,68.87,12.7,0.0
2026-06-03 17:20:00,F01,TRAP-A,30.53,67.35,12.0,0.0
2026-06-03 17:30:00,F01,TRAP-A,30.44,66.49,4.77,0.0
2026-06-03 17:40:00,F01,TRAP-A,29.63,70.85,12.04,0.0
2026-06-03 17:50:00,F01,TRAP-A,29.24,65.88,8.0,0.0
2026-06-03 18:00:00,F01,TRAP-A,28.81,70.04,4.06,0.0
2026-06-03 18:10:00,F01,TRAP-A,28.35,64.91,4.83,0.0
2026-06-03 18:20:00,F01,TRAP-A,28.29,68.54,5.62,0.0
2026-06-03 18:30:00,F01,TRAP-A,27.57,70.29,6.67,0.0
2026-06-03 18:40:00,F01,TRAP-A,28.41,75.84,7.7,0.0
2026-06-03 18:50:00,F01,TRAP-A,26.93,75.44,4.82,0.0
2026-06-03 19:00:00,F01,TRAP-A,28.25,72.97,9.59,0.0
2026-06-03 19:10:00,F01,TRAP-A,27.87,76.82,9.81,0.0
2026-06-03 19:20:00,F01,TRAP-A,27.83,77.86,7.29,0.0
2026-06-03 19:30:00,F01,TRAP-A,27.1,75.88,11.95,0.0
2026-06-03 19:40:00,F01,TRAP-A,29.78,73.48,9.43,0.0
2026-06-03 19:50:00,F01,TRAP-A,28.21,77.07,5.23,0.0
2026-06-03 20:00:00,F01,TRAP-A,25.93,78.0,9.38,0.0
2026-06-03 20:10:00,F01,TRAP-A,26.92,75.82,13.85,0.0
2026-06-03 20:20:00,F01,TRAP-A,26.05,80.47,5.21,0.0
2026-06-03 20:30:00,F01,TRAP-A,25.53,80.9,16.41,0.0
2026-06-03 20:40:00,F01,TRAP-A,25.07,81.96,5.05,0.0
2026-06-03 20:50:00,F01,TRAP-A,26.3,82.18,7.31,0.0
2026-06-03 21:00:00,F01,TRAP-A,25.22,83.94,9.68,0.0
2026-06-03 21:10:00,F01,TRAP-A,26.35,82.3,10.03,0.0
2026-06-03 21:20:00,F01,TRAP-A,26.19,83.87,9.46,0.0
2026-06-03 21:30:00,F01,TRAP-A,26.31,82.97,7.88,0.0
2026-06-03 21:40:00,F01,TRAP-A,24.35,83.1,8.92,0.0
2026-06-03 21:50:00,F01,TRAP-A,25.24,88.49,9.52,0.0
2026-06-03 22:00:00,F01,TRAP-A,25.19,80.6,8.1,0.0
2026-06-03 22:10:00,F01,TRAP-A,24.14,88.46,8.93,0.0
2026-06-03 22:20:00,F01,TRAP-A,23.74,85.25,11.99,0.0
2026-06-03 22:30:00,F01,TRAP-A,25.49,85.45,7.66,0.0
2026-06-03 22:40:00,F01,TRAP-A,24.23,88.48,8.92,0.0
2026-06-03 22:50:00,F01,TRAP-A,24.41,84.59,6.89,0.0
2026-06-03 23:00:00,F01,TRAP-A,23.11,86.74,10.52,0.0
2026-06-03 23:10:00,F01,TRAP-A,22.66,87.1,7.85,0.0
2026-06-03 23:20:00,F01,TRAP-A,23.05,89.09,9.34,0.0
2026-06-03 23:30:00,F01,TRAP-A,23.29,88.04,8.25,0.0
2026-06-03 23:40:00,F01,TRAP-A,22.42,94.43,7.79,0.0
2026-06-03 23:50:00,F01,TRAP-A,23.16,95.27,9.87,0.0
2026-06-04 00:00:00,F01,TRAP-A,21.72,86.06,9.73,0.0
2026-06-04 00:10:00,F01,TRAP-A,22.08,92.78,9.9,0.0
2026-06-04 00:20:00,F01,TRAP-A,23.43,93.84,9.12,0.0
2026-06-04 00:30:00,F01,TRAP-A,23.3,93.31,17.41,0.0
2026-06-04 00:40:00,F01,TRAP-A,22.43,90.53,8.77,0.0
2026-06-04 00:50:00,F01,TRAP-A,21.87,91.77,15.59,0.0
2026-06-04 01:00:00,F01,TRAP-A,21.81,90.68,13.1,2.01
2026-06-04 01:10:00,F01,TRAP-A,22.29,91.65,9.83,0.0
2026-06-04 01:20:00,F01,TRAP-A,23.07,89.79,11.35,0.0
2026-06-04 01:30:00,F01,TRAP-A,23.27,92.62,23.08,0.0
2026-06-04 01:40:00,F01,TRAP-A,22.11,89.21,12.85,0.0
2026-06-04 01:50:00,F01,TRAP-A,21.58,92.49,10.31,0.0
2026-06-04 02:00:00,F01,TRAP-A,22.71,89.88,11.89,0.0
2026-06-04 02:10:00,F01,TRAP-A,21.85,93.49,12.1,0.0
2026-06-04 02:20:00,F01,TRAP-A,22.11,91.22,15.21,0.0
2026-06-04 02:30:00,F01,TRAP-A,23.61,93.56,17.92,0.0
2026-06-04 02:40:00,F01,TRAP-A,23.24,95.43,10.88,0.0
2026-06-04 02:50:00,F01,TRAP-A,22.75,96.56,11.88,0.0
2026-06-04 03:00:00,F01,TRAP-A,21.66,86.1,11.94,0.0
2026-06-04 03:10:00,F01,TRAP-A,22.9,90.14,27.59,0.0
2026-06-04 03:20:00,F01,TRAP-A,23.65,91.25,13.56,0.0
2026-06-04 03:30:00,F01,TRAP-A,22.57,92.91,17.57,0.0
2026-06-04 03:40:00,F01,TRAP-A,24.03,87.36,12.98,0.0
2026-06-04 03:50:00,F01,TRAP-A,24.08,88.73,15.26,0.0
2026-06-04 04:00:00,F01,TRAP-A,24.47,91.19,12.51,0.0
2026-06-04 04:10:00,F01,TRAP-A,23.49,90.73,18.86,0.0
2026-06-04 04:20:00,F01,TRAP-A,23.83,91.09,13.47,0.0
2026-06-04 04:30:00,F01,TRAP-A,24.61,90.86,16.61,0.0
2026-06-04 04:40:00,F01,TRAP-A,23.96,90.18,12.67,0.0
2026-06-04 04:50:00,F01,TRAP-A,23.33,89.37,15.38,0.0
2026-06-04 05:00:00,F01,TRAP-A,23.51,88.57,13.44,0.0
2026-06-04 05:10:00,F01,TRAP-A,24.21,89.61,12.01,0.0
2026-06-04 05:20:00,F01,TRAP-A,23.13,81.85,13.55,0.0
2026-06-04 05:30:00,F01,TRAP-A,24.21,90.79,14.37,0.0
2026-06-04 05:40:00,F01,TRAP-A,25.36,80.89,12.48,0.0
2026-06-04 05:50:00,F01,TRAP-A,22.89,83.15,12.61,0.0
2026-06-04 06:00:00,F01,TRAP-A,26.04,84.72,13.88,0.0
2026-06-04 06:10:00,F01,TRAP-A,25.89,86.39,13.25,0.0
2026-06-04 06:20:00,F01,TRAP-A,24.8,76.62,13.72,0.0
2026-06-04 06:30:00,F01,TRAP-A,25.78,83.44,13.81,0.0
2026-06-04 06:40:00,F01,TRAP-A,25.53,84.88,12.38,0.0
2026-06-04 06:50:00,F01,TRAP-A,26.7,84.76,12.49,0.0
2026-06-04 07:00:00,F01,TRAP-A,26.69,79.9,17.5,1.18
2026-06-04 07:10:00,F01,TRAP-A,24.98,80.25,12.33,0.0
2026-06-04 07:20:00,F01,TRAP-A,26.76,78.82,15.02,0.0
2026-06-04 07:30:00,F01,TRAP-A,26.32,78.73,13.3,0.0
2026-06-04 07:40:00,F01,TRAP-A,26.75,76.48,21.94,0.0
2026-06-04 07:50:00,F01,TRAP-A,26.3,76.18,11.72,0.0
2026-06-04 08:00:00,F01,TRAP-A,28.47,78.84,16.75,0.0
2026-06-04 08:10:00,F01,TRAP-A,28.1,77.43,13.37,0.0
2026-06-04 08:20:00,F01,TRAP-A,26.87,77.67,11.25,0.0
2026-06-04 08:30:00,F01,TRAP-A,26.59,76.33,12.05,0.0
2026-06-04 08:40:00,F01,TRAP-A,27.55,76.91,12.59,0.0
2026-06-04 08:50:00,F01,TRAP-A,28.39,76.71,12.04,0.0
2026-06-04 09:00:00,F01,TRAP-A,28.43,69.52,12.13,0.0
2026-06-04 09:10:00,F01,TRAP-A,29.43,71.12,18.11,4.09
2026-06-04 09:20:00,F01,TRAP-A,29.24,72.06,11.86,0.0
2026-06-04 09:30:00,F01,TRAP-A,29.57,71.97,12.01,0.0
2026-06-04 09:40:00,F01,TRAP-A,29.23,69.76,14.53,0.0
2026-06-04 09:50:00,F01,TRAP-A,28.03,73.13,14.83,0.0
2026-06-04 10:00:00,F01,TRAP-A,29.16,75.23,10.21,0.0
2026-06-04 10:10:00,F01,TRAP-A,30.33,70.2,13.44,0.0
2026-06-04 10:20:00,F01,TRAP-A,29.6,69.4,11.61,0.0
2026-06-04 10:30:00,F01,TRAP-A,30.2,70.79,9.9,0.0
2026-06-04 10:40:00,F01,TRAP-A,29.69,63.5,10.23,0.0
2026-06-04 10:50:00,F01,TRAP-A,29.27,67.75,9.28,0.41
2026-06-04 11:00:00,F01,TRAP-A,30.14,69.67,10.31,0.0
2026-06-04 11:10:00,F01,TRAP-A,30.62,65.17,9.69,0.0
2026-06-04 11:20:00,F01,TRAP-A,29.97,63.28,10.07,0.0
2026-06-04 11:30:00,F01,TRAP-A,30.43,65.48,11.06,0.0
2026-06-04 11:40:00,F01,TRAP-A,29.98,65.42,12.24,0.0
2026-06-04 11:50:00,F01,TRAP-A,31.73,62.94,10.9,0.0
2026-06-04 12:00:00,F01,TRAP-A,30.7,70.13,11.34,0.0
2026-06-04 12:10:00,F01,TRAP-A,32.19,63.38,13.78,0.0
2026-06-04 12:20:00,F01,TRAP-A,32.33,61.42,13.79,0.0
2026-06-04 12:30:00,F01,TRAP-A,31.12,63.81,13.33,0.0
2026-06-04 12:40:00,F01,TRAP-A,30.45,66.09,7.74,0.0
2026-06-04 12:50:00,F01,TRAP-A,29.65,63.66,7.94,0.0
2026-06-04 13:00:00,F01,TRAP-A,30.19,64.66,8.99,0.0
2026-06-04 13:10:00,F01,TRAP-A,30.31,61.12,8.07,0.0
2026-06-04 13:20:00,F01,TRAP-A,32.55,66.91,6.99,0.0
2026-06-04 13:30:00,F01,TRAP-A,31.56,64.5,7.43,0.0
2026-06-04 13:40:00,F01,TRAP-A,31.8,65.66,17.37,0.0
2026-06-04 13:50:00,F01,TRAP-A,29.72,63.92,7.37,0.0
2026-06-04 14:00:00,F01,TRAP-A,30.54,65.06,7.57,0.0
2026-06-04 14:10:00,F01,TRAP-A,32.2,60.84,5.81,0.0
2026-06-04 14:20:00,F01,TRAP-A,31.71,61.85,9.46,0.0
2026-06-04 14:30:00,F01,TRAP-A,31.33,66.53,7.11,0.0
2026-06-04 14:40:00,F01,TRAP-A,31.87,67.17,5.7,0.0
2026-06-04 14:50:00,F01,TRAP-A,32.69,60.54,15.63,0.0
2026-06-04 15:00:00,F01,TRAP-A,31.15,64.2,9.63,1.13
2026-06-04 15:10:00,F01,TRAP-A,31.32,62.69,8.89,0.0
2026-06-04 15:20:00,F01,TRAP-A,31.36,62.25,14.39,0.0
2026-06-04 15:30:00,F01,TRAP-A,33.04,64.95,6.36,0.0
2026-06-04 15:40:00,F01,TRAP-A,29.37,67.37,8.49,0.0
2026-06-04 15:50:00,F01,TRAP-A,31.5,65.94,5.28,0.0
2026-06-04 16:00:00,F01,TRAP-A,30.77,64.34,8.09,0.0
2026-06-04 16:10:00,F01,TRAP-A,31.21,66.77,4.46,0.0
2026-06-04 16:20:00,F01,TRAP-A,30.12,64.96,4.75,4.52
2026-06-04 16:30:00,F01,TRAP-A,30.48,67.29,5.94,0.0
2026-06-04 16:40:00,F01,TRAP-A,30.97,70.16,4.26,0.0
2026-06-04 16:50:00,F01,TRAP-A,32.76,61.92,6.02,0.0
2026-06-04 17:00:00,F01,TRAP-A,30.77,69.57,6.34,0.0
2026-06-04 17:10:00,F01,TRAP-A,29.31,64.21,7.0,0.0
2026-06-04 17:20:00,F01,TRAP-A,29.5,71.62,4.37,0.0
2026-06-04 17:30:00,F01,TRAP-A,29.32,67.48,4.63,0.0
2026-06-04 17:40:00,F01,TRAP-A,28.08,66.56,6.86,0.0
2026-06-04 17:50:00,F01,TRAP-A,29.09,71.89,7.22,0.0
2026-06-04 18:00:00,F01,TRAP-A,29.77,71.63,4.08,0.0
2026-06-04 18:10:00,F01,TRAP-A,27.99,68.8,6.34,0.0
2026-06-04 18:20:00,F01,TRAP-A,29.67,68.76,8.63,0.0
2026-06-04 18:30:00,F01,TRAP-A,29.04,72.03,4.26,0.0
2026-06-04 18:40:00,F01,TRAP-A,27.88,70.1,5.67,0.0
2026-06-04 18:50:00,F01,TRAP-A,28.17,71.08,5.3,0.0
2026-06-04 19:00:00,F01,TRAP-A,29.37,74.65,11.5,0.0
2026-06-04 19:10:00,F01,TRAP-A,28.49,72.59,4.82,0.0
2026-06-04 19:20:00,F01,TRAP-A,27.71,76.71,5.41,0.0
2026-06-04 19:30:00,F01,TRAP-A,27.32,80.02,11.19,0.0
2026-06-04 19:40:00,F01,TRAP-A,27.38,76.57,5.61,0.0
2026-06-04 19:50:00,F01,TRAP-A,26.71,77.92,6.76,0.97
2026-06-04 20:00:00,F01,TRAP-A,25.24,83.3,4.67,0.0
2026-06-04 20:10:00,F01,TRAP-A,28.36,75.94,17.24,0.0
2026-06-04 20:20:00,F01,TRAP-A,26.66,82.54,9.99,0.0
2026-06-04 20:30:00,F01,TRAP-A,26.66,82.89,7.89,0.0
2026-06-04 20:40:00,F01,TRAP-A,26.1,82.99,5.17,0.0
2026-06-04 20:50:00,F01,TRAP-A,25.36,84.72,5.33,0.0
2026-06-04 21:00:00,F01,TRAP-A,25.61,82.83,7.58,0.0
2026-06-04 21:10:00,F01,TRAP-A,24.29,81.29,6.35,0.0
2026-06-04 21:20:00,F01,TRAP-A,27.21,86.1,8.41,0.0
2026-06-04 21:30:00,F01,TRAP-A,24.22,86.81,8.35,0.0
2026-06-04 21:40:00,F01,TRAP-A,24.2,87.33,11.23,0.0
2026-06-04 21:50:00,F01,TRAP-A,24.5,85.26,6.9,0.0
2026-06-04 22:00:00,F01,TRAP-A,25.71,83.93,8.65,0.0
2026-06-04 22:10:00,F01,TRAP-A,24.53,86.75,10.72,0.0
2026-06-04 22:20:00,F01,TRAP-A,23.37,89.17,8.4,0.0
2026-06-04 22:30:00,F01,TRAP-A,25.2,89.89,11.86,0.0
2026-06-04 22:40:00,F01,TRAP-A,24.63,86.76,7.12,0.0
2026-06-04 22:50:00,F01,TRAP-A,24.33,89.11,10.83,0.0
2026-06-04 23:00:00,F01,TRAP-A,24.34,85.51,15.62,0.0
2026-06-04 23:10:00,F01,TRAP-A,25.55,91.69,8.41,0.0
2026-06-04 23:20:00,F01,TRAP-A,25.25,87.69,8.74,0.0
2026-06-04 23:30:00,F01,TRAP-A,22.83,92.02,7.81,0.0
2026-06-04 23:40:00,F01,TRAP-A,24.57,87.56,10.8,0.0
2026-06-04 23:50:00,F01,TRAP-A,23.47,93.36,10.31,0.0
2026-06-05 00:00:00,F01,TRAP-A,23.46,91.92,8.19,0.0
2026-06-05 00:10:00,F01,TRAP-A,21.62,89.47,12.43,0.0
2026-06-05 00:20:00,F01,TRAP-A,22.75,93.43,13.72,0.0
2026-06-05 00:30:00,F01,TRAP-A,22.16,90.48,15.72,0.0
2026-06-05 00:40:00,F01,TRAP-A,23.41,94.05,11.13,0.0
2026-06-05 00:50:00,F01,TRAP-A,23.54,91.7,10.74,0.0
2026-06-05 01:00:00,F01,TRAP-A,20.97,88.25,15.37,0.0
2026-06-05 01:10:00,F01,TRAP-A,22.57,90.24,10.79,0.0
2026-06-05 01:20:00,F01,TRAP-A,23.45,91.74,12.63,0.0
2026-06-05 01:30:00,F01,TRAP-A,22.38,96.32,12.46,0.0
2026-06-05 01:40:00,F01,TRAP-A,23.09,95.22,11.15,0.0
2026-06-05 01:50:00,F01,TRAP-A,22.78,97.05,10.18,0.0
2026-06-05 02:00:00,F01,TRAP-A,22.77,97.13,10.12,0.0
2026-06-05 02:10:00,F01,TRAP-A,22.29,91.64,11.88,0.0
2026-06-05 02:20:00,F01,TRAP-A,21.55,92.45,12.32,0.0
2026-06-05 02:30:00,F01,TRAP-A,21.65,91.81,15.68,0.0
2026-06-05 02:40:00,F01,TRAP-A,23.15,91.05,12.23,0.0
2026-06-05 02:50:00,F01,TRAP-A,22.64,87.98,11.74,0.0
2026-06-05 03:00:00,F01,TRAP-A,22.56,92.38,12.74,0.0
2026-06-05 03:10:00,F01,TRAP-A,22.39,89.01,11.81,0.0
2026-06-05 03:20:00,F01,TRAP-A,22.55,91.92,11.39,0.0
2026-06-05 03:30:00,F01,TRAP-A,23.71,97.05,11.57,0.0
2026-06-05 03:40:00,F01,TRAP-A,22.69,90.21,12.47,0.0
2026-06-05 03:50:00,F01,TRAP-A,21.97,91.67,11.45,0.0
2026-06-05 04:00:00,F01,TRAP-A,23.74,93.13,12.24,0.0
2026-06-05 04:10:00,F01,TRAP-A,23.08,91.21,16.23,0.0
2026-06-05 04:20:00,F01,TRAP-A,23.38,90.87,12.46,0.0
2026-06-05 04:30:00,F01,TRAP-A,24.76,88.84,12.07,0.0
2026-06-05 04:40:00,F01,TRAP-A,23.59,88.74,20.71,0.0
2026-06-05 04:50:00,F01,TRAP-A,23.97,86.48,14.76,0.0
2026-06-05 05:00:00,F01,TRAP-A,22.93,90.54,12.07,0.0
2026-06-05 05:10:00,F01,TRAP-A,23.84,83.59,12.11,0.0
2026-06-05 05:20:00,F01,TRAP-A,24.65,89.87,14.79,0.0
2026-06-05 05:30:00,F01,TRAP-A,23.08,83.42,14.3,0.0
2026-06-05 05:40:00,F01,TRAP-A,24.64,88.8,12.2,0.0
2026-06-05 05:50:00,F01,TRAP-A,24.73,84.96,12.76,0.0
2026-06-05 06:00:00,F01,TRAP-A,24.85,82.2,19.94,0.0
2026-06-05 06:10:00,F01,TRAP-A,25.82,86.15,14.54,0.0
2026-06-05 06:20:00,F01,TRAP-A,25.44,86.43,13.72,0.0
2026-06-05 06:30:00,F01,TRAP-A,26.53,82.41,12.82,0.0
2026-06-05 06:40:00,F01,TRAP-A,24.74,84.69,12.36,0.0
2026-06-05 06:50:00,F01,TRAP-A,25.83,76.55,13.44,0.0
2026-06-05 07:00:00,F01,TRAP-A,25.98,78.33,19.51,0.0
2026-06-05 07:10:00,F01,TRAP-A,25.25,84.23,11.94,0.0
2026-06-05 07:20:00,F01,TRAP-A,27.06,79.79,25.86,0.0
2026-06-05 07:30:00,F01,TRAP-A,28.35,75.05,12.37,0.0
2026-06-05 07:40:00,F01,TRAP-A,26.67,77.3,13.17,0.0
2026-06-05 07:50:00,F01,TRAP-A,27.28,76.09,11.65,0.0
2026-06-05 08:00:00,F01,TRAP-A,27.14,77.33,14.07,0.0
2026-06-05 08:10:00,F01,TRAP-A,26.7,76.16,13.32,0.0
2026-06-05 08:20:00,F01,TRAP-A,26.01,76.88,14.53,0.0
2026-06-05 08:30:00,F01,TRAP-A,27.1,75.61,13.48,0.0
2026-06-05 08:40:00,F01,TRAP-A,26.74,78.54,12.54,0.0
2026-06-05 08:50:00,F01,TRAP-A,29.41,75.56,14.92,0.0
2026-06-05 09:00:00,F01,TRAP-A,28.15,75.01,10.86,0.0
2026-06-05 09:10:00,F01,TRAP-A,28.15,76.16,12.99,0.0
2026-06-05 09:20:00,F01,TRAP-A,29.32,71.66,10.88,0.0
2026-06-05 09:30:00,F01,TRAP-A,27.9,68.87,12.1,0.0
2026-06-05 09:40:00,F01,TRAP-A,28.36,74.45,14.94,1.71
2026-06-05 09:50:00,F01,TRAP-A,29.2,71.19,10.55,0.0
2026-06-05 10:00:00,F01,TRAP-A,30.14,70.63,18.18,0.0
2026-06-05 10:10:00,F01,TRAP-A,29.88,68.14,16.37,0.0
2026-06-05 10:20:00,F01,TRAP-A,29.84,67.64,11.24,0.0
2026-06-05 10:30:00,F01,TRAP-A,29.86,70.78,9.48,0.0
2026-06-05 10:40:00,F01,TRAP-A,30.27,70.62,13.98,0.0
2026-06-05 10:50:00,F01,TRAP-A,30.26,69.64,15.52,0.0
2026-06-05 11:00:00,F01,TRAP-A,29.41,69.2,9.54,0.0
2026-06-05 11:10:00,F01,TRAP-A,30.41,68.19,16.24,0.0
2026-06-05 11:20:00,F01,TRAP-A,29.64,66.67,15.99,0.0
2026-06-05 11:30:00,F01,TRAP-A,30.68,65.51,10.37,0.0
2026-06-05 11:40:00,F01,TRAP-A,30.35,68.59,13.08,2.03
2026-06-05 11:50:00,F01,TRAP-A,32.87,64.28,9.87,0.0
2026-06-05 12:00:00,F01,TRAP-A,30.9,65.81,10.42,0.0
2026-06-05 12:10:00,F01,TRAP-A,29.9,62.57,8.91,0.0
2026-06-05 12:20:00,F01,TRAP-A,31.0,62.65,8.1,0.0
2026-06-05 12:30:00,F01,TRAP-A,31.6,63.45,11.53,0.0
2026-06-05 12:40:00,F01,TRAP-A,32.59,61.81,7.24,0.0
2026-06-05 12:50:00,F01,TRAP-A,30.84,65.61,9.67,0.0
2026-06-05 13:00:00,F01,TRAP-A,30.1,60.08,12.9,0.0
2026-06-05 13:10:00,F01,TRAP-A,32.06,63.55,7.48,0.0
2026-06-05 13:20:00,F01,TRAP-A,30.34,63.52,7.78,0.0
2026-06-05 13:30:00,F01,TRAP-A,31.12,58.57,9.06,0.0
2026-06-05 13:40:00,F01,TRAP-A,31.28,61.93,7.1,0.0
2026-06-05 13:50:00,F01,TRAP-A,31.44,63.64,11.73,0.0
2026-06-05 14:00:00,F01,TRAP-A,32.05,64.07,7.31,0.0
2026-06-05 14:10:00,F01,TRAP-A,30.94,62.52,8.41,0.0
2026-06-05 14:20:00,F01,TRAP-A,31.26,64.77,6.42,0.0
2026-06-05 14:30:00,F01,TRAP-A,31.44,62.89,5.64,0.0
2026-06-05 14:40:00,F01,TRAP-A,31.54,63.31,5.95,0.0
2026-06-05 14:50:00,F01,TRAP-A,31.45,64.04,5.39,0.0
2026-06-05 15:00:00,F01,TRAP-A,31.67,65.9,7.02,0.0
2026-06-05 15:10:00,F01,TRAP-A,31.94,62.09,7.65,6.11
2026-06-05 15:20:00,F01,TRAP-A,31.52,62.78,5.03,0.0
2026-06-05 15:30:00,F01,TRAP-A,31.49,62.57,5.07,0.0
2026-06-05 15:40:00,F01,TRAP-A,29.78,63.69,6.68,0.0
2026-06-05 15:50:00,F01,TRAP-A,31.0,68.38,9.41,0.0
2026-06-05 16:00:00,F01,TRAP-A,31.24,66.57,7.47,0.0
2026-06-05 16:10:00,F01,TRAP-A,31.34,62.66,4.75,0.0
2026-06-05 16:20:00,F01,TRAP-A,30.09,64.36,10.9,0.0
2026-06-05 16:30:00,F01,TRAP-A,29.99,67.19,11.76,0.0
2026-06-05 16:40:00,F01,TRAP-A,29.94,64.41,5.4,0.0
2026-06-05 16:50:00,F01,TRAP-A,30.69,65.3,7.04,0.0
2026-06-05 17:00:00,F01,TRAP-A,30.95,70.94,6.15,0.0
2026-06-05 17:10:00,F01,TRAP-A,29.66,66.53,12.62,0.0
2026-06-05 17:20:00,F01,TRAP-A,30.56,70.95,6.18,0.0
2026-06-05 17:30:00,F01,TRAP-A,29.78,72.21,13.68,0.0
2026-06-05 17:40:00,F01,TRAP-A,29.42,67.78,4.68,0.0
2026-06-05 17:50:00,F01,TRAP-A,29.18,67.94,5.27,0.0
2026-06-05 18:00:00,F01,TRAP-A,29.78,70.04,8.56,0.0
2026-06-05 18:10:00,F01,TRAP-A,29.27,68.58,8.6,0.0
2026-06-05 18:20:00,F01,TRAP-A,30.65,72.2,7.97,0.0
2026-06-05 18:30:00,F01,TRAP-A,27.97,71.99,9.93,0.0
2026-06-05 18:40:00,F01,TRAP-A,28.88,74.02,7.71,0.0
2026-06-05 18:50:00,F01,TRAP-A,27.86,77.23,7.14,0.0
2026-06-05 19:00:00,F01,TRAP-A,27.39,76.41,6.0,0.0
2026-06-05 19:10:00,F01,TRAP-A,27.89,76.23,6.09,0.0
2026-06-05 19:20:00,F01,TRAP-A,27.81,70.74,5.83,0.0
2026-06-05 19:30:00,F01,TRAP-A,29.84,77.41,7.24,0.0
2026-06-05 19:40:00,F01,TRAP-A,27.17,81.26,5.97,0.0
2026-06-05 19:50:00,F01,TRAP-A,26.21,70.08,4.96,0.0
2026-06-05 20:00:00,F01,TRAP-A,27.14,79.98,4.91,0.0
2026-06-05 20:10:00,F01,TRAP-A,25.07,78.52,12.41,0.0
2026-06-05 20:20:00,F01,TRAP-A,26.46,77.44,4.84,0.0
2026-06-05 20:30:00,F01,TRAP-A,26.35,82.22,5.2,0.0
2026-06-05 20:40:00,F01,TRAP-A,26.78,85.14,6.75,0.0
2026-06-05 20:50:00,F01,TRAP-A,26.73,83.44,6.01,0.0
2026-06-05 21:00:00,F01,TRAP-A,25.36,81.21,6.78,7.09
2026-06-05 21:10:00,F01,TRAP-A,25.45,80.4,5.72,0.0
2026-06-05 21:20:00,F01,TRAP-A,24.77,83.74,5.9,0.0
2026-06-05 21:30:00,F01,TRAP-A,24.3,86.16,10.46,0.0
2026-06-05 21:40:00,F01,TRAP-A,25.28,83.61,10.03,0.0
2026-06-05 21:50:00,F01,TRAP-A,23.83,84.43,6.24,0.0
2026-06-05 22:00:00,F01,TRAP-A,24.35,92.78,9.37,0.0
2026-06-05 22:10:00,F01,TRAP-A,23.72,88.98,9.03,0.0
2026-06-05 22:20:00,F01,TRAP-A,24.79,89.69,10.12,0.0
2026-06-05 22:30:00,F01,TRAP-A,25.64,83.69,8.46,0.0
2026-06-05 22:40:00,F01,TRAP-A,23.01,86.07,7.64,0.0
2026-06-05 22:50:00,F01,TRAP-A,22.42,88.51,10.13,0.0
2026-06-05 23:00:00,F01,TRAP-A,23.66,86.29,8.42,0.0
2026-06-05 23:10:00,F01,TRAP-A,23.64,93.24,7.94,0.0
2026-06-05 23:20:00,F01,TRAP-A,23.68,93.18,8.95,0.0
2026-06-05 23:30:00,F01,TRAP-A,23.03,88.72,11.87,0.0
2026-06-05 23:40:00,F01,TRAP-A,23.11,94.9,9.66,0.0
2026-06-05 23:50:00,F01,TRAP-A,23.46,90.78,8.96,0.0
2026-06-06 00:00:00,F01,TRAP-A,23.9,97.59,13.42,0.0
2026-06-06 00:10:00,F01,TRAP-A,21.41,91.79,14.65,0.0
2026-06-06 00:20:00,F01,TRAP-A,22.59,93.14,10.12,0.0
2026-06-06 00:30:00,F01,TRAP-A,22.98,95.46,10.0,0.0
2026-06-06 00:40:00,F01,TRAP-A,22.01,95.38,11.61,0.0
2026-06-06 00:50:00,F01,TRAP-A,24.07,93.66,9.11,0.0
2026-06-06 01:00:00,F01,TRAP-A,22.13,92.2,12.63,0.0
2026-06-06 01:10:00,F01,TRAP-A,22.56,93.98,13.84,0.0
2026-06-06 01:20:00,F01,TRAP-A,23.0,90.77,10.95,0.0
2026-06-06 01:30:00,F01,TRAP-A,22.06,93.28,10.17,0.0
2026-06-06 01:40:00,F01,TRAP-A,21.03,90.19,9.84,0.0
2026-06-06 01:50:00,F01,TRAP-A,22.16,88.54,12.95,4.05
2026-06-06 02:00:00,F01,TRAP-A,23.32,93.12,11.0,0.0
2026-06-06 02:10:00,F01,TRAP-A,22.24,96.13,12.08,0.0
2026-06-06 02:20:00,F01,TRAP-A,21.85,95.23,11.82,0.0
2026-06-06 02:30:00,F01,TRAP-A,23.29,92.63,11.07,0.0
2026-06-06 02:40:00,F01,TRAP-A,22.32,97.09,12.75,0.0
2026-06-06 02:50:00,F01,TRAP-A,22.22,91.16,12.6,0.0
2026-06-06 03:00:00,F01,TRAP-A,22.79,87.62,13.81,0.0
2026-06-06 03:10:00,F01,TRAP-A,23.35,86.77,11.87,0.0
2026-06-06 03:20:00,F01,TRAP-A,24.7,89.05,11.83,0.0
2026-06-06 03:30:00,F01,TRAP-A,23.54,93.8,16.27,0.0
2026-06-06 03:40:00,F01,TRAP-A,23.88,89.89,14.95,0.0
2026-06-06 03:50:00,F01,TRAP-A,22.64,92.33,15.85,0.0
2026-06-06 04:00:00,F01,TRAP-A,22.32,94.97,11.89,0.0
2026-06-06 04:10:00,F01,TRAP-A,23.3,87.76,12.34,0.0
2026-06-06 04:20:00,F01,TRAP-A,23.45,91.33,14.23,0.0
2026-06-06 04:30:00,F01,TRAP-A,22.62,91.09,17.56,0.0
2026-06-06 04:40:00,F01,TRAP-A,23.46,87.17,18.46,1.48
2026-06-06 04:50:00,F01,TRAP-A,24.06,92.27,17.19,0.0
2026-06-06 05:00:00,F01,TRAP-A,24.16,87.7,12.01,0.0
2026-06-06 05:10:00,F01,TRAP-A,24.42,86.98,17.08,0.0
2026-06-06 05:20:00,F01,TRAP-A,24.4,92.72,18.83,0.0
2026-06-06 05:30:00,F01,TRAP-A,23.92,88.23,12.15,0.0
2026-06-06 05:40:00,F01,TRAP-A,24.07,88.7,13.61,0.0
2026-06-06 05:50:00,F01,TRAP-A,23.69,89.22,14.31,0.0
2026-06-06 06:00:00,F01,TRAP-A,26.25,83.64,12.79,0.0
2026-06-06 06:10:00,F01,TRAP-A,25.0,87.82,14.17,0.0
2026-06-06 06:20:00,F01,TRAP-A,24.99,82.84,18.49,0.0
2026-06-06 06:30:00,F01,TRAP-A,24.61,82.13,18.01,0.0
2026-06-06 06:40:00,F01,TRAP-A,27.88,82.2,20.36,0.0
2026-06-06 06:50:00,F01,TRAP-A,24.86,80.7,13.87,0.0
2026-06-06 07:00:00,F01,TRAP-A,25.57,83.68,13.43,0.0
2026-06-06 07:10:00,F01,TRAP-A,26.44,81.66,15.08,0.0
2026-06-06 07:20:00,F01,TRAP-A,26.78,79.12,13.35,0.0
2026-06-06 07:30:00,F01,TRAP-A,27.26,81.38,11.8,0.0
2026-06-06 07:40:00,F01,TRAP-A,28.13,78.36,15.41,0.0
2026-06-06 07:50:00,F01,TRAP-A,27.29,77.57,12.5,0.0
2026-06-06 08:00:00,F01,TRAP-A,26.23,77.86,11.58,0.0
2026-06-06 08:10:00,F01,TRAP-A,27.07,78.24,11.4,0.3
2026-06-06 08:20:00,F01,TRAP-A,27.72,77.4,19.27,0.0
2026-06-06 08:30:00,F01,TRAP-A,29.32,74.87,12.0,0.0
2026-06-06 08:40:00,F01,TRAP-A,26.74,77.25,12.8,0.0
2026-06-06 08:50:00,F01,TRAP-A,29.01,73.94,19.92,0.0
2026-06-06 09:00:00,F01,TRAP-A,28.39,72.23,12.67,0.0
2026-06-06 09:10:00,F01,TRAP-A,29.1,69.57,10.9,0.0
2026-06-06 09:20:00,F01,TRAP-A,28.53,75.08,12.93,0.0
2026-06-06 09:30:00,F01,TRAP-A,28.12,72.05,10.66,0.0
2026-06-06 09:40:00,F01,TRAP-A,29.57,71.95,10.54,0.0
2026-06-06 09:50:00,F01,TRAP-A,29.67,73.45,15.81,0.0
2026-06-06 10:00:00,F01,TRAP-A,30.1,69.08,10.96,0.0
2026-06-06 10:10:00,F01,TRAP-A,29.47,66.28,13.19,0.0
2026-06-06 10:20:00,F01,TRAP-A,29.17,69.36,11.76,0.0
2026-06-06 10:30:00,F01,TRAP-A,28.56,69.43,10.22,0.0
2026-06-06 10:40:00,F01,TRAP-A,30.61,67.5,11.49,0.0
2026-06-06 10:50:00,F01,TRAP-A,30.44,71.36,9.35,0.0
2026-06-06 11:00:00,F01,TRAP-A,29.47,60.99,10.25,0.0
2026-06-06 11:10:00,F01,TRAP-A,29.94,69.56,11.02,0.0
2026-06-06 11:20:00,F01,TRAP-A,30.12,68.32,9.4,0.0
2026-06-06 11:30:00,F01,TRAP-A,29.43,67.08,11.69,0.0
2026-06-06 11:40:00,F01,TRAP-A,30.08,57.22,8.44,0.0
2026-06-06 11:50:00,F01,TRAP-A,29.93,68.42,10.09,0.0
2026-06-06 12:00:00,F01,TRAP-A,30.61,62.31,11.69,0.0
2026-06-06 12:10:00,F01,TRAP-A,30.44,63.31,9.44,0.0
2026-06-06 12:20:00,F01,TRAP-A,29.81,63.87,13.81,0.0
2026-06-06 12:30:00,F01,TRAP-A,32.81,65.06,10.41,0.0
2026-06-06 12:40:00,F01,TRAP-A,32.26,65.41,16.78,0.0
2026-06-06 12:50:00,F01,TRAP-A,30.69,65.85,8.07,0.0
2026-06-06 13:00:00,F01,TRAP-A,31.58,65.48,15.28,0.0
2026-06-06 13:10:00,F01,TRAP-A,31.74,63.93,9.53,0.0
2026-06-06 13:20:00,F01,TRAP-A,32.4,64.22,10.67,0.0
2026-06-06 13:30:00,F01,TRAP-A,30.82,60.37,13.38,0.0
2026-06-06 13:40:00,F01,TRAP-A,32.36,61.16,8.65,0.0
2026-06-06 13:50:00,F01,TRAP-A,31.06,65.24,12.04,0.0
2026-06-06 14:00:00,F01,TRAP-A,30.43,65.1,8.28,0.0
2026-06-06 14:10:00,F01,TRAP-A,32.07,64.84,8.53,0.0
2026-06-06 14:20:00,F01,TRAP-A,32.51,61.8,7.41,0.0
2026-06-06 14:30:00,F01,TRAP-A,33.52,65.44,5.98,0.0
2026-06-06 14:40:00,F01,TRAP-A,30.46,60.37,7.79,0.0
2026-06-06 14:50:00,F01,TRAP-A,31.93,66.11,16.62,0.0
2026-06-06 15:00:00,F01,TRAP-A,31.0,62.93,9.76,3.5
2026-06-06 15:10:00,F01,TRAP-A,31.89,67.99,9.13,0.0
2026-06-06 15:20:00,F01,TRAP-A,30.02,60.19,7.98,1.51
2026-06-06 15:30:00,F01,TRAP-A,30.12,68.65,6.07,0.0
2026-06-06 15:40:00,F01,TRAP-A,30.42,63.62,5.24,0.0
2026-06-06 15:50:00,F01,TRAP-A,31.02,63.87,5.35,0.0
2026-06-06 16:00:00,F01,TRAP-A,30.34,65.63,4.52,0.0
2026-06-06 16:10:00,F01,TRAP-A,31.28,63.75,7.78,0.0
2026-06-06 16:20:00,F01,TRAP-A,31.46,65.69,9.36,0.0
2026-06-06 16:30:00,F01,TRAP-A,31.0,64.42,5.22,0.0
2026-06-06 16:40:00,F01,TRAP-A,31.69,64.93,4.51,0.0
2026-06-06 16:50:00,F01,TRAP-A,30.6,68.34,5.39,0.0
2026-06-06 17:00:00,F01,TRAP-A,29.15,65.33,5.15,0.0
2026-06-06 17:10:00,F01,TRAP-A,31.07,66.14,5.88,0.0
2026-06-06 17:20:00,F01,TRAP-A,29.35,65.13,4.97,0.0
2026-06-06 17:30:00,F01,TRAP-A,30.4,67.82,5.27,0.0
2026-06-06 17:40:00,F01,TRAP-A,30.77,72.9,11.15,0.0
2026-06-06 17:50:00,F01,TRAP-A,29.72,68.05,5.22,0.0
2026-06-06 18:00:00,F01,TRAP-A,27.98,68.9,8.62,0.0
2026-06-06 18:10:00,F01,TRAP-A,28.27,71.8,6.96,0.0
2026-06-06 18:20:00,F01,TRAP-A,29.89,70.98,5.26,0.0
2026-06-06 18:30:00,F01,TRAP-A,28.51,78.08,9.15,0.0
2026-06-06 18:40:00,F01,TRAP-A,28.53,72.72,6.79,0.0
2026-06-06 18:50:00,F01,TRAP-A,28.88,74.58,4.14,0.0
2026-06-06 19:00:00,F01,TRAP-A,28.64,76.74,4.37,0.0
2026-06-06 19:10:00,F01,TRAP-A,28.12,77.33,8.4,3.78
2026-06-06 19:20:00,F01,TRAP-A,27.54,76.24,6.04,0.0
2026-06-06 19:30:00,F01,TRAP-A,27.26,75.91,5.89,0.0
2026-06-06 19:40:00,F01,TRAP-A,28.0,82.02,4.88,0.0
2026-06-06 19:50:00,F01,TRAP-A,27.56,77.36,5.0,0.0
2026-06-06 20:00:00,F01,TRAP-A,26.71,77.16,9.37,0.0
2026-06-06 20:10:00,F01,TRAP-A,27.59,77.31,9.96,0.0
2026-06-06 20:20:00,F01,TRAP-A,26.42,75.26,7.23,0.0
2026-06-06 20:30:00,F01,TRAP-A,25.65,82.28,5.92,0.0
2026-06-06 20:40:00,F01,TRAP-A,25.53,75.0,13.08,0.0
2026-06-06 20:50:00,F01,TRAP-A,25.16,81.49,8.03,0.0
2026-06-06 21:00:00,F01,TRAP-A,25.54,81.63,10.0,0.0
2026-06-06 21:10:00,F01,TRAP-A,26.56,88.37,5.36,0.0
2026-06-06 21:20:00,F01,TRAP-A,24.74,78.8,7.28,0.0
2026-06-06 21:30:00,F01,TRAP-A,25.35,81.73,11.76,0.0
2026-06-06 21:40:00,F01,TRAP-A,24.5,84.24,7.0,0.0
2026-06-06 21:50:00,F01,TRAP-A,24.64,84.67,9.8,0.0
2026-06-06 22:00:00,F01,TRAP-A,23.47,84.36,9.28,0.0
2026-06-06 22:10:00,F01,TRAP-A,24.34,86.08,6.71,0.0
2026-06-06 22:20:00,F01,TRAP-A,24.2,83.67,10.85,0.0
2026-06-06 22:30:00,F01,TRAP-A,24.63,88.24,6.89,0.0
2026-06-06 22:40:00,F01,TRAP-A,24.22,82.04,10.6,0.0
2026-06-06 22:50:00,F01,TRAP-A,22.94,88.27,20.99,0.0
2026-06-06 23:00:00,F01,TRAP-A,24.63,87.29,16.54,0.0
2026-06-06 23:10:00,F01,TRAP-A,23.8,91.78,12.04,0.0
2026-06-06 23:20:00,F01,TRAP-A,23.66,94.05,9.67,0.0
2026-06-06 23:30:00,F01,TRAP-A,23.37,89.23,10.92,0.0
2026-06-06 23:40:00,F01,TRAP-A,22.85,93.92,11.63,0.0
2026-06-06 23:50:00,F01,TRAP-A,23.34,90.0,7.92,0.0
2026-06-07 00:00:00,F01,TRAP-A,23.44,88.71,8.4,0.0
2026-06-07 00:10:00,F01,TRAP-A,21.57,95.79,10.97,0.0
2026-06-07 00:20:00,F01,TRAP-A,22.46,93.01,8.44,0.0
2026-06-07 00:30:00,F01,TRAP-A,22.61,91.97,15.78,0.0
2026-06-07 00:40:00,F01,TRAP-A,22.95,93.9,10.78,0.0
2026-06-07 00:50:00,F01,TRAP-A,23.64,93.07,9.83,0.0
2026-06-07 01:00:00,F01,TRAP-A,22.02,92.38,10.61,0.0
2026-06-07 01:10:00,F01,TRAP-A,22.19,89.38,14.98,0.0
2026-06-07 01:20:00,F01,TRAP-A,22.15,92.14,17.3,0.0
2026-06-07 01:30:00,F01,TRAP-A,21.89,94.46,9.97,0.0
2026-06-07 01:40:00,F01,TRAP-A,22.23,92.66,14.27,0.0
2026-06-07 01:50:00,F01,TRAP-A,23.12,95.25,12.5,0.0
2026-06-07 02:00:00,F01,TRAP-A,21.66,93.96,12.7,0.0
2026-06-07 02:10:00,F01,TRAP-A,22.85,90.78,14.74,0.0
2026-06-07 02:20:00,F01,TRAP-A,21.16,89.62,11.11,0.0
2026-06-07 02:30:00,F01,TRAP-A,22.1,92.44,12.76,0.0
2026-06-07 02:40:00,F01,TRAP-A,22.32,91.41,11.78,0.0
2026-06-07 02:50:00,F01,TRAP-A,23.96,93.42,11.05,0.0
2026-06-07 03:00:00,F01,TRAP-A,22.46,90.62,11.21,0.0
2026-06-07 03:10:00,F01,TRAP-A,20.97,90.68,11.44,0.0
2026-06-07 03:20:00,F01,TRAP-A,21.2,94.63,13.97,0.0
2026-06-07 03:30:00,F01,TRAP-A,22.9,92.12,11.55,0.0
2026-06-07 03:40:00,F01,TRAP-A,23.45,89.72,13.85,0.0
2026-06-07 03:50:00,F01,TRAP-A,23.35,91.22,14.07,0.0
2026-06-07 04:00:00,F01,TRAP-A,23.28,94.3,18.53,0.0
2026-06-07 04:10:00,F01,TRAP-A,24.18,91.24,14.53,0.26
2026-06-07 04:20:00,F01,TRAP-A,22.93,91.61,24.37,0.0
2026-06-07 04:30:00,F01,TRAP-A,24.2,87.85,11.82,0.0
2026-06-07 04:40:00,F01,TRAP-A,22.3,91.88,15.44,0.0
2026-06-07 04:50:00,F01,TRAP-A,23.01,94.67,11.92,0.0
2026-06-07 05:00:00,F01,TRAP-A,22.43,86.43,15.8,0.0
2026-06-07 05:10:00,F01,TRAP-A,23.8,84.98,13.38,0.0
2026-06-07 05:20:00,F01,TRAP-A,24.13,87.87,14.79,0.0
2026-06-07 05:30:00,F01,TRAP-A,24.42,89.1,13.09,0.0
2026-06-07 05:40:00,F01,TRAP-A,24.54,86.15,12.51,0.0
2026-06-07 05:50:00,F01,TRAP-A,23.91,83.2,15.86,0.0
2026-06-07 06:00:00,F01,TRAP-A,24.67,84.99,19.05,0.0
2026-06-07 06:10:00,F01,TRAP-A,23.8,86.18,12.6,0.0
2026-06-07 06:20:00,F01,TRAP-A,26.26,83.08,19.58,0.0
2026-06-07 06:30:00,F01,TRAP-A,25.11,85.01,12.41,0.0
2026-06-07 06:40:00,F01,TRAP-A,25.15,85.79,15.92,0.0
2026-06-07 06:50:00,F01,TRAP-A,27.0,82.85,21.5,0.0
2026-06-07 07:00:00,F01,TRAP-A,24.92,81.55,12.32,0.0
2026-06-07 07:10:00,F01,TRAP-A,25.21,83.05,13.51,0.0
2026-06-07 07:20:00,F01,TRAP-A,25.42,78.2,12.97,0.0
2026-06-07 07:30:00,F01,TRAP-A,26.44,77.3,13.14,0.0
2026-06-07 07:40:00,F01,TRAP-A,27.03,78.37,15.79,0.0
2026-06-07 07:50:00,F01,TRAP-A,27.48,77.15,14.76,0.0
2026-06-07 08:00:00,F01,TRAP-A,29.14,75.72,21.82,0.0
2026-06-07 08:10:00,F01,TRAP-A,25.48,81.65,11.95,0.0
2026-06-07 08:20:00,F01,TRAP-A,27.96,81.85,13.59,0.0
2026-06-07 08:30:00,F01,TRAP-A,27.22,74.89,12.92,0.0
2026-06-07 08:40:00,F01,TRAP-A,27.39,75.36,18.55,0.0
2026-06-07 08:50:00,F01,TRAP-A,27.56,74.02,10.93,0.0
2026-06-07 09:00:00,F01,TRAP-A,27.52,76.62,24.35,0.36
2026-06-07 09:10:00,F01,TRAP-A,29.78,76.49,12.61,0.0
2026-06-07 09:20:00,F01,TRAP-A,29.29,68.17,13.46,0.0
2026-06-07 09:30:00,F01,TRAP-A,28.82,73.2,11.72,0.0
2026-06-07 09:40:00,F01,TRAP-A,30.06,68.15,15.98,0.0
2026-06-07 09:50:00,F01,TRAP-A,27.94,75.23,12.56,0.0
2026-06-07 10:00:00,F01,TRAP-A,28.26,71.37,13.2,0.0
2026-06-07 10:10:00,F01,TRAP-A,27.74,67.65,12.92,3.76
2026-06-07 10:20:00,F01,TRAP-A,29.09,68.57,10.98,0.0
2026-06-07 10:30:00,F01,TRAP-A,29.93,67.93,9.7,0.0
2026-06-07 10:40:00,F01,TRAP-A,30.04,69.46,14.25,0.0
2026-06-07 10:50:00,F01,TRAP-A,30.22,70.27,10.16,0.0
2026-06-07 11:00:00,F01,TRAP-A,29.11,64.33,14.63,0.0
2026-06-07 11:10:00,F01,TRAP-A,31.01,71.36,11.61,0.0
2026-06-07 11:20:00,F01,TRAP-A,30.69,70.35,9.93,0.0
2026-06-07 11:30:00,F01,TRAP-A,31.21,63.75,11.16,0.0
2026-06-07 11:40:00,F01,TRAP-A,29.22,65.74,11.39,0.0
2026-06-07 11:50:00,F01,TRAP-A,31.09,69.48,11.78,0.0
2026-06-07 12:00:00,F01,TRAP-A,29.99,67.96,13.11,0.0
2026-06-07 12:10:00,F01,TRAP-A,30.71,63.73,8.28,0.0
2026-06-07 12:20:00,F01,TRAP-A,31.54,66.33,16.23,0.0
2026-06-07 12:30:00,F01,TRAP-A,31.26,71.53,8.99,0.0
2026-06-07 12:40:00,F01,TRAP-A,30.57,64.08,13.14,0.0
2026-06-07 12:50:00,F01,TRAP-A,31.32,62.03,7.81,0.0
2026-06-07 13:00:00,F01,TRAP-A,30.14,63.87,6.98,0.0
2026-06-07 13:10:00,F01,TRAP-A,32.33,63.92,9.28,0.0
2026-06-07 13:20:00,F01,TRAP-A,31.28,61.87,7.74,0.0
2026-06-07 13:30:00,F01,TRAP-A,32.37,64.2,18.9,0.0
2026-06-07 13:40:00,F01,TRAP-A,31.07,59.9,6.57,0.0
2026-06-07 13:50:00,F01,TRAP-A,31.08,61.34,6.23,0.0
2026-06-07 14:00:00,F01,TRAP-A,30.89,64.9,6.08,0.0
2026-06-07 14:10:00,F01,TRAP-A,32.19,58.64,6.52,0.0
2026-06-07 14:20:00,F01,TRAP-A,30.91,65.34,8.24,0.0
2026-06-07 14:30:00,F01,TRAP-A,31.97,58.14,7.62,0.0
2026-06-07 14:40:00,F01,TRAP-A,31.11,58.95,6.67,0.0
2026-06-07 14:50:00,F01,TRAP-A,29.79,62.17,5.52,0.0
2026-06-07 15:00:00,F01,TRAP-A,30.87,64.3,5.92,0.0
2026-06-07 15:10:00,F01,TRAP-A,30.32,67.09,5.61,0.0
2026-06-07 15:20:00,F01,TRAP-A,31.23,64.14,9.0,0.0
2026-06-07 15:30:00,F01,TRAP-A,30.17,63.63,9.32,0.0
2026-06-07 15:40:00,F01,TRAP-A,31.78,65.97,9.18,0.0
2026-06-07 15:50:00,F01,TRAP-A,30.88,62.65,15.01,0.0
2026-06-07 16:00:00,F01,TRAP-A,30.71,65.5,10.97,0.0
2026-06-07 16:10:00,F01,TRAP-A,31.28,62.5,6.49,0.0
2026-06-07 16:20:00,F01,TRAP-A,31.41,66.08,5.95,0.0
2026-06-07 16:30:00,F01,TRAP-A,30.5,65.94,11.7,0.0
2026-06-07 16:40:00,F01,TRAP-A,29.78,64.68,7.05,0.0
2026-06-07 16:50:00,F01,TRAP-A,28.84,67.54,5.21,0.0
2026-06-07 17:00:00,F01,TRAP-A,29.57,67.99,6.61,0.0
2026-06-07 17:10:00,F01,TRAP-A,29.49,71.01,18.62,0.0
2026-06-07 17:20:00,F01,TRAP-A,29.91,64.56,9.73,0.0
2026-06-07 17:30:00,F01,TRAP-A,29.4,68.9,5.02,0.0
2026-06-07 17:40:00,F01,TRAP-A,30.06,67.72,13.18,0.0
2026-06-07 17:50:00,F01,TRAP-A,28.86,72.35,15.97,0.0
2026-06-07 18:00:00,F01,TRAP-A,29.13,72.62,4.79,0.0
2026-06-07 18:10:00,F01,TRAP-A,29.95,72.59,10.79,0.0
2026-06-07 18:20:00,F01,TRAP-A,29.1,70.15,10.46,0.0
2026-06-07 18:30:00,F01,TRAP-A,28.6,74.73,4.17,0.0
2026-06-07 18:40:00,F01,TRAP-A,27.98,69.3,7.4,0.0
2026-06-07 18:50:00,F01,TRAP-A,27.77,69.41,5.2,0.0
2026-06-07 19:00:00,F01,TRAP-A,27.4,71.19,7.52,0.0
2026-06-07 19:10:00,F01,TRAP-A,27.46,74.94,11.55,0.0
2026-06-07 19:20:00,F01,TRAP-A,28.3,77.35,6.34,0.0
2026-06-07 19:30:00,F01,TRAP-A,27.33,68.87,5.94,0.0
2026-06-07 19:40:00,F01,TRAP-A,26.23,80.27,12.04,0.0
2026-06-07 19:50:00,F01,TRAP-A,28.53,77.95,15.45,0.0
2026-06-07 20:00:00,F01,TRAP-A,27.17,74.36,4.77,0.0
2026-06-07 20:10:00,F01,TRAP-A,25.6,79.18,12.35,0.0
2026-06-07 20:20:00,F01,TRAP-A,26.17,82.31,5.03,0.0
2026-06-07 20:30:00,F01,TRAP-A,26.42,81.73,6.11,0.0
2026-06-07 20:40:00,F01,TRAP-A,27.5,83.62,9.3,0.0
2026-06-07 20:50:00,F01,TRAP-A,25.06,78.1,9.6,0.0
2026-06-07 21:00:00,F01,TRAP-A,26.54,81.11,9.11,0.0
2026-06-07 21:10:00,F01,TRAP-A,26.69,80.46,5.47,0.0
2026-06-07 21:20:00,F01,TRAP-A,24.88,87.68,5.91,0.0
2026-06-07 21:30:00,F01,TRAP-A,24.98,85.59,13.88,0.0
2026-06-07 21:40:00,F01,TRAP-A,24.19,91.71,6.02,0.0
2026-06-07 21:50:00,F01,TRAP-A,24.69,84.0,6.16,0.0
2026-06-07 22:00:00,F01,TRAP-A,24.65,83.93,11.48,0.0
2026-06-07 22:10:00,F01,TRAP-A,25.04,85.93,9.29,0.0
2026-06-07 22:20:00,F01,TRAP-A,25.22,90.27,7.68,0.0
2026-06-07 22:30:00,F01,TRAP-A,23.6,86.43,7.08,0.0
2026-06-07 22:40:00,F01,TRAP-A,22.47,88.16,13.17,0.0
2026-06-07 22:50:00,F01,TRAP-A,23.88,88.58,20.27,0.0
2026-06-07 23:00:00,F01,TRAP-A,23.99,88.9,7.19,0.0
2026-06-07 23:10:00,F01,TRAP-A,23.83,87.61,9.63,5.2
2026-06-07 23:20:00,F01,TRAP-A,23.24,89.32,8.29,0.0
2026-06-07 23:30:00,F01,TRAP-A,23.48,89.62,12.91,0.0
2026-06-07 23:40:00,F01,TRAP-A,24.48,90.42,9.0,0.0
2026-06-07 23:50:00,F01,TRAP-A,23.47,93.16,11.66,0.0
2026-06-08 00:00:00,F01,TRAP-A,22.76,95.53,10.4,0.0
2026-06-08 00:10:00,F01,TRAP-A,22.57,89.33,10.59,0.0
2026-06-08 00:20:00,F01,TRAP-A,22.75,90.73,14.28,0.0
2026-06-08 00:30:00,F01,TRAP-A,24.12,89.9,10.5,0.0
2026-06-08 00:40:00,F01,TRAP-A,22.6,92.66,14.37,0.0
2026-06-08 00:50:00,F01,TRAP-A,22.67,91.04,10.29,0.0
2026-06-08 01:00:00,F01,TRAP-A,22.25,93.16,9.68,0.0
2026-06-08 01:10:00,F01,TRAP-A,23.47,95.46,11.1,0.0
2026-06-08 01:20:00,F01,TRAP-A,24.12,86.5,11.51,0.0
2026-06-08 01:30:00,F01,TRAP-A,22.89,94.13,11.55,0.0
2026-06-08 01:40:00,F01,TRAP-A,22.58,91.81,14.71,0.0
2026-06-08 01:50:00,F01,TRAP-A,22.53,94.15,12.41,0.0
2026-06-08 02:00:00,F01,TRAP-A,20.59,90.76,16.64,0.0
2026-06-08 02:10:00,F01,TRAP-A,23.1,95.96,12.38,0.0
2026-06-08 02:20:00,F01,TRAP-A,22.63,95.2,11.12,0.0
2026-06-08 02:30:00,F01,TRAP-A,22.89,94.25,10.91,0.0
2026-06-08 02:40:00,F01,TRAP-A,22.01,94.7,16.71,0.41
2026-06-08 02:50:00,F01,TRAP-A,22.32,90.72,10.93,0.0
2026-06-08 03:00:00,F01,TRAP-A,22.35,90.87,11.26,0.0
2026-06-08 03:10:00,F01,TRAP-A,23.55,94.1,11.2,0.0
2026-06-08 03:20:00,F01,TRAP-A,22.5,90.08,12.76,0.0
2026-06-08 03:30:00,F01,TRAP-A,24.54,95.36,13.5,0.0
2026-06-08 03:40:00,F01,TRAP-A,23.3,90.67,11.38,0.0
2026-06-08 03:50:00,F01,TRAP-A,22.03,92.43,13.59,0.0
2026-06-08 04:00:00,F01,TRAP-A,23.04,96.1,13.0,0.0
2026-06-08 04:10:00,F01,TRAP-A,22.73,88.73,16.04,0.0
2026-06-08 04:20:00,F01,TRAP-A,21.61,90.3,16.97,0.0
2026-06-08 04:30:00,F01,TRAP-A,24.76,92.36,15.19,0.0
2026-06-08 04:40:00,F01,TRAP-A,24.17,91.69,13.71,0.0
2026-06-08 04:50:00,F01,TRAP-A,24.17,88.05,12.57,0.0
2026-06-08 05:00:00,F01,TRAP-A,24.01,87.12,17.52,0.0
2026-06-08 05:10:00,F01,TRAP-A,22.92,87.34,13.17,0.0
2026-06-08 05:20:00,F01,TRAP-A,23.78,91.05,13.27,0.0
2026-06-08 05:30:00,F01,TRAP-A,25.0,86.21,19.41,0.0
2026-06-08 05:40:00,F01,TRAP-A,23.65,86.57,23.13,0.0
2026-06-08 05:50:00,F01,TRAP-A,22.63,84.76,18.85,0.0
2026-06-08 06:00:00,F01,TRAP-A,24.64,87.02,30.0,0.0
2026-06-08 06:10:00,F01,TRAP-A,24.88,85.07,18.09,0.0
2026-06-08 06:20:00,F01,TRAP-A,25.28,81.58,15.63,0.0
2026-06-08 06:30:00,F01,TRAP-A,25.94,81.06,13.0,0.0
2026-06-08 06:40:00,F01,TRAP-A,26.05,77.87,21.1,0.0
2026-06-08 06:50:00,F01,TRAP-A,25.93,80.17,18.17,0.0
2026-06-08 07:00:00,F01,TRAP-A,26.87,83.6,12.67,0.0
2026-06-08 07:10:00,F01,TRAP-A,24.89,84.28,13.81,0.0
2026-06-08 07:20:00,F01,TRAP-A,26.7,82.04,11.95,0.0
2026-06-08 07:30:00,F01,TRAP-A,27.0,81.07,20.86,0.0
2026-06-08 07:40:00,F01,TRAP-A,25.7,78.71,14.14,0.0
2026-06-08 07:50:00,F01,TRAP-A,25.68,80.31,12.36,0.0
2026-06-08 08:00:00,F01,TRAP-A,26.49,78.44,12.46,0.0
2026-06-08 08:10:00,F01,TRAP-A,26.75,81.58,23.17,0.0
2026-06-08 08:20:00,F01,TRAP-A,28.08,76.17,14.1,0.0
2026-06-08 08:30:00,F01,TRAP-A,27.18,79.12,12.77,0.0
2026-06-08 08:40:00,F01,TRAP-A,27.18,77.31,13.09,0.0
2026-06-08 08:50:00,F01,TRAP-A,27.57,76.32,11.21,0.0
2026-06-08 09:00:00,F01,TRAP-A,29.14,68.82,11.01,0.0
2026-06-08 09:10:00,F01,TRAP-A,28.44,75.55,13.34,0.0
2026-06-08 09:20:00,F01,TRAP-A,28.47,72.29,12.67,0.0
2026-06-08 09:30:00,F01,TRAP-A,28.71,70.89,11.71,0.0
2026-06-08 09:40:00,F01,TRAP-A,30.01,67.7,12.74,0.0
2026-06-08 09:50:00,F01,TRAP-A,28.55,70.81,10.31,0.0
2026-06-08 10:00:00,F01,TRAP-A,30.37,70.34,18.58,0.0
2026-06-08 10:10:00,F01,TRAP-A,29.66,66.45,10.82,0.0
2026-06-08 10:20:00,F01,TRAP-A,29.52,65.49,9.85,0.0
2026-06-08 10:30:00,F01,TRAP-A,31.81,69.86,10.02,0.0
2026-06-08 10:40:00,F01,TRAP-A,29.11,70.32,9.6,0.0
2026-06-08 10:50:00,F01,TRAP-A,29.82,68.14,9.72,0.0
2026-06-08 11:00:00,F01,TRAP-A,29.25,70.07,10.58,1.35
2026-06-08 11:10:00,F01,TRAP-A,31.14,66.54,12.81,0.0
2026-06-08 11:20:00,F01,TRAP-A,31.85,66.2,9.57,0.0
2026-06-08 11:30:00,F01,TRAP-A,31.96,63.64,10.17,0.0
2026-06-08 11:40:00,F01,TRAP-A,31.71,61.65,16.2,0.0
2026-06-08 11:50:00,F01,TRAP-A,30.68,69.84,9.15,0.0
2026-06-08 12:00:00,F01,TRAP-A,30.65,67.7,12.68,0.0
2026-06-08 12:10:00,F01,TRAP-A,29.69,61.09,8.27,0.0
2026-06-08 12:20:00,F01,TRAP-A,32.74,64.68,8.17,0.0
2026-06-08 12:30:00,F01,TRAP-A,31.56,63.79,9.23,0.0
2026-06-08 12:40:00,F01,TRAP-A,30.86,63.13,8.03,0.0
2026-06-08 12:50:00,F01,TRAP-A,32.38,62.59,14.06,0.0
2026-06-08 13:00:00,F01,TRAP-A,30.59,64.39,7.05,0.0
2026-06-08 13:10:00,F01,TRAP-A,31.74,65.34,9.45,1.28
2026-06-08 13:20:00,F01,TRAP-A,31.31,64.19,9.34,0.0
2026-06-08 13:30:00,F01,TRAP-A,31.98,62.79,6.61,0.76
2026-06-08 13:40:00,F01,TRAP-A,31.44,62.64,10.2,0.0
2026-06-08 13:50:00,F01,TRAP-A,30.34,65.35,7.99,0.0
2026-06-08 14:00:00,F01,TRAP-A,31.56,64.16,9.79,0.0
2026-06-08 14:10:00,F01,TRAP-A,32.33,63.21,11.05,0.0
2026-06-08 14:20:00,F01,TRAP-A,31.45,62.99,6.81,0.0
2026-06-08 14:30:00,F01,TRAP-A,32.07,64.03,7.49,0.0
2026-06-08 14:40:00,F01,TRAP-A,30.58,62.11,6.28,0.0
2026-06-08 14:50:00,F01,TRAP-A,31.35,65.47,5.92,0.0
2026-06-08 15:00:00,F01,TRAP-A,30.82,60.9,5.12,0.0
2026-06-08 15:10:00,F01,TRAP-A,31.86,62.75,14.94,0.0
2026-06-08 15:20:00,F01,TRAP-A,31.22,65.53,6.63,0.0
2026-06-08 15:30:00,F01,TRAP-A,31.68,61.42,4.82,0.0
2026-06-08 15:40:00,F01,TRAP-A,31.91,60.59,4.71,0.0
2026-06-08 15:50:00,F01,TRAP-A,31.51,64.98,5.61,0.0
2026-06-08 16:00:00,F01,TRAP-A,31.07,60.91,4.54,0.0
2026-06-08 16:10:00,F01,TRAP-A,29.95,62.26,5.83,0.0
2026-06-08 16:20:00,F01,TRAP-A,30.63,67.77,4.54,0.0
2026-06-08 16:30:00,F01,TRAP-A,30.09,65.76,4.4,0.0
2026-06-08 16:40:00,F01,TRAP-A,30.12,69.91,7.54,0.0
2026-06-08 16:50:00,F01,TRAP-A,29.96,64.12,11.28,0.0
2026-06-08 17:00:00,F01,TRAP-A,29.34,67.36,5.7,0.0
2026-06-08 17:10:00,F01,TRAP-A,28.41,69.07,9.52,0.0
2026-06-08 17:20:00,F01,TRAP-A,29.29,65.65,4.14,0.0
2026-06-08 17:30:00,F01,TRAP-A,29.83,71.67,8.54,0.0
2026-06-08 17:40:00,F01,TRAP-A,28.43,70.91,4.2,0.0
2026-06-08 17:50:00,F01,TRAP-A,29.36,66.16,9.47,0.0
2026-06-08 18:00:00,F01,TRAP-A,30.7,70.65,10.42,0.0
2026-06-08 18:10:00,F01,TRAP-A,29.82,72.29,8.63,0.0
2026-06-08 18:20:00,F01,TRAP-A,30.14,70.44,9.18,0.0
2026-06-08 18:30:00,F01,TRAP-A,28.96,68.82,6.52,0.0
2026-06-08 18:40:00,F01,TRAP-A,29.39,73.83,5.0,0.0
2026-06-08 18:50:00,F01,TRAP-A,27.69,79.29,7.2,0.0
2026-06-08 19:00:00,F01,TRAP-A,27.57,73.42,5.89,0.0
2026-06-08 19:10:00,F01,TRAP-A,25.7,78.95,4.22,0.0
2026-06-08 19:20:00,F01,TRAP-A,28.65,73.79,6.21,0.59
2026-06-08 19:30:00,F01,TRAP-A,28.74,76.86,7.49,0.0
2026-06-08 19:40:00,F01,TRAP-A,26.87,78.9,4.45,0.0
2026-06-08 19:50:00,F01,TRAP-A,26.91,77.61,7.4,0.0
2026-06-08 20:00:00,F01,TRAP-A,26.31,77.54,7.75,7.52
2026-06-08 20:10:00,F01,TRAP-A,27.03,80.75,5.18,0.0
2026-06-08 20:20:00,F01,TRAP-A,27.42,84.32,6.46,0.0
2026-06-08 20:30:00,F01,TRAP-A,24.93,80.99,14.87,0.0
2026-06-08 20:40:00,F01,TRAP-A,26.46,79.59,11.45,0.0
2026-06-08 20:50:00,F01,TRAP-A,25.72,81.05,6.69,0.0
2026-06-08 21:00:00,F01,TRAP-A,25.84,88.45,6.52,0.0
2026-06-08 21:10:00,F01,TRAP-A,25.93,83.12,5.75,0.0
2026-06-08 21:20:00,F01,TRAP-A,25.23,81.91,5.59,0.0
2026-06-08 21:30:00,F01,TRAP-A,25.12,81.14,6.68,0.0
2026-06-08 21:40:00,F01,TRAP-A,24.85,80.03,14.22,0.0
2026-06-08 21:50:00,F01,TRAP-A,25.62,86.08,15.47,5.81
2026-06-08 22:00:00,F01,TRAP-A,25.01,87.38,11.09,0.0
2026-06-08 22:10:00,F01,TRAP-A,24.69,85.31,7.52,0.0
2026-06-08 22:20:00,F01,TRAP-A,23.33,86.8,6.84,0.0
2026-06-08 22:30:00,F01,TRAP-A,23.89,84.43,9.25,0.0
2026-06-08 22:40:00,F01,TRAP-A,24.76,88.19,9.82,0.0
2026-06-08 22:50:00,F01,TRAP-A,23.93,89.54,8.53,0.0
2026-06-08 23:00:00,F01,TRAP-A,24.29,87.47,10.57,0.0
2026-06-08 23:10:00,F01,TRAP-A,25.04,93.47,11.33,0.0
2026-06-08 23:20:00,F01,TRAP-A,24.33,87.58,11.96,0.0
2026-06-08 23:30:00,F01,TRAP-A,23.45,90.78,9.65,0.0
2026-06-08 23:40:00,F01,TRAP-A,22.86,92.57,12.43,0.0
2026-06-08 23:50:00,F01,TRAP-A,21.12,90.61,7.98,0.0
2026-06-09 00:00:00,F01,TRAP-A,22.93,90.66,11.5,0.0
2026-06-09 00:10:00,F01,TRAP-A,22.71,87.86,9.06,0.0
2026-06-09 00:20:00,F01,TRAP-A,23.2,95.11,9.37,0.0
2026-06-09 00:30:00,F01,TRAP-A,22.69,91.54,8.88,2.21
2026-06-09 00:40:00,F01,TRAP-A,22.49,93.53,9.41,0.0
2026-06-09 00:50:00,F01,TRAP-A,21.26,94.07,23.43,0.0
2026-06-09 01:00:00,F01,TRAP-A,21.88,90.99,10.72,0.0
2026-06-09 01:10:00,F01,TRAP-A,22.97,92.21,17.16,0.0
2026-06-09 01:20:00,F01,TRAP-A,23.93,96.15,9.97,0.0
2026-06-09 01:30:00,F01,TRAP-A,22.45,90.11,10.29,0.0
2026-06-09 01:40:00,F01,TRAP-A,22.77,98.0,12.21,0.0
2026-06-09 01:50:00,F01,TRAP-A,23.26,91.13,11.2,0.0
2026-06-09 02:00:00,F01,TRAP-A,21.85,90.05,13.16,0.0
2026-06-09 02:10:00,F01,TRAP-A,22.8,93.3,11.86,0.0
2026-06-09 02:20:00,F01,TRAP-A,21.93,98.0,15.36,0.0
2026-06-09 02:30:00,F01,TRAP-A,23.24,88.05,12.19,0.0
2026-06-09 02:40:00,F01,TRAP-A,22.71,92.37,13.18,0.0
2026-06-09 02:50:00,F01,TRAP-A,22.86,93.77,11.92,0.0
2026-06-09 03:00:00,F01,TRAP-A,22.05,92.5,14.53,0.0
2026-06-09 03:10:00,F01,TRAP-A,23.3,93.17,14.19,0.0
2026-06-09 03:20:00,F01,TRAP-A,24.47,90.2,12.63,0.0
2026-06-09 03:30:00,F01,TRAP-A,22.07,90.25,12.19,0.0
2026-06-09 03:40:00,F01,TRAP-A,22.69,91.1,14.18,0.0
2026-06-09 03:50:00,F01,TRAP-A,23.23,88.35,20.02,0.0
2026-06-09 04:00:00,F01,TRAP-A,23.78,90.73,11.93,0.0
2026-06-09 04:10:00,F01,TRAP-A,22.8,89.52,16.4,0.0
2026-06-09 04:20:00,F01,TRAP-A,21.1,88.95,14.01,0.0
2026-06-09 04:30:00,F01,TRAP-A,24.57,90.53,13.96,0.0
2026-06-09 04:40:00,F01,TRAP-A,24.22,84.75,21.57,0.0
2026-06-09 04:50:00,F01,TRAP-A,22.35,88.29,14.63,0.0
2026-06-09 05:00:00,F01,TRAP-A,23.39,94.2,17.21,0.0
2026-06-09 05:10:00,F01,TRAP-A,25.28,85.21,14.09,0.0
2026-06-09 05:20:00,F01,TRAP-A,25.33,90.64,12.81,0.0
2026-06-09 05:30:00,F01,TRAP-A,25.08,87.04,15.53,0.0
2026-06-09 05:40:00,F01,TRAP-A,24.35,84.86,19.69,0.0
2026-06-09 05:50:00,F01,TRAP-A,24.72,82.52,17.52,0.0
2026-06-09 06:00:00,F01,TRAP-A,24.72,85.6,12.66,2.03
2026-06-09 06:10:00,F01,TRAP-A,25.9,88.31,13.14,0.0
2026-06-09 06:20:00,F01,TRAP-A,24.48,83.11,14.16,0.0
2026-06-09 06:30:00,F01,TRAP-A,24.71,83.27,14.5,0.0
2026-06-09 06:40:00,F01,TRAP-A,26.35,85.39,12.57,0.0
2026-06-09 06:50:00,F01,TRAP-A,25.69,83.09,12.67,0.0
2026-06-09 07:00:00,F01,TRAP-A,27.02,77.67,16.11,0.0
2026-06-09 07:10:00,F01,TRAP-A,25.57,81.21,15.72,0.0
2026-06-09 07:20:00,F01,TRAP-A,26.26,84.1,17.21,0.0
2026-06-09 07:30:00,F01,TRAP-A,25.76,79.58,19.77,0.0
2026-06-09 07:40:00,F01,TRAP-A,26.7,72.17,12.7,0.0
2026-06-09 07:50:00,F01,TRAP-A,25.71,79.34,17.4,0.0
2026-06-09 08:00:00,F01,TRAP-A,26.7,77.22,14.72,0.0
2026-06-09 08:10:00,F01,TRAP-A,26.13,72.49,20.83,0.0
2026-06-09 08:20:00,F01,TRAP-A,28.03,72.21,12.18,0.0
2026-06-09 08:30:00,F01,TRAP-A,28.25,78.2,12.07,0.0
2026-06-09 08:40:00,F01,TRAP-A,26.48,73.28,14.67,0.0
2026-06-09 08:50:00,F01,TRAP-A,29.12,72.21,18.81,0.0
2026-06-09 09:00:00,F01,TRAP-A,30.25,73.75,16.0,0.0
2026-06-09 09:10:00,F01,TRAP-A,28.47,71.61,14.54,0.0
2026-06-09 09:20:00,F01,TRAP-A,28.11,72.85,11.98,0.0
2026-06-09 09:30:00,F01,TRAP-A,31.06,71.49,14.17,7.79
2026-06-09 09:40:00,F01,TRAP-A,27.92,68.4,15.08,0.0
2026-06-09 09:50:00,F01,TRAP-A,29.17,69.54,14.28,0.0
2026-06-09 10:00:00,F01,TRAP-A,29.47,71.36,13.32,0.0
2026-06-09 10:10:00,F01,TRAP-A,30.57,69.8,9.92,0.0
2026-06-09 10:20:00,F01,TRAP-A,29.94,68.96,12.85,0.0
2026-06-09 10:30:00,F01,TRAP-A,29.41,73.49,11.41,0.0
2026-06-09 10:40:00,F01,TRAP-A,29.2,69.97,19.07,0.0
2026-06-09 10:50:00,F01,TRAP-A,29.83,69.79,11.93,0.0
2026-06-09 11:00:00,F01,TRAP-A,29.44,66.78,11.77,0.0
2026-06-09 11:10:00,F01,TRAP-A,30.41,67.3,24.17,0.0
2026-06-09 11:20:00,F01,TRAP-A,30.05,65.25,8.91,0.0
2026-06-09 11:30:00,F01,TRAP-A,29.43,67.87,9.42,0.0
2026-06-09 11:40:00,F01,TRAP-A,31.74,65.27,11.47,0.0
2026-06-09 11:50:00,F01,TRAP-A,30.44,65.75,9.23,0.82
2026-06-09 12:00:00,F01,TRAP-A,29.92,65.27,9.2,0.0
2026-06-09 12:10:00,F01,TRAP-A,30.9,64.52,14.44,0.0
2026-06-09 12:20:00,F01,TRAP-A,31.17,71.63,10.17,0.0
2026-06-09 12:30:00,F01,TRAP-A,29.79,62.37,7.73,0.0
2026-06-09 12:40:00,F01,TRAP-A,31.52,62.12,8.35,0.0
2026-06-09 12:50:00,F01,TRAP-A,30.48,65.35,7.3,0.0
2026-06-09 13:00:00,F01,TRAP-A,32.74,61.95,9.33,0.0
2026-06-09 13:10:00,F01,TRAP-A,31.83,62.57,7.3,0.0
2026-06-09 13:20:00,F01,TRAP-A,31.13,60.46,12.4,0.0
2026-06-09 13:30:00,F01,TRAP-A,30.88,64.32,8.98,0.0
2026-06-09 13:40:00,F01,TRAP-A,31.41,64.3,6.42,0.0
2026-06-09 13:50:00,F01,TRAP-A,31.99,62.22,7.16,0.0
2026-06-09 14:00:00,F01,TRAP-A,31.48,64.79,8.81,0.0
2026-06-09 14:10:00,F01,TRAP-A,31.32,58.38,7.01,0.0
2026-06-09 14:20:00,F01,TRAP-A,31.52,61.32,7.8,0.0
2026-06-09 14:30:00,F01,TRAP-A,30.97,62.74,12.71,0.0
2026-06-09 14:40:00,F01,TRAP-A,31.14,60.35,6.66,0.0
2026-06-09 14:50:00,F01,TRAP-A,29.71,59.05,6.47,2.01
2026-06-09 15:00:00,F01,TRAP-A,32.1,62.82,10.26,0.0
2026-06-09 15:10:00,F01,TRAP-A,31.5,65.52,6.15,0.0
2026-06-09 15:20:00,F01,TRAP-A,30.58,67.21,5.13,0.0
2026-06-09 15:30:00,F01,TRAP-A,32.64,62.89,5.38,0.0
2026-06-09 15:40:00,F01,TRAP-A,31.11,66.36,13.6,0.0
2026-06-09 15:50:00,F01,TRAP-A,30.12,66.42,12.71,0.0
2026-06-09 16:00:00,F01,TRAP-A,31.54,68.2,5.26,0.0
2026-06-09 16:10:00,F01,TRAP-A,31.07,64.63,6.84,0.0
2026-06-09 16:20:00,F01,TRAP-A,30.95,61.38,4.79,0.0
2026-06-09 16:30:00,F01,TRAP-A,30.18,66.45,7.64,0.0
2026-06-09 16:40:00,F01,TRAP-A,30.75,64.16,4.83,0.0
2026-06-09 16:50:00,F01,TRAP-A,30.05,65.33,4.32,0.0
2026-06-09 17:00:00,F01,TRAP-A,30.56,66.85,9.34,0.0
2026-06-09 17:10:00,F01,TRAP-A,28.45,67.23,5.26,0.0
2026-06-09 17:20:00,F01,TRAP-A,29.48,68.94,4.39,0.0
2026-06-09 17:30:00,F01,TRAP-A,31.05,70.86,9.41,0.0
2026-06-09 17:40:00,F01,TRAP-A,28.9,68.72,8.32,0.0
2026-06-09 17:50:00,F01,TRAP-A,28.86,71.18,7.45,0.0
2026-06-09 18:00:00,F01,TRAP-A,28.82,70.79,11.27,0.0
2026-06-09 18:10:00,F01,TRAP-A,28.03,73.67,6.02,0.0
2026-06-09 18:20:00,F01,TRAP-A,27.06,71.45,4.43,0.0
2026-06-09 18:30:00,F01,TRAP-A,28.46,72.33,4.23,0.0
2026-06-09 18:40:00,F01,TRAP-A,28.57,72.21,5.23,0.0
2026-06-09 18:50:00,F01,TRAP-A,28.23,73.36,4.38,0.0
2026-06-09 19:00:00,F01,TRAP-A,27.96,72.44,6.46,0.0
2026-06-09 19:10:00,F01,TRAP-A,27.92,72.83,4.25,0.0
2026-06-09 19:20:00,F01,TRAP-A,28.51,77.62,6.03,0.0
2026-06-09 19:30:00,F01,TRAP-A,27.35,73.62,4.92,0.0
2026-06-09 19:40:00,F01,TRAP-A,26.85,76.18,5.79,0.0
2026-06-09 19:50:00,F01,TRAP-A,26.88,80.17,7.86,0.0
2026-06-09 20:00:00,F01,TRAP-A,27.38,77.41,5.87,0.0
2026-06-09 20:10:00,F01,TRAP-A,27.85,81.02,5.92,0.0
2026-06-09 20:20:00,F01,TRAP-A,26.02,78.12,18.82,0.0
2026-06-09 20:30:00,F01,TRAP-A,26.41,77.62,8.68,0.0
2026-06-09 20:40:00,F01,TRAP-A,26.4,76.9,7.15,0.0
2026-06-09 20:50:00,F01,TRAP-A,25.15,84.81,7.7,0.0
2026-06-09 21:00:00,F01,TRAP-A,25.77,79.32,8.13,0.0
2026-06-09 21:10:00,F01,TRAP-A,24.39,84.65,5.43,0.0
2026-06-09 21:20:00,F01,TRAP-A,23.96,80.9,5.74,0.0
2026-06-09 21:30:00,F01,TRAP-A,25.49,87.3,8.77,0.0
2026-06-09 21:40:00,F01,TRAP-A,24.71,90.12,7.13,0.0
2026-06-09 21:50:00,F01,TRAP-A,25.01,80.97,6.09,0.46
2026-06-09 22:00:00,F01,TRAP-A,24.66,83.04,7.13,0.0
2026-06-09 22:10:00,F01,TRAP-A,23.73,88.24,6.64,0.0
2026-06-09 22:20:00,F01,TRAP-A,24.31,88.12,13.82,0.0
2026-06-09 22:30:00,F01,TRAP-A,23.21,89.3,7.22,0.0
2026-06-09 22:40:00,F01,TRAP-A,25.15,86.43,7.17,0.0
2026-06-09 22:50:00,F01,TRAP-A,22.81,93.31,9.82,0.0
2026-06-09 23:00:00,F01,TRAP-A,23.6,89.11,9.25,0.0
2026-06-09 23:10:00,F01,TRAP-A,22.79,86.21,9.78,0.0
2026-06-09 23:20:00,F01,TRAP-A,23.95,89.04,9.1,0.0
2026-06-09 23:30:00,F01,TRAP-A,23.11,87.07,9.44,0.0
2026-06-09 23:40:00,F01,TRAP-A,22.85,94.43,12.25,0.0
2026-06-09 23:50:00,F01,TRAP-A,23.84,89.15,8.65,0.0
2026-06-10 00:00:00,F01,TRAP-A,23.08,92.36,9.59,0.0
2026-06-10 00:10:00,F01,TRAP-A,23.38,90.26,17.75,0.0
2026-06-10 00:20:00,F01,TRAP-A,22.1,90.18,9.06,0.0
2026-06-10 00:30:00,F01,TRAP-A,21.69,87.19,9.64,0.0
2026-06-10 00:40:00,F01,TRAP-A,22.83,93.69,9.41,0.0
2026-06-10 00:50:00,F01,TRAP-A,22.43,95.64,9.0,0.0
2026-06-10 01:00:00,F01,TRAP-A,23.13,90.27,10.05,0.0
2026-06-10 01:10:00,F01,TRAP-A,22.52,88.84,9.42,0.0
2026-06-10 01:20:00,F01,TRAP-A,22.72,94.83,9.94,0.0
2026-06-10 01:30:00,F01,TRAP-A,21.23,88.79,10.95,0.0
2026-06-10 01:40:00,F01,TRAP-A,24.02,96.01,9.82,0.11
2026-06-10 01:50:00,F01,TRAP-A,22.37,90.73,14.11,0.0
2026-06-10 02:00:00,F01,TRAP-A,23.06,90.24,14.83,0.0
2026-06-10 02:10:00,F01,TRAP-A,21.84,93.59,11.8,0.0
2026-06-10 02:20:00,F01,TRAP-A,22.77,90.32,22.89,0.0
2026-06-10 02:30:00,F01,TRAP-A,21.51,91.06,13.91,0.0
2026-06-10 02:40:00,F01,TRAP-A,22.95,93.6,14.71,0.0
2026-06-10 02:50:00,F01,TRAP-A,22.34,86.51,11.4,0.0
2026-06-10 03:00:00,F01,TRAP-A,22.7,96.52,16.33,0.0
2026-06-10 03:10:00,F01,TRAP-A,23.29,92.32,19.7,0.0
2026-06-10 03:20:00,F01,TRAP-A,21.82,88.76,11.92,0.0
2026-06-10 03:30:00,F01,TRAP-A,22.33,89.2,14.7,0.0
2026-06-10 03:40:00,F01,TRAP-A,23.33,93.95,15.44,0.0
2026-06-10 03:50:00,F01,TRAP-A,24.73,92.67,12.51,0.0
2026-06-10 04:00:00,F01,TRAP-A,23.04,94.31,13.44,0.0
2026-06-10 04:10:00,F01,TRAP-A,23.73,88.78,11.89,0.0
2026-06-10 04:20:00,F01,TRAP-A,23.28,90.86,12.23,0.0
2026-06-10 04:30:00,F01,TRAP-A,25.04,90.79,11.92,0.0
2026-06-10 04:40:00,F01,TRAP-A,22.21,91.04,14.25,0.0
2026-06-10 04:50:00,F01,TRAP-A,23.82,91.68,14.78,0.0
2026-06-10 05:00:00,F01,TRAP-A,22.58,86.6,19.32,0.0
2026-06-10 05:10:00,F01,TRAP-A,22.02,87.63,14.27,0.0
2026-06-10 05:20:00,F01,TRAP-A,24.41,85.89,12.86,0.0
2026-06-10 05:30:00,F01,TRAP-A,24.44,86.77,12.16,0.0
2026-06-10 05:40:00,F01,TRAP-A,24.26,88.11,18.48,0.0
2026-06-10 05:50:00,F01,TRAP-A,24.57,81.68,13.95,0.0
2026-06-10 06:00:00,F01,TRAP-A,27.31,88.02,16.01,0.0
2026-06-10 06:10:00,F01,TRAP-A,24.79,81.82,12.04,1.37
2026-06-10 06:20:00,F01,TRAP-A,25.59,83.3,13.99,0.0
2026-06-10 06:30:00,F01,TRAP-A,24.84,86.58,13.14,0.42
2026-06-10 06:40:00,F01,TRAP-A,25.78,83.67,12.02,0.0
2026-06-10 06:50:00,F01,TRAP-A,25.54,83.08,16.37,0.0
2026-06-10 07:00:00,F01,TRAP-A,25.59,78.65,14.0,0.0
2026-06-10 07:10:00,F01,TRAP-A,27.57,78.35,13.01,0.0
2026-06-10 07:20:00,F01,TRAP-A,27.25,82.67,16.65,0.0
2026-06-10 07:30:00,F01,TRAP-A,26.61,78.19,13.44,0.0
2026-06-10 07:40:00,F01,TRAP-A,24.85,77.78,11.6,0.0
2026-06-10 07:50:00,F01,TRAP-A,26.6,80.77,20.18,0.0
2026-06-10 08:00:00,F01,TRAP-A,29.25,75.08,12.31,0.0
2026-06-10 08:10:00,F01,TRAP-A,27.1,77.73,16.66,0.0
2026-06-10 08:20:00,F01,TRAP-A,28.36,76.51,16.32,0.0
2026-06-10 08:30:00,F01,TRAP-A,28.83,75.74,11.66,0.0
2026-06-10 08:40:00,F01,TRAP-A,28.04,73.81,12.94,0.0
2026-06-10 08:50:00,F01,TRAP-A,27.39,73.02,11.02,0.0
2026-06-10 09:00:00,F01,TRAP-A,26.3,71.14,12.09,0.0
2026-06-10 09:10:00,F01,TRAP-A,28.98,74.42,14.58,0.0
2026-06-10 09:20:00,F01,TRAP-A,27.97,70.92,11.32,0.0
2026-06-10 09:30:00,F01,TRAP-A,28.94,74.41,10.75,0.0
2026-06-10 09:40:00,F01,TRAP-A,27.98,70.83,12.35,6.71
2026-06-10 09:50:00,F01,TRAP-A,28.94,68.17,12.39,0.0
2026-06-10 10:00:00,F01,TRAP-A,29.35,69.65,13.31,0.0
2026-06-10 10:10:00,F01,TRAP-A,29.71,68.67,14.05,0.0
2026-06-10 10:20:00,F01,TRAP-A,28.76,71.68,13.19,0.0
2026-06-10 10:30:00,F01,TRAP-A,30.77,67.71,15.06,0.0
2026-06-10 10:40:00,F01,TRAP-A,29.48,67.44,10.05,0.0
2026-06-10 10:50:00,F01,TRAP-A,28.77,71.18,11.66,0.0
2026-06-10 11:00:00,F01,TRAP-A,30.16,68.46,10.3,0.0
2026-06-10 11:10:00,F01,TRAP-A,30.4,70.9,18.61,0.0
2026-06-10 11:20:00,F01,TRAP-A,30.63,69.47,10.36,0.0
2026-06-10 11:30:00,F01,TRAP-A,31.71,63.7,18.08,0.0
2026-06-10 11:40:00,F01,TRAP-A,30.55,68.02,12.67,0.0
2026-06-10 11:50:00,F01,TRAP-A,30.75,69.01,11.9,0.0
2026-06-10 12:00:00,F01,TRAP-A,30.06,68.7,9.95,0.0
2026-06-10 12:10:00,F01,TRAP-A,31.69,67.03,9.5,0.0
2026-06-10 12:20:00,F01,TRAP-A,31.26,66.7,9.82,0.0
2026-06-10 12:30:00,F01,TRAP-A,30.85,63.28,8.44,0.0
2026-06-10 12:40:00,F01,TRAP-A,29.73,61.71,14.27,0.0
2026-06-10 12:50:00,F01,TRAP-A,32.47,62.73,11.8,0.0
2026-06-10 13:00:00,F01,TRAP-A,30.39,59.28,11.74,0.0
2026-06-10 13:10:00,F01,TRAP-A,30.94,66.65,8.43,0.0
2026-06-10 13:20:00,F01,TRAP-A,31.73,62.47,6.78,0.0
2026-06-10 13:30:00,F01,TRAP-A,30.51,66.32,9.84,0.0
2026-06-10 13:40:00,F01,TRAP-A,30.29,59.96,7.65,2.27
2026-06-10 13:50:00,F01,TRAP-A,29.8,65.71,12.21,0.0
2026-06-10 14:00:00,F01,TRAP-A,32.08,61.77,10.48,0.0
2026-06-10 14:10:00,F01,TRAP-A,31.05,59.82,6.26,0.0
2026-06-10 14:20:00,F01,TRAP-A,33.82,67.15,8.4,0.0
2026-06-10 14:30:00,F01,TRAP-A,30.65,65.94,9.04,0.0
2026-06-10 14:40:00,F01,TRAP-A,30.68,63.81,7.89,0.0
2026-06-10 14:50:00,F01,TRAP-A,30.92,63.51,7.4,0.0
2026-06-10 15:00:00,F01,TRAP-A,31.52,64.69,5.89,0.0
2026-06-10 15:10:00,F01,TRAP-A,30.89,64.27,5.81,0.0
2026-06-10 15:20:00,F01,TRAP-A,31.69,62.03,9.27,0.0
2026-06-10 15:30:00,F01,TRAP-A,30.34,63.23,4.84,0.0
2026-06-10 15:40:00,F01,TRAP-A,29.93,69.43,9.21,0.0
2026-06-10 15:50:00,F01,TRAP-A,29.51,71.51,6.83,0.0
2026-06-10 16:00:00,F01,TRAP-A,29.07,69.07,12.75,0.0
2026-06-10 16:10:00,F01,TRAP-A,30.33,66.71,22.18,0.0
2026-06-10 16:20:00,F01,TRAP-A,30.39,65.04,7.61,0.0
2026-06-10 16:30:00,F01,TRAP-A,30.01,64.29,5.87,0.0
2026-06-10 16:40:00,F01,TRAP-A,31.38,64.87,6.15,0.0
2026-06-10 16:50:00,F01,TRAP-A,31.24,65.76,4.85,0.0
2026-06-10 17:00:00,F01,TRAP-A,29.85,72.98,4.43,0.0
2026-06-10 17:10:00,F01,TRAP-A,28.54,72.6,6.67,0.0
2026-06-10 17:20:00,F01,TRAP-A,29.37,70.45,8.96,0.0
2026-06-10 17:30:00,F01,TRAP-A,29.19,66.7,4.94,0.0
2026-06-10 17:40:00,F01,TRAP-A,28.98,71.87,5.64,0.0
2026-06-10 17:50:00,F01,TRAP-A,28.78,69.6,6.43,0.0
2026-06-10 18:00:00,F01,TRAP-A,28.65,65.38,11.16,0.0
2026-06-10 18:10:00,F01,TRAP-A,28.69,72.06,4.46,0.0
2026-06-10 18:20:00,F01,TRAP-A,28.31,69.83,4.83,0.0
2026-06-10 18:30:00,F01,TRAP-A,28.81,70.51,11.57,0.0
2026-06-10 18:40:00,F01,TRAP-A,28.74,72.52,4.2,0.0
2026-06-10 18:50:00,F01,TRAP-A,27.54,72.53,7.32,0.0
2026-06-10 19:00:00,F01,TRAP-A,29.1,74.32,7.22,0.0
2026-06-10 19:10:00,F01,TRAP-A,27.1,74.84,5.66,0.0
2026-06-10 19:20:00,F01,TRAP-A,26.4,71.0,6.16,0.0
2026-06-10 19:30:00,F01,TRAP-A,27.8,80.14,10.13,0.0
2026-06-10 19:40:00,F01,TRAP-A,26.65,74.53,4.95,0.0
2026-06-10 19:50:00,F01,TRAP-A,27.36,75.26,5.28,0.0
2026-06-10 20:00:00,F01,TRAP-A,24.99,77.48,6.73,0.0
2026-06-10 20:10:00,F01,TRAP-A,27.83,78.68,6.25,0.0
2026-06-10 20:20:00,F01,TRAP-A,27.06,83.25,7.33,0.0
2026-06-10 20:30:00,F01,TRAP-A,25.12,80.93,12.48,0.0
2026-06-10 20:40:00,F01,TRAP-A,24.95,82.31,12.46,0.0
2026-06-10 20:50:00,F01,TRAP-A,27.28,82.22,5.89,0.0
2026-06-10 21:00:00,F01,TRAP-A,25.16,82.75,6.31,0.0
2026-06-10 21:10:00,F01,TRAP-A,24.89,83.57,5.89,0.0
2026-06-10 21:20:00,F01,TRAP-A,23.56,78.58,13.37,0.0
2026-06-10 21:30:00,F01,TRAP-A,24.92,83.39,7.15,0.0
2026-06-10 21:40:00,F01,TRAP-A,24.84,87.51,7.56,0.0
2026-06-10 21:50:00,F01,TRAP-A,25.42,95.04,10.79,0.0
2026-06-10 22:00:00,F01,TRAP-A,23.55,82.75,8.23,0.0
2026-06-10 22:10:00,F01,TRAP-A,23.29,87.37,6.61,2.96
2026-06-10 22:20:00,F01,TRAP-A,24.71,85.42,8.11,0.0
2026-06-10 22:30:00,F01,TRAP-A,25.0,92.48,9.53,0.0
2026-06-10 22:40:00,F01,TRAP-A,22.78,84.48,10.52,0.0
2026-06-10 22:50:00,F01,TRAP-A,24.76,89.91,9.98,0.0
2026-06-10 23:00:00,F01,TRAP-A,23.79,85.3,7.42,0.0
2026-06-10 23:10:00,F01,TRAP-A,24.5,88.46,8.3,0.0
2026-06-10 23:20:00,F01,TRAP-A,23.44,89.59,11.35,0.0
2026-06-10 23:30:00,F01,TRAP-A,21.36,92.75,13.92,0.0
2026-06-10 23:40:00,F01,TRAP-A,23.14,87.76,7.88,0.0
2026-06-10 23:50:00,F01,TRAP-A,24.01,92.47,8.03,1.86
2026-06-11 00:00:00,F01,TRAP-A,22.34,91.18,11.17,0.0
2026-06-11 00:10:00,F01,TRAP-A,22.66,92.12,10.64,0.0
2026-06-11 00:20:00,F01,TRAP-A,22.74,94.11,8.93,0.0
2026-06-11 00:30:00,F01,TRAP-A,20.49,88.76,10.99,0.0
2026-06-11 00:40:00,F01,TRAP-A,24.08,94.22,19.78,0.0
2026-06-11 00:50:00,F01,TRAP-A,21.96,90.97,11.93,0.0
2026-06-11 01:00:00,F01,TRAP-A,23.04,95.3,10.9,0.0
2026-06-11 01:10:00,F01,TRAP-A,22.52,93.54,14.55,0.0
2026-06-11 01:20:00,F01,TRAP-A,23.56,92.3,10.16,0.0
2026-06-11 01:30:00,F01,TRAP-A,22.85,91.43,11.21,0.0
2026-06-11 01:40:00,F01,TRAP-A,22.32,95.02,12.01,0.0
2026-06-11 01:50:00,F01,TRAP-A,21.79,96.15,12.02,0.0
2026-06-11 02:00:00,F01,TRAP-A,23.14,91.66,17.68,0.0
2026-06-11 02:10:00,F01,TRAP-A,21.01,90.14,11.25,0.0
2026-06-11 02:20:00,F01,TRAP-A,23.04,94.65,10.53,0.0
2026-06-11 02:30:00,F01,TRAP-A,21.67,89.21,17.94,0.0
2026-06-11 02:40:00,F01,TRAP-A,23.59,89.45,11.37,0.0
2026-06-11 02:50:00,F01,TRAP-A,22.76,89.92,12.19,0.0
2026-06-11 03:00:00,F01,TRAP-A,23.19,91.37,13.16,0.0
2026-06-11 03:10:00,F01,TRAP-A,22.8,88.87,22.18,0.0
2026-06-11 03:20:00,F01,TRAP-A,21.4,87.14,13.41,0.0
2026-06-11 03:30:00,F01,TRAP-A,22.19,88.9,13.0,0.0
2026-06-11 03:40:00,F01,TRAP-A,23.5,93.07,13.95,0.0
2026-06-11 03:50:00,F01,TRAP-A,23.18,87.99,22.02,4.9
2026-06-11 04:00:00,F01,TRAP-A,24.09,89.99,16.61,0.0
2026-06-11 04:10:00,F01,TRAP-A,23.58,95.35,12.14,0.0
2026-06-11 04:20:00,F01,TRAP-A,22.59,89.99,16.54,0.0
2026-06-11 04:30:00,F01,TRAP-A,22.85,90.57,17.24,0.0
2026-06-11 04:40:00,F01,TRAP-A,23.69,86.93,15.31,0.0
2026-06-11 04:50:00,F01,TRAP-A,21.89,94.26,15.05,0.0
2026-06-11 05:00:00,F01,TRAP-A,25.22,87.04,13.63,0.0
2026-06-11 05:10:00,F01,TRAP-A,24.38,87.34,15.0,0.0
2026-06-11 05:20:00,F01,TRAP-A,25.16,90.7,15.97,0.0
2026-06-11 05:30:00,F01,TRAP-A,23.07,86.44,12.37,0.0
2026-06-11 05:40:00,F01,TRAP-A,25.49,86.48,12.88,0.0
2026-06-11 05:50:00,F01,TRAP-A,26.44,85.1,12.65,0.0
2026-06-11 06:00:00,F01,TRAP-A,23.77,84.55,17.52,0.0
2026-06-11 06:10:00,F01,TRAP-A,25.62,85.58,15.41,0.0
2026-06-11 06:20:00,F01,TRAP-A,25.18,85.45,13.77,0.0
2026-06-11 06:30:00,F01,TRAP-A,24.13,81.85,17.2,0.0
2026-06-11 06:40:00,F01,TRAP-A,25.94,80.93,15.71,0.0
2026-06-11 06:50:00,F01,TRAP-A,26.4,80.7,19.23,0.0
2026-06-11 07:00:00,F01,TRAP-A,25.44,78.09,12.08,0.0
2026-06-11 07:10:00,F01,TRAP-A,27.05,76.98,13.92,0.0
2026-06-11 07:20:00,F01,TRAP-A,24.97,81.05,15.41,0.0
2026-06-11 07:30:00,F01,TRAP-A,25.31,82.01,12.36,0.0
2026-06-11 07:40:00,F01,TRAP-A,26.81,81.19,12.78,0.0
2026-06-11 07:50:00,F01,TRAP-A,26.91,72.4,13.14,0.0
2026-06-11 08:00:00,F01,TRAP-A,26.52,77.09,16.17,0.0
2026-06-11 08:10:00,F01,TRAP-A,27.93,74.29,13.37,0.0
2026-06-11 08:20:00,F01,TRAP-A,27.91,76.75,13.27,0.0
2026-06-11 08:30:00,F01,TRAP-A,28.36,74.7,12.81,0.0
2026-06-11 08:40:00,F01,TRAP-A,27.77,76.58,11.79,0.0
2026-06-11 08:50:00,F01,TRAP-A,28.54,74.41,18.59,0.0
2026-06-11 09:00:00,F01,TRAP-A,27.9,69.09,11.92,0.0
2026-06-11 09:10:00,F01,TRAP-A,30.08,70.79,13.16,0.0
2026-06-11 09:20:00,F01,TRAP-A,27.97,72.6,10.99,0.0
2026-06-11 09:30:00,F01,TRAP-A,30.49,72.21,12.08,0.0
2026-06-11 09:40:00,F01,TRAP-A,29.01,67.87,17.25,0.0
2026-06-11 09:50:00,F01,TRAP-A,28.06,66.97,26.27,0.0
2026-06-11 10:00:00,F01,TRAP-A,30.42,70.38,11.28,0.0
2026-06-11 10:10:00,F01,TRAP-A,29.59,66.18,10.28,0.0
2026-06-11 10:20:00,F01,TRAP-A,30.34,64.98,10.75,0.0
2026-06-11 10:30:00,F01,TRAP-A,30.79,67.52,10.65,0.0
2026-06-11 10:40:00,F01,TRAP-A,30.23,66.91,12.4,0.0
2026-06-11 10:50:00,F01,TRAP-A,29.63,65.45,11.18,0.0
2026-06-11 11:00:00,F01,TRAP-A,31.03,65.42,13.35,0.0
2026-06-11 11:10:00,F01,TRAP-A,30.38,66.77,12.41,0.0
2026-06-11 11:20:00,F01,TRAP-A,31.05,64.52,9.48,0.0
2026-06-11 11:30:00,F01,TRAP-A,28.9,66.1,13.04,0.0
2026-06-11 11:40:00,F01,TRAP-A,31.09,64.59,13.91,0.0
2026-06-11 11:50:00,F01,TRAP-A,30.33,65.61,10.83,0.0
2026-06-11 12:00:00,F01,TRAP-A,32.26,67.06,15.8,0.0
2026-06-11 12:10:00,F01,TRAP-A,31.53,66.66,12.33,0.0
2026-06-11 12:20:00,F01,TRAP-A,31.31,67.5,10.29,0.0
2026-06-11 12:30:00,F01,TRAP-A,31.58,66.12,14.5,0.0
2026-06-11 12:40:00,F01,TRAP-A,30.46,64.4,9.98,0.0
2026-06-11 12:50:00,F01,TRAP-A,32.62,62.52,9.27,0.0
2026-06-11 13:00:00,F01,TRAP-A,32.96,62.47,8.21,0.0
2026-06-11 13:10:00,F01,TRAP-A,31.73,61.1,13.15,0.0
2026-06-11 13:20:00,F01,TRAP-A,32.72,63.19,6.95,0.0
2026-06-11 13:30:00,F01,TRAP-A,31.02,64.84,8.32,0.0
2026-06-11 13:40:00,F01,TRAP-A,30.85,61.22,8.55,0.0
2026-06-11 13:50:00,F01,TRAP-A,31.53,62.91,8.51,0.0
2026-06-11 14:00:00,F01,TRAP-A,31.85,61.31,9.1,0.0
2026-06-11 14:10:00,F01,TRAP-A,31.18,63.55,7.9,0.0
2026-06-11 14:20:00,F01,TRAP-A,31.9,61.71,6.53,0.0
2026-06-11 14:30:00,F01,TRAP-A,31.69,61.32,11.34,0.0
2026-06-11 14:40:00,F01,TRAP-A,30.62,61.58,8.58,0.0
2026-06-11 14:50:00,F01,TRAP-A,31.79,64.68,11.1,0.0
2026-06-11 15:00:00,F01,TRAP-A,32.01,63.35,6.08,0.0
2026-06-11 15:10:00,F01,TRAP-A,31.4,62.72,8.04,0.0
2026-06-11 15:20:00,F01,TRAP-A,32.12,64.66,8.64,0.0
2026-06-11 15:30:00,F01,TRAP-A,30.15,63.22,6.23,0.0
2026-06-11 15:40:00,F01,TRAP-A,31.41,67.35,9.7,0.0
2026-06-11 15:50:00,F01,TRAP-A,30.01,62.4,4.59,0.0
2026-06-11 16:00:00,F01,TRAP-A,29.96,64.7,7.21,0.0
2026-06-11 16:10:00,F01,TRAP-A,30.24,62.0,7.27,0.0
2026-06-11 16:20:00,F01,TRAP-A,29.88,65.02,6.63,0.0
2026-06-11 16:30:00,F01,TRAP-A,30.08,62.09,7.26,0.0
2026-06-11 16:40:00,F01,TRAP-A,30.22,68.57,4.76,0.0
2026-06-11 16:50:00,F01,TRAP-A,30.93,69.06,7.63,0.0
2026-06-11 17:00:00,F01,TRAP-A,29.86,69.57,5.34,0.0
2026-06-11 17:10:00,F01,TRAP-A,28.7,68.16,5.88,0.0
2026-06-11 17:20:00,F01,TRAP-A,30.73,66.39,5.26,0.0
2026-06-11 17:30:00,F01,TRAP-A,29.0,67.11,5.95,0.0
2026-06-11 17:40:00,F01,TRAP-A,29.46,73.47,6.92,0.0
2026-06-11 17:50:00,F01,TRAP-A,29.7,73.79,9.47,0.0
2026-06-11 18:00:00,F01,TRAP-A,29.33,71.07,5.98,0.0
2026-06-11 18:10:00,F01,TRAP-A,29.87,70.06,5.18,0.0
2026-06-11 18:20:00,F01,TRAP-A,29.2,75.36,6.03,0.0
2026-06-11 18:30:00,F01,TRAP-A,27.95,70.81,7.55,0.0
2026-06-11 18:40:00,F01,TRAP-A,30.2,73.73,5.35,0.0
2026-06-11 18:50:00,F01,TRAP-A,28.42,77.16,5.72,0.0
2026-06-11 19:00:00,F01,TRAP-A,27.96,72.32,6.64,0.0
2026-06-11 19:10:00,F01,TRAP-A,28.66,77.12,5.25,0.0
2026-06-11 19:20:00,F01,TRAP-A,27.89,77.0,4.97,0.0
2026-06-11 19:30:00,F01,TRAP-A,27.82,76.25,4.79,0.0
2026-06-11 19:40:00,F01,TRAP-A,29.29,74.51,5.71,0.0
2026-06-11 19:50:00,F01,TRAP-A,26.88,75.84,4.64,0.0
2026-06-11 20:00:00,F01,TRAP-A,26.65,79.03,7.2,0.0
2026-06-11 20:10:00,F01,TRAP-A,26.81,75.4,5.25,0.0
2026-06-11 20:20:00,F01,TRAP-A,27.37,79.94,6.19,0.0
2026-06-11 20:30:00,F01,TRAP-A,25.12,81.61,5.82,0.0
2026-06-11 20:40:00,F01,TRAP-A,24.56,83.37,7.97,0.0
2026-06-11 20:50:00,F01,TRAP-A,25.47,78.05,10.8,0.0
2026-06-11 21:00:00,F01,TRAP-A,24.44,85.47,8.24,0.0
2026-06-11 21:10:00,F01,TRAP-A,25.22,87.04,7.7,0.0
2026-06-11 21:20:00,F01,TRAP-A,25.78,84.44,8.81,0.0
2026-06-11 21:30:00,F01,TRAP-A,24.48,81.43,5.72,0.0
2026-06-11 21:40:00,F01,TRAP-A,23.87,83.79,6.17,0.0
2026-06-11 21:50:00,F01,TRAP-A,24.9,85.08,6.22,0.0
2026-06-11 22:00:00,F01,TRAP-A,25.36,86.44,6.38,0.0
2026-06-11 22:10:00,F01,TRAP-A,23.15,86.37,7.13,0.0
2026-06-11 22:20:00,F01,TRAP-A,25.0,87.55,8.66,0.0
2026-06-11 22:30:00,F01,TRAP-A,24.84,87.14,6.91,0.0
2026-06-11 22:40:00,F01,TRAP-A,24.8,88.54,14.91,0.0
2026-06-11 22:50:00,F01,TRAP-A,24.87,87.21,12.65,0.0
2026-06-11 23:00:00,F01,TRAP-A,25.52,87.97,17.73,0.0
2026-06-11 23:10:00,F01,TRAP-A,23.34,87.82,7.34,0.0
2026-06-11 23:20:00,F01,TRAP-A,23.58,94.48,13.11,0.0
2026-06-11 23:30:00,F01,TRAP-A,23.04,93.74,12.44,0.0
2026-06-11 23:40:00,F01,TRAP-A,23.26,91.85,14.7,0.0
2026-06-11 23:50:00,F01,TRAP-A,24.38,94.13,10.16,0.0
2026-06-12 00:00:00,F01,TRAP-A,21.98,93.14,12.73,0.0
2026-06-12 00:10:00,F01,TRAP-A,22.28,91.9,8.41,0.0
2026-06-12 00:20:00,F01,TRAP-A,23.99,87.96,8.67,0.0
2026-06-12 00:30:00,F01,TRAP-A,23.62,91.32,8.98,0.0
2026-06-12 00:40:00,F01,TRAP-A,22.45,91.36,16.16,0.0
2026-06-12 00:50:00,F01,TRAP-A,23.37,89.56,9.13,0.0
2026-06-12 01:00:00,F01,TRAP-A,22.9,88.85,9.43,0.0
2026-06-12 01:10:00,F01,TRAP-A,23.79,93.94,17.28,0.0
2026-06-12 01:20:00,F01,TRAP-A,22.61,93.63,9.79,0.0
2026-06-12 01:30:00,F01,TRAP-A,23.35,89.99,15.72,0.0
2026-06-12 01:40:00,F01,TRAP-A,24.62,91.1,14.44,0.0
2026-06-12 01:50:00,F01,TRAP-A,22.98,95.9,10.04,0.0
2026-06-12 02:00:00,F01,TRAP-A,22.54,90.8,10.14,0.0
2026-06-12 02:10:00,F01,TRAP-A,23.09,93.4,12.51,0.0
2026-06-12 02:20:00,F01,TRAP-A,22.23,92.44,27.97,0.0
2026-06-12 02:30:00,F01,TRAP-A,24.46,94.09,16.83,0.0
2026-06-12 02:40:00,F01,TRAP-A,22.73,90.58,11.75,0.0
2026-06-12 02:50:00,F01,TRAP-A,22.41,92.8,12.23,0.0
2026-06-12 03:00:00,F01,TRAP-A,22.01,92.83,12.36,0.0
2026-06-12 03:10:00,F01,TRAP-A,23.61,92.79,14.98,0.0
2026-06-12 03:20:00,F01,TRAP-A,23.5,92.19,12.37,0.0
2026-06-12 03:30:00,F01,TRAP-A,22.48,92.6,11.7,0.0
2026-06-12 03:40:00,F01,TRAP-A,23.42,96.94,15.45,0.0
2026-06-12 03:50:00,F01,TRAP-A,21.84,97.56,13.25,0.0
2026-06-12 04:00:00,F01,TRAP-A,23.3,89.24,11.74,0.0
2026-06-12 04:10:00,F01,TRAP-A,23.62,84.69,16.27,0.0
2026-06-12 04:20:00,F01,TRAP-A,24.73,91.6,14.3,0.0
2026-06-12 04:30:00,F01,TRAP-A,22.87,90.18,13.74,0.0
2026-06-12 04:40:00,F01,TRAP-A,22.59,91.94,15.14,0.0
2026-06-12 04:50:00,F01,TRAP-A,23.03,89.56,13.95,0.0
2026-06-12 05:00:00,F01,TRAP-A,22.81,88.53,15.02,0.0
2026-06-12 05:10:00,F01,TRAP-A,25.1,90.73,17.99,0.0
2026-06-12 05:20:00,F01,TRAP-A,25.42,90.58,14.8,0.0
2026-06-12 05:30:00,F01,TRAP-A,24.59,83.42,15.21,0.0
2026-06-12 05:40:00,F01,TRAP-A,25.47,84.31,14.85,0.0
2026-06-12 05:50:00,F01,TRAP-A,24.77,85.53,14.27,0.0
2026-06-12 06:00:00,F01,TRAP-A,24.75,85.48,12.57,0.0
2026-06-12 06:10:00,F01,TRAP-A,24.74,84.09,13.22,0.0
2026-06-12 06:20:00,F01,TRAP-A,24.93,85.14,15.52,0.0
2026-06-12 06:30:00,F01,TRAP-A,24.13,85.95,13.62,0.0
2026-06-12 06:40:00,F01,TRAP-A,25.76,87.15,13.49,0.0
2026-06-12 06:50:00,F01,TRAP-A,25.7,83.66,16.16,0.0
2026-06-12 07:00:00,F01,TRAP-A,26.52,79.45,11.86,0.0
2026-06-12 07:10:00,F01,TRAP-A,26.19,80.58,15.2,0.0
2026-06-12 07:20:00,F01,TRAP-A,26.18,80.11,13.75,1.28
2026-06-12 07:30:00,F01,TRAP-A,25.81,80.94,13.08,0.0
2026-06-12 07:40:00,F01,TRAP-A,26.76,79.97,12.84,0.0
2026-06-12 07:50:00,F01,TRAP-A,27.49,83.47,12.08,0.0
2026-06-12 08:00:00,F01,TRAP-A,26.18,76.54,12.64,0.0
2026-06-12 08:10:00,F01,TRAP-A,27.36,78.0,12.82,0.0
2026-06-12 08:20:00,F01,TRAP-A,27.67,82.27,12.95,0.0
2026-06-12 08:30:00,F01,TRAP-A,27.1,74.27,14.47,0.0
2026-06-12 08:40:00,F01,TRAP-A,27.4,75.46,12.82,0.0
2026-06-12 08:50:00,F01,TRAP-A,28.25,72.09,15.67,3.5
2026-06-12 09:00:00,F01,TRAP-A,27.35,74.03,13.83,0.0
2026-06-12 09:10:00,F01,TRAP-A,28.72,71.25,11.27,0.0
2026-06-12 09:20:00,F01,TRAP-A,27.91,75.2,11.48,0.0
2026-06-12 09:30:00,F01,TRAP-A,29.66,72.34,10.62,0.0
2026-06-12 09:40:00,F01,TRAP-A,30.86,69.04,18.97,0.0
2026-06-12 09:50:00,F01,TRAP-A,28.47,72.9,16.61,0.0
2026-06-12 10:00:00,F01,TRAP-A,29.76,70.68,10.19,0.0
2026-06-12 10:10:00,F01,TRAP-A,28.91,72.06,12.33,0.0
2026-06-12 10:20:00,F01,TRAP-A,30.49,66.28,19.3,0.0
2026-06-12 10:30:00,F01,TRAP-A,28.8,69.55,13.58,0.0
2026-06-12 10:40:00,F01,TRAP-A,30.35,70.06,11.32,0.0
2026-06-12 10:50:00,F01,TRAP-A,29.41,66.58,9.95,0.0
2026-06-12 11:00:00,F01,TRAP-A,30.08,64.03,9.94,0.0
2026-06-12 11:10:00,F01,TRAP-A,29.55,66.63,12.78,0.0
2026-06-12 11:20:00,F01,TRAP-A,31.16,69.38,13.16,0.0
2026-06-12 11:30:00,F01,TRAP-A,29.96,68.73,10.7,0.0
2026-06-12 11:40:00,F01,TRAP-A,31.18,64.47,8.65,0.0
2026-06-12 11:50:00,F01,TRAP-A,30.57,61.98,16.24,0.0
2026-06-12 12:00:00,F01,TRAP-A,30.85,63.78,13.51,0.0
2026-06-12 12:10:00,F01,TRAP-A,31.15,63.38,8.2,0.0
2026-06-12 12:20:00,F01,TRAP-A,30.51,65.39,7.74,0.0
2026-06-12 12:30:00,F01,TRAP-A,31.36,63.76,9.7,0.0
2026-06-12 12:40:00,F01,TRAP-A,32.48,61.92,8.23,0.0
2026-06-12 12:50:00,F01,TRAP-A,30.7,66.36,8.05,0.0
2026-06-12 13:00:00,F01,TRAP-A,32.31,63.79,7.16,0.0
2026-06-12 13:10:00,F01,TRAP-A,32.61,64.38,15.92,0.0
2026-06-12 13:20:00,F01,TRAP-A,30.79,58.86,11.87,0.0
2026-06-12 13:30:00,F01,TRAP-A,30.31,57.03,6.76,0.0
2026-06-12 13:40:00,F01,TRAP-A,31.73,59.44,12.51,0.0
2026-06-12 13:50:00,F01,TRAP-A,31.06,61.8,9.53,0.0
2026-06-12 14:00:00,F01,TRAP-A,32.99,64.44,7.11,0.0
2026-06-12 14:10:00,F01,TRAP-A,31.52,57.18,11.93,0.0
2026-06-12 14:20:00,F01,TRAP-A,30.83,67.07,8.37,0.0
2026-06-12 14:30:00,F01,TRAP-A,30.53,63.6,11.16,0.0
2026-06-12 14:40:00,F01,TRAP-A,32.29,66.69,7.27,0.0
2026-06-12 14:50:00,F01,TRAP-A,30.92,61.21,7.32,0.0
2026-06-12 15:00:00,F01,TRAP-A,31.36,64.85,6.15,0.0
2026-06-12 15:10:00,F01,TRAP-A,32.03,64.0,6.47,0.0
2026-06-12 15:20:00,F01,TRAP-A,30.81,66.06,7.4,0.0
2026-06-12 15:30:00,F01,TRAP-A,31.08,63.68,13.59,0.0
2026-06-12 15:40:00,F01,TRAP-A,31.02,65.72,7.43,0.0
2026-06-12 15:50:00,F01,TRAP-A,31.49,67.6,5.06,0.0
2026-06-12 16:00:00,F01,TRAP-A,31.32,63.54,4.52,0.0
2026-06-12 16:10:00,F01,TRAP-A,30.57,66.12,10.13,0.0
2026-06-12 16:20:00,F01,TRAP-A,30.68,61.17,5.7,0.0
2026-06-12 16:30:00,F01,TRAP-A,30.22,68.05,5.41,0.0
2026-06-12 16:40:00,F01,TRAP-A,29.2,71.6,9.05,0.0
2026-06-12 16:50:00,F01,TRAP-A,30.46,64.04,12.88,0.0
2026-06-12 17:00:00,F01,TRAP-A,31.63,67.39,8.25,0.0
2026-06-12 17:10:00,F01,TRAP-A,29.26,70.3,4.65,0.0
2026-06-12 17:20:00,F01,TRAP-A,29.2,68.68,5.54,0.0
2026-06-12 17:30:00,F01,TRAP-A,28.97,69.53,8.3,0.0
2026-06-12 17:40:00,F01,TRAP-A,30.08,68.68,11.13,0.0
2026-06-12 17:50:00,F01,TRAP-A,29.7,69.13,23.72,0.0
2026-06-12 18:00:00,F01,TRAP-A,29.04,70.55,6.15,1.62
2026-06-12 18:10:00,F01,TRAP-A,28.26,71.46,9.2,0.0
2026-06-12 18:20:00,F01,TRAP-A,28.89,68.99,4.17,0.0
2026-06-12 18:30:00,F01,TRAP-A,27.38,72.38,5.06,0.0
2026-06-12 18:40:00,F01,TRAP-A,28.57,77.08,5.47,0.0
2026-06-12 18:50:00,F01,TRAP-A,28.96,72.74,15.24,0.0
2026-06-12 19:00:00,F01,TRAP-A,27.07,71.33,4.17,0.0
2026-06-12 19:10:00,F01,TRAP-A,26.66,74.68,5.32,0.0
2026-06-12 19:20:00,F01,TRAP-A,28.95,73.92,12.27,0.0
2026-06-12 19:30:00,F01,TRAP-A,27.01,73.01,5.44,0.0
2026-06-12 19:40:00,F01,TRAP-A,28.21,77.35,5.18,0.0
2026-06-12 19:50:00,F01,TRAP-A,26.98,75.88,8.42,0.0
2026-06-12 20:00:00,F01,TRAP-A,26.78,76.75,8.68,0.0
2026-06-12 20:10:00,F01,TRAP-A,27.06,79.35,6.59,0.0
2026-06-12 20:20:00,F01,TRAP-A,25.81,75.78,13.58,0.0
2026-06-12 20:30:00,F01,TRAP-A,26.43,75.91,5.56,0.0
2026-06-12 20:40:00,F01,TRAP-A,25.82,82.59,12.33,0.0
2026-06-12 20:50:00,F01,TRAP-A,24.88,76.72,9.33,0.0
2026-06-12 21:00:00,F01,TRAP-A,26.02,79.74,6.61,0.0
2026-06-12 21:10:00,F01,TRAP-A,25.35,78.31,10.29,0.0
2026-06-12 21:20:00,F01,TRAP-A,25.25,82.21,5.92,0.0
2026-06-12 21:30:00,F01,TRAP-A,24.22,85.1,6.05,0.0
2026-06-12 21:40:00,F01,TRAP-A,26.29,84.9,13.75,0.0
2026-06-12 21:50:00,F01,TRAP-A,25.54,91.18,6.22,0.0
2026-06-12 22:00:00,F01,TRAP-A,25.44,88.49,6.08,0.0
2026-06-12 22:10:00,F01,TRAP-A,24.26,83.99,7.71,0.0
2026-06-12 22:20:00,F01,TRAP-A,22.96,83.86,6.71,0.0
2026-06-12 22:30:00,F01,TRAP-A,25.75,94.14,12.51,0.0
2026-06-12 22:40:00,F01,TRAP-A,23.99,90.54,14.39,0.0
2026-06-12 22:50:00,F01,TRAP-A,23.29,89.84,8.85,0.0
2026-06-12 23:00:00,F01,TRAP-A,24.09,89.01,8.71,0.0
2026-06-12 23:10:00,F01,TRAP-A,24.55,89.95,9.54,0.0
2026-06-12 23:20:00,F01,TRAP-A,23.47,85.98,8.16,0.0
2026-06-12 23:30:00,F01,TRAP-A,24.4,90.48,8.62,0.0
2026-06-12 23:40:00,F01,TRAP-A,24.13,90.64,8.05,0.0
2026-06-12 23:50:00,F01,TRAP-A,22.29,88.56,9.68,0.0
2026-06-13 00:00:00,F01,TRAP-A,22.52,89.8,10.92,0.0
2026-06-13 00:10:00,F01,TRAP-A,23.73,95.23,16.25,0.0
2026-06-13 00:20:00,F01,TRAP-A,20.71,91.41,12.46,0.0
2026-06-13 00:30:00,F01,TRAP-A,22.69,97.15,12.46,0.0
2026-06-13 00:40:00,F01,TRAP-A,21.6,87.85,9.88,0.0
2026-06-13 00:50:00,F01,TRAP-A,22.3,91.09,15.52,0.0
2026-06-13 01:00:00,F01,TRAP-A,22.39,88.7,17.93,0.0
2026-06-13 01:10:00,F01,TRAP-A,22.3,89.69,17.36,0.0
2026-06-13 01:20:00,F01,TRAP-A,22.11,90.75,9.56,0.0
2026-06-13 01:30:00,F01,TRAP-A,21.65,93.7,12.39,0.0
2026-06-13 01:40:00,F01,TRAP-A,24.34,93.63,12.86,0.0
2026-06-13 01:50:00,F01,TRAP-A,24.0,91.3,10.97,0.0
2026-06-13 02:00:00,F01,TRAP-A,21.57,87.43,24.72,0.0
2026-06-13 02:10:00,F01,TRAP-A,23.78,96.66,11.25,0.0
2026-06-13 02:20:00,F01,TRAP-A,22.21,92.2,11.09,0.0
2026-06-13 02:30:00,F01,TRAP-A,22.66,90.04,12.49,0.0
2026-06-13 02:40:00,F01,TRAP-A,22.54,93.4,11.81,0.0
2026-06-13 02:50:00,F01,TRAP-A,22.1,93.08,18.5,0.0
2026-06-13 03:00:00,F01,TRAP-A,23.47,91.6,12.63,0.0
2026-06-13 03:10:00,F01,TRAP-A,22.84,92.58,12.59,0.0
2026-06-13 03:20:00,F01,TRAP-A,22.42,89.1,14.07,0.0
2026-06-13 03:30:00,F01,TRAP-A,21.84,93.63,11.48,0.0
2026-06-13 03:40:00,F01,TRAP-A,22.25,88.97,15.56,0.0
2026-06-13 03:50:00,F01,TRAP-A,21.74,89.64,15.81,0.0
2026-06-13 04:00:00,F01,TRAP-A,23.16,92.45,13.43,0.0
2026-06-13 04:10:00,F01,TRAP-A,22.3,93.49,20.94,0.0
2026-06-13 04:20:00,F01,TRAP-A,23.16,94.07,14.26,0.0
2026-06-13 04:30:00,F01,TRAP-A,24.58,92.35,15.29,0.0
2026-06-13 04:40:00,F01,TRAP-A,24.57,88.48,19.53,0.0
2026-06-13 04:50:00,F01,TRAP-A,23.72,84.99,15.13,0.0
2026-06-13 05:00:00,F01,TRAP-A,23.82,91.89,13.58,0.0
2026-06-13 05:10:00,F01,TRAP-A,25.53,91.33,12.0,0.0
2026-06-13 05:20:00,F01,TRAP-A,24.6,85.72,15.86,0.0
2026-06-13 05:30:00,F01,TRAP-A,24.07,89.18,22.02,0.0
2026-06-13 05:40:00,F01,TRAP-A,23.36,85.51,13.9,0.0
2026-06-13 05:50:00,F01,TRAP-A,24.98,89.55,13.24,0.0
2026-06-13 06:00:00,F01,TRAP-A,25.5,83.94,14.2,0.0
2026-06-13 06:10:00,F01,TRAP-A,24.5,89.59,15.9,0.0
2026-06-13 06:20:00,F01,TRAP-A,25.42,86.02,11.98,0.0
2026-06-13 06:30:00,F01,TRAP-A,25.07,87.94,18.5,0.0
2026-06-13 06:40:00,F01,TRAP-A,25.4,81.67,18.45,0.0
2026-06-13 06:50:00,F01,TRAP-A,23.75,83.22,14.22,0.0
2026-06-13 07:00:00,F01,TRAP-A,25.75,79.15,12.23,0.0
2026-06-13 07:10:00,F01,TRAP-A,26.89,83.05,15.13,0.0
2026-06-13 07:20:00,F01,TRAP-A,25.81,82.54,12.17,0.0
2026-06-13 07:30:00,F01,TRAP-A,26.55,85.64,13.79,0.0
2026-06-13 07:40:00,F01,TRAP-A,26.1,80.2,11.88,0.0
2026-06-13 07:50:00,F01,TRAP-A,27.19,80.15,14.18,0.0
2026-06-13 08:00:00,F01,TRAP-A,26.92,76.51,12.57,0.0
2026-06-13 08:10:00,F01,TRAP-A,26.54,78.38,16.66,0.0
2026-06-13 08:20:00,F01,TRAP-A,28.55,75.43,16.06,0.0
2026-06-13 08:30:00,F01,TRAP-A,28.42,76.02,30.0,0.0
2026-06-13 08:40:00,F01,TRAP-A,27.39,75.52,11.9,0.0
2026-06-13 08:50:00,F01,TRAP-A,28.46,73.57,11.08,0.0
2026-06-13 09:00:00,F01,TRAP-A,28.69,73.97,12.52,0.0
2026-06-13 09:10:00,F01,TRAP-A,28.96,72.25,10.9,0.0
2026-06-13 09:20:00,F01,TRAP-A,27.27,71.63,11.1,0.0
2026-06-13 09:30:00,F01,TRAP-A,29.61,74.66,13.1,0.0
2026-06-13 09:40:00,F01,TRAP-A,28.53,71.81,12.92,0.0
2026-06-13 09:50:00,F01,TRAP-A,28.88,71.66,10.21,0.0
2026-06-13 10:00:00,F01,TRAP-A,31.44,66.58,11.68,0.0
2026-06-13 10:10:00,F01,TRAP-A,29.74,70.73,12.04,0.0
2026-06-13 10:20:00,F01,TRAP-A,29.35,70.47,10.55,0.0
2026-06-13 10:30:00,F01,TRAP-A,28.05,67.62,15.62,0.0
2026-06-13 10:40:00,F01,TRAP-A,31.08,73.33,9.82,0.0
2026-06-13 10:50:00,F01,TRAP-A,29.03,61.91,10.0,0.0
2026-06-13 11:00:00,F01,TRAP-A,29.45,69.13,9.47,0.0
2026-06-13 11:10:00,F01,TRAP-A,30.12,68.51,9.16,0.0
2026-06-13 11:20:00,F01,TRAP-A,31.64,67.66,14.95,0.0
2026-06-13 11:30:00,F01,TRAP-A,31.25,66.35,9.41,0.0
2026-06-13 11:40:00,F01,TRAP-A,30.61,66.91,12.11,0.0
2026-06-13 11:50:00,F01,TRAP-A,31.09,67.35,9.77,0.0
2026-06-13 12:00:00,F01,TRAP-A,30.46,63.04,10.95,0.0
2026-06-13 12:10:00,F01,TRAP-A,31.15,65.3,15.64,0.0
2026-06-13 12:20:00,F01,TRAP-A,31.18,63.82,13.15,0.0
2026-06-13 12:30:00,F01,TRAP-A,31.97,61.29,7.61,0.0
2026-06-13 12:40:00,F01,TRAP-A,32.03,65.59,12.82,0.0
2026-06-13 12:50:00,F01,TRAP-A,31.71,62.19,8.86,0.0
2026-06-13 13:00:00,F01,TRAP-A,31.08,59.69,8.18,0.0
2026-06-13 13:10:00,F01,TRAP-A,32.01,61.94,10.06,0.0
2026-06-13 13:20:00,F01,TRAP-A,31.37,61.18,15.55,0.0
2026-06-13 13:30:00,F01,TRAP-A,30.61,65.66,6.69,0.0
2026-06-13 13:40:00,F01,TRAP-A,31.17,63.42,10.62,0.0
2026-06-13 13:50:00,F01,TRAP-A,31.57,66.46,6.76,0.0
2026-06-13 14:00:00,F01,TRAP-A,32.23,61.34,7.36,0.0
2026-06-13 14:10:00,F01,TRAP-A,31.34,65.22,11.99,0.0
2026-06-13 14:20:00,F01,TRAP-A,30.51,70.19,8.0,0.0
2026-06-13 14:30:00,F01,TRAP-A,31.49,64.06,5.71,0.0
2026-06-13 14:40:00,F01,TRAP-A,31.5,65.44,7.49,0.0
2026-06-13 14:50:00,F01,TRAP-A,31.52,65.16,9.91,0.0
2026-06-13 15:00:00,F01,TRAP-A,32.06,60.04,7.37,0.0
2026-06-13 15:10:00,F01,TRAP-A,32.08,65.26,5.54,0.0
2026-06-13 15:20:00,F01,TRAP-A,30.72,64.78,6.65,0.0
2026-06-13 15:30:00,F01,TRAP-A,30.63,63.62,12.52,0.0
2026-06-13 15:40:00,F01,TRAP-A,30.21,62.33,7.9,0.0
2026-06-13 15:50:00,F01,TRAP-A,31.51,66.58,8.51,1.29
2026-06-13 16:00:00,F01,TRAP-A,32.01,62.74,9.12,0.0
2026-06-13 16:10:00,F01,TRAP-A,30.49,70.86,4.7,0.07
2026-06-13 16:20:00,F01,TRAP-A,30.44,66.18,6.95,0.0
2026-06-13 16:30:00,F01,TRAP-A,31.68,63.24,5.69,0.0
2026-06-13 16:40:00,F01,TRAP-A,30.79,65.43,4.66,0.0
2026-06-13 16:50:00,F01,TRAP-A,30.6,66.46,4.84,0.0
2026-06-13 17:00:00,F01,TRAP-A,29.16,73.65,8.67,0.0
2026-06-13 17:10:00,F01,TRAP-A,30.51,65.89,4.61,0.0
2026-06-13 17:20:00,F01,TRAP-A,29.08,68.31,5.17,0.0
2026-06-13 17:30:00,F01,TRAP-A,28.76,67.78,5.03,0.0
2026-06-13 17:40:00,F01,TRAP-A,29.22,70.91,4.16,0.0
2026-06-13 17:50:00,F01,TRAP-A,28.87,68.91,5.86,0.0
2026-06-13 18:00:00,F01,TRAP-A,28.99,67.93,8.36,0.0
2026-06-13 18:10:00,F01,TRAP-A,27.84,70.87,4.08,0.0
2026-06-13 18:20:00,F01,TRAP-A,29.58,71.2,4.38,0.39
2026-06-13 18:30:00,F01,TRAP-A,29.54,71.07,7.87,0.0
2026-06-13 18:40:00,F01,TRAP-A,26.89,71.82,6.78,0.0
2026-06-13 18:50:00,F01,TRAP-A,29.04,76.76,7.88,0.0
2026-06-13 19:00:00,F01,TRAP-A,27.42,73.63,4.94,0.0
2026-06-13 19:10:00,F01,TRAP-A,28.57,72.23,9.1,0.0
2026-06-13 19:20:00,F01,TRAP-A,27.63,74.55,6.23,0.0
2026-06-13 19:30:00,F01,TRAP-A,27.52,76.49,7.16,0.0
2026-06-13 19:40:00,F01,TRAP-A,27.15,73.67,4.7,0.0
2026-06-13 19:50:00,F01,TRAP-A,28.07,81.73,5.18,0.0
2026-06-13 20:00:00,F01,TRAP-A,25.91,80.49,9.03,0.0
2026-06-13 20:10:00,F01,TRAP-A,27.19,82.55,5.43,0.0
2026-06-13 20:20:00,F01,TRAP-A,27.39,80.61,5.06,0.0
2026-06-13 20:30:00,F01,TRAP-A,26.89,75.04,7.61,0.0
2026-06-13 20:40:00,F01,TRAP-A,27.98,84.76,7.37,0.0
2026-06-13 20:50:00,F01,TRAP-A,25.51,79.4,7.92,0.0
2026-06-13 21:00:00,F01,TRAP-A,26.51,80.23,8.12,0.0
2026-06-13 21:10:00,F01,TRAP-A,25.47,83.2,7.44,0.0
2026-06-13 21:20:00,F01,TRAP-A,26.36,86.87,7.54,0.0
2026-06-13 21:30:00,F01,TRAP-A,25.18,86.67,13.37,0.0
2026-06-13 21:40:00,F01,TRAP-A,24.7,86.89,8.07,0.0
2026-06-13 21:50:00,F01,TRAP-A,25.88,84.43,8.8,0.0
2026-06-13 22:00:00,F01,TRAP-A,24.27,84.96,7.01,0.0
2026-06-13 22:10:00,F01,TRAP-A,23.37,87.19,12.37,0.0
2026-06-13 22:20:00,F01,TRAP-A,23.93,86.54,6.46,0.0
2026-06-13 22:30:00,F01,TRAP-A,24.68,89.61,8.99,0.0
2026-06-13 22:40:00,F01,TRAP-A,25.15,89.96,8.17,0.0
2026-06-13 22:50:00,F01,TRAP-A,23.98,89.85,9.66,0.0
2026-06-13 23:00:00,F01,TRAP-A,24.81,82.52,8.39,0.0
2026-06-13 23:10:00,F01,TRAP-A,22.53,89.59,11.01,0.0
2026-06-13 23:20:00,F01,TRAP-A,23.14,89.42,7.45,0.0
2026-06-13 23:30:00,F01,TRAP-A,23.14,90.51,9.12,0.0
2026-06-13 23:40:00,F01,TRAP-A,23.17,88.58,13.07,0.0
2026-06-13 23:50:00,F01,TRAP-A,23.22,87.51,8.77,0.0
2026-06-14 00:00:00,F01,TRAP-A,23.61,92.31,8.25,0.0
2026-06-14 00:10:00,F01,TRAP-A,22.61,90.56,10.32,0.0
2026-06-14 00:20:00,F01,TRAP-A,22.99,93.16,19.69,2.17
2026-06-14 00:30:00,F01,TRAP-A,22.77,90.3,8.81,0.0
2026-06-14 00:40:00,F01,TRAP-A,22.0,95.74,9.0,0.0
2026-06-14 00:50:00,F01,TRAP-A,22.59,94.9,11.66,0.0
2026-06-14 01:00:00,F01,TRAP-A,22.51,93.31,9.98,0.0
2026-06-14 01:10:00,F01,TRAP-A,22.45,92.18,10.87,0.0
2026-06-14 01:20:00,F01,TRAP-A,22.58,94.96,14.77,0.0
2026-06-14 01:30:00,F01,TRAP-A,22.59,93.89,10.27,0.0
2026-06-14 01:40:00,F01,TRAP-A,22.16,93.56,13.58,0.0
2026-06-14 01:50:00,F01,TRAP-A,23.52,95.6,12.03,0.0
2026-06-14 02:00:00,F01,TRAP-A,21.57,96.56,17.13,0.0
2026-06-14 02:10:00,F01,TRAP-A,21.93,89.84,21.05,0.0
2026-06-14 02:20:00,F01,TRAP-A,24.75,90.29,12.35,0.1
2026-06-14 02:30:00,F01,TRAP-A,21.72,90.88,13.14,1.69
2026-06-14 02:40:00,F01,TRAP-A,21.5,88.96,14.75,0.0
2026-06-14 02:50:00,F01,TRAP-A,23.22,92.41,11.92,0.0
2026-06-14 03:00:00,F01,TRAP-A,21.02,93.9,11.66,0.0
2026-06-14 03:10:00,F01,TRAP-A,22.55,92.15,21.04,0.0
2026-06-14 03:20:00,F01,TRAP-A,24.52,90.65,12.82,0.0
2026-06-14 03:30:00,F01,TRAP-A,21.64,94.55,11.23,0.0
2026-06-14 03:40:00,F01,TRAP-A,21.38,91.81,16.78,0.0
2026-06-14 03:50:00,F01,TRAP-A,21.85,92.01,14.17,0.0
2026-06-14 04:00:00,F01,TRAP-A,23.87,93.71,12.06,0.0
2026-06-14 04:10:00,F01,TRAP-A,24.16,90.17,11.68,0.0
2026-06-14 04:20:00,F01,TRAP-A,22.96,95.25,12.69,0.0
2026-06-14 04:30:00,F01,TRAP-A,24.04,88.58,19.62,0.0
2026-06-14 04:40:00,F01,TRAP-A,24.73,94.28,19.92,0.0
2026-06-14 04:50:00,F01,TRAP-A,25.18,86.4,12.96,0.0
2026-06-14 05:00:00,F01,TRAP-A,23.69,89.67,17.31,0.0
2026-06-14 05:10:00,F01,TRAP-A,22.19,86.29,13.67,0.0
2026-06-14 05:20:00,F01,TRAP-A,23.53,90.19,15.14,0.0
2026-06-14 05:30:00,F01,TRAP-A,24.0,85.68,13.2,0.0
2026-06-14 05:40:00,F01,TRAP-A,24.29,87.07,14.17,0.0
2026-06-14 05:50:00,F01,TRAP-A,24.51,84.16,13.04,0.0
2026-06-14 06:00:00,F01,TRAP-A,25.73,87.56,12.19,0.0
2026-06-14 06:10:00,F01,TRAP-A,26.03,83.0,12.44,0.0
2026-06-14 06:20:00,F01,TRAP-A,25.05,88.25,13.01,0.0
2026-06-14 06:30:00,F01,TRAP-A,26.25,80.95,23.17,0.0
2026-06-14 06:40:00,F01,TRAP-A,25.84,79.46,22.04,0.0
2026-06-14 06:50:00,F01,TRAP-A,25.79,84.58,17.16,0.0
2026-06-14 07:00:00,F01,TRAP-A,26.65,80.09,12.63,0.0
2026-06-14 07:10:00,F01,TRAP-A,26.18,80.91,13.54,0.0
2026-06-14 07:20:00,F01,TRAP-A,27.96,79.48,13.47,0.0
2026-06-14 07:30:00,F01,TRAP-A,25.36,76.36,13.13,0.0
2026-06-14 07:40:00,F01,TRAP-A,26.29,78.79,11.73,0.0
2026-06-14 07:50:00,F01,TRAP-A,26.8,81.49,13.8,0.0
2026-06-14 08:00:00,F01,TRAP-A,27.45,80.19,11.65,0.0
2026-06-14 08:10:00,F01,TRAP-A,28.31,77.6,16.18,0.0
2026-06-14 08:20:00,F01,TRAP-A,27.47,79.15,14.75,0.0
2026-06-14 08:30:00,F01,TRAP-A,26.55,73.07,12.43,0.0
2026-06-14 08:40:00,F01,TRAP-A,28.55,74.26,14.13,0.0
2026-06-14 08:50:00,F01,TRAP-A,28.67,75.43,11.69,0.0
2026-06-14 09:00:00,F01,TRAP-A,26.7,73.48,11.69,0.0
2026-06-14 09:10:00,F01,TRAP-A,28.44,72.57,11.77,0.0
2026-06-14 09:20:00,F01,TRAP-A,27.36,69.57,15.29,0.0
2026-06-14 09:30:00,F01,TRAP-A,28.28,66.76,11.08,0.0
2026-06-14 09:40:00,F01,TRAP-A,28.27,73.41,12.71,0.0
2026-06-14 09:50:00,F01,TRAP-A,29.81,71.4,10.75,0.0
2026-06-14 10:00:00,F01,TRAP-A,29.43,72.48,10.93,0.0
2026-06-14 10:10:00,F01,TRAP-A,28.47,68.58,10.58,0.0
2026-06-14 10:20:00,F01,TRAP-A,30.36,67.35,12.72,0.0
2026-06-14 10:30:00,F01,TRAP-A,28.67,68.63,11.7,0.0
2026-06-14 10:40:00,F01,TRAP-A,30.23,70.25,13.12,0.0
2026-06-14 10:50:00,F01,TRAP-A,29.46,67.05,9.87,0.0
2026-06-14 11:00:00,F01,TRAP-A,29.96,69.17,8.98,0.0
2026-06-14 11:10:00,F01,TRAP-A,30.79,64.21,12.2,0.0
2026-06-14 11:20:00,F01,TRAP-A,30.93,65.9,8.98,0.0
2026-06-14 11:30:00,F01,TRAP-A,31.7,65.73,9.28,0.0
2026-06-14 11:40:00,F01,TRAP-A,30.68,68.6,9.36,0.0
2026-06-14 11:50:00,F01,TRAP-A,31.09,65.7,12.21,0.0
2026-06-14 12:00:00,F01,TRAP-A,30.59,69.22,10.86,0.0
2026-06-14 12:10:00,F01,TRAP-A,31.18,61.18,8.35,0.0
2026-06-14 12:20:00,F01,TRAP-A,31.47,64.6,10.3,0.0
2026-06-14 12:30:00,F01,TRAP-A,31.12,64.47,11.09,0.0
2026-06-14 12:40:00,F01,TRAP-A,29.82,65.35,8.7,0.0
2026-06-14 12:50:00,F01,TRAP-A,31.59,61.57,7.9,0.0
2026-06-14 13:00:00,F01,TRAP-A,31.66,67.64,10.29,0.0
2026-06-14 13:10:00,F01,TRAP-A,30.87,63.32,9.55,0.0
2026-06-14 13:20:00,F01,TRAP-A,30.42,60.46,6.79,0.0
2026-06-14 13:30:00,F01,TRAP-A,32.65,63.05,9.69,0.0
2026-06-14 13:40:00,F01,TRAP-A,31.88,62.25,8.24,0.0
2026-06-14 13:50:00,F01,TRAP-A,31.32,69.96,10.28,0.78
2026-06-14 14:00:00,F01,TRAP-A,30.59,65.63,6.56,0.0
2026-06-14 14:10:00,F01,TRAP-A,30.83,63.16,6.67,0.0
2026-06-14 14:20:00,F01,TRAP-A,32.52,62.81,7.99,0.0
2026-06-14 14:30:00,F01,TRAP-A,31.56,65.55,7.47,0.0
2026-06-14 14:40:00,F01,TRAP-A,30.97,65.78,6.83,0.0
2026-06-14 14:50:00,F01,TRAP-A,31.78,56.15,9.35,0.0
2026-06-14 15:00:00,F01,TRAP-A,30.67,65.21,7.61,0.0
2026-06-14 15:10:00,F01,TRAP-A,32.46,63.87,8.71,0.0
2026-06-14 15:20:00,F01,TRAP-A,32.28,60.74,5.38,0.0
2026-06-14 15:30:00,F01,TRAP-A,30.75,66.47,8.69,0.0
2026-06-14 15:40:00,F01,TRAP-A,30.53,70.16,6.53,0.0
2026-06-14 15:50:00,F01,TRAP-A,28.85,66.24,4.68,0.0
2026-06-14 16:00:00,F01,TRAP-A,29.66,67.93,5.3,0.0
2026-06-14 16:10:00,F01,TRAP-A,29.67,70.04,4.49,0.0
2026-06-14 16:20:00,F01,TRAP-A,30.74,63.83,6.17,0.0
2026-06-14 16:30:00,F01,TRAP-A,30.25,61.66,5.46,0.0
2026-06-14 16:40:00,F01,TRAP-A,29.31,68.36,17.35,0.0
2026-06-14 16:50:00,F01,TRAP-A,30.03,66.54,10.25,0.0
2026-06-14 17:00:00,F01,TRAP-A,30.52,64.19,9.36,0.0
2026-06-14 17:10:00,F01,TRAP-A,30.39,67.91,6.16,0.0
2026-06-14 17:20:00,F01,TRAP-A,28.3,70.43,8.98,0.0
2026-06-14 17:30:00,F01,TRAP-A,29.56,68.76,4.96,0.0
2026-06-14 17:40:00,F01,TRAP-A,28.39,67.7,6.48,0.0
2026-06-14 17:50:00,F01,TRAP-A,30.06,69.66,5.5,0.0
2026-06-14 18:00:00,F01,TRAP-A,29.79,70.73,4.56,0.0
2026-06-14 18:10:00,F01,TRAP-A,28.27,66.54,4.23,0.0
2026-06-14 18:20:00,F01,TRAP-A,28.2,71.6,6.47,0.0
2026-06-14 18:30:00,F01,TRAP-A,28.26,69.2,4.35,0.0
2026-06-14 18:40:00,F01,TRAP-A,26.64,74.82,7.87,0.0
2026-06-14 18:50:00,F01,TRAP-A,28.53,69.9,11.75,0.0
2026-06-14 19:00:00,F01,TRAP-A,27.85,76.96,4.69,0.0
2026-06-14 19:10:00,F01,TRAP-A,28.65,74.05,6.12,0.0
2026-06-14 19:20:00,F01,TRAP-A,26.81,74.36,8.3,0.0
2026-06-14 19:30:00,F01,TRAP-A,27.0,77.1,5.35,0.0
2026-06-14 19:40:00,F01,TRAP-A,26.09,74.85,12.02,0.0
2026-06-14 19:50:00,F01,TRAP-A,26.3,78.37,11.07,0.0
2026-06-14 20:00:00,F01,TRAP-A,25.96,76.5,4.91,0.0
2026-06-14 20:10:00,F01,TRAP-A,27.5,77.59,4.76,0.0
2026-06-14 20:20:00,F01,TRAP-A,25.95,80.65,16.02,0.0
2026-06-14 20:30:00,F01,TRAP-A,26.42,77.43,14.28,0.0
2026-06-14 20:40:00,F01,TRAP-A,25.82,77.76,6.64,0.0
2026-06-14 20:50:00,F01,TRAP-A,24.92,82.18,5.27,0.0
2026-06-14 21:00:00,F01,TRAP-A,25.61,82.13,8.13,0.0
2026-06-14 21:10:00,F01,TRAP-A,26.03,83.24,6.4,0.0
2026-06-14 21:20:00,F01,TRAP-A,24.4,84.25,13.78,0.0
2026-06-14 21:30:00,F01,TRAP-A,25.84,84.18,10.38,0.0
2026-06-14 21:40:00,F01,TRAP-A,24.33,86.15,8.92,0.0
2026-06-14 21:50:00,F01,TRAP-A,24.45,85.46,6.93,0.0
2026-06-14 22:00:00,F01,TRAP-A,25.09,80.76,9.7,0.0
2026-06-14 22:10:00,F01,TRAP-A,23.97,81.96,7.25,0.0
2026-06-14 22:20:00,F01,TRAP-A,24.37,91.69,6.5,0.0
2026-06-14 22:30:00,F01,TRAP-A,23.93,87.39,8.68,0.0
2026-06-14 22:40:00,F01,TRAP-A,24.14,90.27,8.73,0.0
2026-06-14 22:50:00,F01,TRAP-A,21.98,87.51,11.2,0.0
2026-06-14 23:00:00,F01,TRAP-A,22.29,88.69,13.07,0.0
2026-06-14 23:10:00,F01,TRAP-A,24.11,88.14,8.53,0.0
2026-06-14 23:20:00,F01,TRAP-A,24.32,95.86,9.18,0.0
2026-06-14 23:30:00,F01,TRAP-A,22.64,90.73,9.47,0.0
2026-06-14 23:40:00,F01,TRAP-A,23.06,89.13,8.91,0.0
2026-06-14 23:50:00,F01,TRAP-A,23.39,86.69,11.99,0.0
2026-06-15 00:00:00,F01,TRAP-A,23.61,96.09,10.3,0.0
2026-06-15 00:10:00,F01,TRAP-A,21.34,91.04,15.62,0.0
2026-06-15 00:20:00,F01,TRAP-A,22.17,93.59,11.59,0.0
2026-06-15 00:30:00,F01,TRAP-A,22.54,94.12,9.32,0.0
2026-06-15 00:40:00,F01,TRAP-A,23.3,91.05,9.32,0.0
2026-06-15 00:50:00,F01,TRAP-A,24.68,94.08,10.35,1.44
2026-06-15 01:00:00,F01,TRAP-A,22.45,91.06,10.4,0.0
2026-06-15 01:10:00,F01,TRAP-A,21.46,90.24,10.85,0.0
2026-06-15 01:20:00,F01,TRAP-A,22.87,95.74,10.06,0.0
2026-06-15 01:30:00,F01,TRAP-A,23.58,92.52,21.09,0.0
2026-06-15 01:40:00,F01,TRAP-A,22.6,94.26,10.24,0.0
2026-06-15 01:50:00,F01,TRAP-A,21.78,94.02,13.1,0.0
2026-06-15 02:00:00,F01,TRAP-A,23.27,94.59,10.11,3.34
2026-06-15 02:10:00,F01,TRAP-A,23.04,89.08,11.79,2.9
2026-06-15 02:20:00,F01,TRAP-A,21.71,91.45,11.48,0.0
2026-06-15 02:30:00,F01,TRAP-A,22.86,92.01,11.95,0.0
2026-06-15 02:40:00,F01,TRAP-A,23.38,90.63,12.71,0.0
2026-06-15 02:50:00,F01,TRAP-A,23.57,93.64,13.52,0.0
2026-06-15 03:00:00,F01,TRAP-A,22.63,95.37,13.52,0.0
2026-06-15 03:10:00,F01,TRAP-A,22.45,95.57,14.0,0.0
2026-06-15 03:20:00,F01,TRAP-A,23.79,91.13,16.7,0.0
2026-06-15 03:30:00,F01,TRAP-A,21.91,92.46,17.76,0.0
2026-06-15 03:40:00,F01,TRAP-A,23.32,92.57,15.34,0.0
2026-06-15 03:50:00,F01,TRAP-A,21.96,92.7,11.67,0.0
2026-06-15 04:00:00,F01,TRAP-A,24.01,88.63,21.26,0.0
2026-06-15 04:10:00,F01,TRAP-A,23.05,95.02,20.42,0.0
2026-06-15 04:20:00,F01,TRAP-A,24.39,92.41,15.39,0.0
2026-06-15 04:30:00,F01,TRAP-A,23.88,92.08,13.91,0.0
2026-06-15 04:40:00,F01,TRAP-A,22.64,92.29,12.65,0.0
2026-06-15 04:50:00,F01,TRAP-A,24.89,90.17,16.08,0.0
2026-06-15 05:00:00,F01,TRAP-A,25.13,85.8,18.19,0.0
2026-06-15 05:10:00,F01,TRAP-A,24.74,87.54,15.21,0.0
2026-06-15 05:20:00,F01,TRAP-A,23.57,83.26,14.93,0.0
2026-06-15 05:30:00,F01,TRAP-A,24.09,87.91,12.62,0.0
2026-06-15 05:40:00,F01,TRAP-A,24.62,85.91,13.32,0.0
2026-06-15 05:50:00,F01,TRAP-A,24.1,85.68,15.85,0.0
2026-06-15 06:00:00,F01,TRAP-A,26.19,88.22,12.05,0.0
2026-06-15 06:10:00,F01,TRAP-A,25.13,83.49,15.07,0.0
2026-06-15 06:20:00,F01,TRAP-A,23.03,83.41,16.34,0.0
2026-06-15 06:30:00,F01,TRAP-A,25.64,83.49,13.18,0.0
2026-06-15 06:40:00,F01,TRAP-A,25.28,78.22,12.16,0.0
2026-06-15 06:50:00,F01,TRAP-A,25.68,81.53,17.01,0.0
2026-06-15 07:00:00,F01,TRAP-A,25.64,75.35,12.3,0.0
2026-06-15 07:10:00,F01,TRAP-A,26.77,79.46,13.18,0.0
2026-06-15 07:20:00,F01,TRAP-A,27.21,82.42,15.41,0.0
2026-06-15 07:30:00,F01,TRAP-A,26.74,80.75,16.76,0.0
2026-06-15 07:40:00,F01,TRAP-A,26.43,77.49,17.54,0.0
2026-06-15 07:50:00,F01,TRAP-A,26.87,78.43,13.77,0.0
2026-06-15 08:00:00,F01,TRAP-A,27.11,74.98,13.36,0.0
2026-06-15 08:10:00,F01,TRAP-A,26.65,77.01,16.98,0.0
2026-06-15 08:20:00,F01,TRAP-A,27.95,83.69,13.71,0.0
2026-06-15 08:30:00,F01,TRAP-A,28.05,80.33,13.71,0.0
2026-06-15 08:40:00,F01,TRAP-A,29.11,75.2,12.71,0.0
2026-06-15 08:50:00,F01,TRAP-A,29.07,74.83,12.29,0.0
2026-06-15 09:00:00,F01,TRAP-A,27.71,71.35,12.73,0.0
2026-06-15 09:10:00,F01,TRAP-A,29.1,71.17,12.0,0.0
2026-06-15 09:20:00,F01,TRAP-A,27.87,73.47,11.77,0.0
2026-06-15 09:30:00,F01,TRAP-A,29.37,70.64,25.55,0.0
2026-06-15 09:40:00,F01,TRAP-A,28.58,73.62,11.45,0.0
2026-06-15 09:50:00,F01,TRAP-A,28.35,74.71,10.96,0.0
2026-06-15 10:00:00,F01,TRAP-A,29.56,71.05,11.23,5.89
2026-06-15 10:10:00,F01,TRAP-A,27.36,69.92,12.45,0.0
2026-06-15 10:20:00,F01,TRAP-A,28.26,64.93,16.87,0.0
2026-06-15 10:30:00,F01,TRAP-A,29.68,70.48,14.1,0.0
2026-06-15 10:40:00,F01,TRAP-A,30.03,65.25,14.82,0.0
2026-06-15 10:50:00,F01,TRAP-A,29.82,66.58,15.0,0.0
2026-06-15 11:00:00,F01,TRAP-A,28.99,69.56,16.55,0.0
2026-06-15 11:10:00,F01,TRAP-A,29.73,69.29,9.58,0.0
2026-06-15 11:20:00,F01,TRAP-A,30.82,65.13,10.45,0.28
2026-06-15 11:30:00,F01,TRAP-A,31.1,64.88,9.89,0.0
2026-06-15 11:40:00,F01,TRAP-A,30.73,63.78,9.7,0.0
2026-06-15 11:50:00,F01,TRAP-A,31.77,62.18,11.26,0.0
2026-06-15 12:00:00,F01,TRAP-A,31.26,63.26,9.45,0.0
2026-06-15 12:10:00,F01,TRAP-A,30.44,60.51,10.61,0.0
2026-06-15 12:20:00,F01,TRAP-A,30.89,65.98,9.01,0.0
2026-06-15 12:30:00,F01,TRAP-A,30.07,65.0,8.51,0.0
2026-06-15 12:40:00,F01,TRAP-A,31.18,65.2,8.53,0.0
2026-06-15 12:50:00,F01,TRAP-A,32.21,61.21,11.93,0.0
2026-06-15 13:00:00,F01,TRAP-A,31.92,60.44,9.64,0.0
2026-06-15 13:10:00,F01,TRAP-A,32.54,63.42,17.66,0.0
2026-06-15 13:20:00,F01,TRAP-A,31.21,63.33,11.91,0.0
2026-06-15 13:30:00,F01,TRAP-A,32.55,62.72,8.38,0.0
2026-06-15 13:40:00,F01,TRAP-A,31.34,62.31,7.06,0.0
2026-06-15 13:50:00,F01,TRAP-A,32.68,67.28,9.44,0.0
2026-06-15 14:00:00,F01,TRAP-A,31.48,64.07,9.81,0.0
2026-06-15 14:10:00,F01,TRAP-A,32.06,67.96,7.65,0.0
2026-06-15 14:20:00,F01,TRAP-A,32.65,66.26,6.42,0.0
2026-06-15 14:30:00,F01,TRAP-A,31.29,67.43,7.94,0.0
2026-06-15 14:40:00,F01,TRAP-A,31.59,60.6,6.24,0.0
2026-06-15 14:50:00,F01,TRAP-A,32.4,64.91,13.67,0.0
2026-06-15 15:00:00,F01,TRAP-A,31.21,62.52,8.08,0.0
2026-06-15 15:10:00,F01,TRAP-A,30.2,59.64,6.03,2.6
2026-06-15 15:20:00,F01,TRAP-A,32.91,67.76,5.61,0.0
2026-06-15 15:30:00,F01,TRAP-A,30.74,63.54,8.56,0.0
2026-06-15 15:40:00,F01,TRAP-A,31.16,61.91,8.36,0.0
2026-06-15 15:50:00,F01,TRAP-A,31.87,63.82,7.31,0.0
2026-06-15 16:00:00,F01,TRAP-A,30.36,63.19,7.35,0.0
2026-06-15 16:10:00,F01,TRAP-A,29.93,63.8,7.19,0.0
2026-06-15 16:20:00,F01,TRAP-A,30.83,65.35,5.68,0.0
2026-06-15 16:30:00,F01,TRAP-A,29.07,70.63,12.59,0.0
2026-06-15 16:40:00,F01,TRAP-A,30.15,65.06,6.17,0.0
2026-06-15 16:50:00,F01,TRAP-A,30.45,71.32,4.22,0.0
2026-06-15 17:00:00,F01,TRAP-A,29.89,69.75,5.4,0.0
2026-06-15 17:10:00,F01,TRAP-A,28.73,69.1,4.5,0.0
2026-06-15 17:20:00,F01,TRAP-A,31.09,70.49,5.4,0.0
2026-06-15 17:30:00,F01,TRAP-A,29.74,69.17,6.84,0.0
2026-06-15 17:40:00,F01,TRAP-A,30.64,72.89,4.08,0.0
2026-06-15 17:50:00,F01,TRAP-A,29.13,71.64,10.13,0.09
2026-06-15 18:00:00,F01,TRAP-A,28.46,66.63,6.83,0.0
2026-06-15 18:10:00,F01,TRAP-A,29.2,72.11,5.06,0.0
2026-06-15 18:20:00,F01,TRAP-A,28.64,73.92,5.14,0.0
2026-06-15 18:30:00,F01,TRAP-A,27.69,71.85,5.93,0.0
2026-06-15 18:40:00,F01,TRAP-A,29.62,73.5,4.93,0.0
2026-06-15 18:50:00,F01,TRAP-A,27.76,72.28,4.13,0.0
2026-06-15 19:00:00,F01,TRAP-A,26.6,71.0,4.24,0.0
2026-06-15 19:10:00,F01,TRAP-A,28.94,71.2,5.54,0.0
2026-06-15 19:20:00,F01,TRAP-A,27.28,71.88,4.67,0.0
2026-06-15 19:30:00,F01,TRAP-A,27.0,78.05,4.41,0.0
2026-06-15 19:40:00,F01,TRAP-A,25.88,70.8,10.3,0.0
2026-06-15 19:50:00,F01,TRAP-A,28.49,76.01,5.46,0.0
2026-06-15 20:00:00,F01,TRAP-A,25.87,76.42,6.68,0.0
2026-06-15 20:10:00,F01,TRAP-A,26.75,78.28,5.27,0.0
2026-06-15 20:20:00,F01,TRAP-A,27.24,75.0,4.92,1.44
2026-06-15 20:30:00,F01,TRAP-A,26.65,81.3,8.98,0.0
2026-06-15 20:40:00,F01,TRAP-A,26.07,77.75,5.39,0.0
2026-06-15 20:50:00,F01,TRAP-A,24.57,84.4,5.19,0.0
2026-06-15 21:00:00,F01,TRAP-A,25.09,80.65,7.89,0.0
2026-06-15 21:10:00,F01,TRAP-A,25.7,82.59,5.4,0.0
2026-06-15 21:20:00,F01,TRAP-A,24.74,83.45,7.22,0.0
2026-06-15 21:30:00,F01,TRAP-A,25.35,84.66,6.66,0.0
2026-06-15 21:40:00,F01,TRAP-A,25.55,84.73,6.93,0.0
2026-06-15 21:50:00,F01,TRAP-A,25.6,84.15,5.94,0.0
2026-06-15 22:00:00,F01,TRAP-A,23.68,86.64,16.08,3.66
2026-06-15 22:10:00,F01,TRAP-A,26.26,87.5,8.42,0.0
2026-06-15 22:20:00,F01,TRAP-A,24.95,84.96,8.94,0.0
2026-06-15 22:30:00,F01,TRAP-A,24.18,88.46,9.84,0.0
2026-06-15 22:40:00,F01,TRAP-A,24.9,90.87,11.51,0.0
2026-06-15 22:50:00,F01,TRAP-A,25.78,90.14,9.69,0.0
2026-06-15 23:00:00,F01,TRAP-A,22.6,91.17,11.36,0.0
2026-06-15 23:10:00,F01,TRAP-A,23.44,89.71,9.01,0.0
2026-06-15 23:20:00,F01,TRAP-A,21.59,87.36,8.79,0.0
2026-06-15 23:30:00,F01,TRAP-A,23.52,88.08,12.76,0.0
2026-06-15 23:40:00,F01,TRAP-A,23.55,91.28,13.75,0.0
2026-06-15 23:50:00,F01,TRAP-A,23.12,93.18,8.36,0.0
2026-06-16 00:00:00,F01,TRAP-A,22.53,98.0,10.44,0.0
2026-06-16 00:10:00,F01,TRAP-A,21.32,93.91,11.72,0.0
2026-06-16 00:20:00,F01,TRAP-A,23.18,88.81,8.7,0.0
2026-06-16 00:30:00,F01,TRAP-A,23.97,90.06,16.57,0.0
2026-06-16 00:40:00,F01,TRAP-A,22.27,97.9,10.98,0.0
2026-06-16 00:50:00,F01,TRAP-A,23.03,91.87,12.06,0.0
2026-06-16 01:00:00,F01,TRAP-A,21.37,92.69,9.71,0.0
2026-06-16 01:10:00,F01,TRAP-A,22.95,90.31,10.21,0.0
2026-06-16 01:20:00,F01,TRAP-A,22.24,96.74,9.84,0.0
2026-06-16 01:30:00,F01,TRAP-A,21.92,94.16,10.53,0.0
2026-06-16 01:40:00,F01,TRAP-A,21.9,91.03,11.81,0.0
2026-06-16 01:50:00,F01,TRAP-A,22.19,90.51,15.31,0.0
2026-06-16 02:00:00,F01,TRAP-A,22.81,93.76,12.37,2.8
2026-06-16 02:10:00,F01,TRAP-A,21.46,93.08,11.07,0.0
2026-06-16 02:20:00,F01,TRAP-A,22.21,94.99,10.5,0.0
2026-06-16 02:30:00,F01,TRAP-A,22.52,94.19,13.42,0.0
2026-06-16 02:40:00,F01,TRAP-A,21.71,92.05,12.27,0.0
2026-06-16 02:50:00,F01,TRAP-A,24.07,91.21,23.24,0.0
2026-06-16 03:00:00,F01,TRAP-A,22.0,92.0,15.43,0.0
2026-06-16 03:10:00,F01,TRAP-A,22.2,90.82,15.97,0.0
2026-06-16 03:20:00,F01,TRAP-A,22.02,91.65,11.16,0.83
2026-06-16 03:30:00,F01,TRAP-A,24.32,91.77,15.74,0.0
2026-06-16 03:40:00,F01,TRAP-A,23.41,89.2,11.98,0.0
2026-06-16 03:50:00,F01,TRAP-A,22.31,92.72,14.07,0.0
2026-06-16 04:00:00,F01,TRAP-A,24.04,89.89,13.29,0.0
2026-06-16 04:10:00,F01,TRAP-A,23.42,88.36,14.13,0.0
2026-06-16 04:20:00,F01,TRAP-A,23.58,89.21,12.09,0.0
2026-06-16 04:30:00,F01,TRAP-A,23.22,90.3,13.56,0.0
2026-06-16 04:40:00,F01,TRAP-A,23.02,89.48,11.9,0.0
2026-06-16 04:50:00,F01,TRAP-A,24.02,89.88,11.97,0.0
2026-06-16 05:00:00,F01,TRAP-A,23.45,90.61,15.1,0.0
2026-06-16 05:10:00,F01,TRAP-A,25.49,91.15,21.01,0.0
2026-06-16 05:20:00,F01,TRAP-A,23.17,88.1,16.46,0.0
2026-06-16 05:30:00,F01,TRAP-A,25.57,84.19,13.88,0.0
2026-06-16 05:40:00,F01,TRAP-A,24.41,85.65,12.16,0.0
2026-06-16 05:50:00,F01,TRAP-A,24.91,83.26,12.14,1.21
2026-06-16 06:00:00,F01,TRAP-A,25.5,89.45,12.51,0.0
2026-06-16 06:10:00,F01,TRAP-A,24.51,89.59,23.16,0.0
2026-06-16 06:20:00,F01,TRAP-A,25.88,85.66,13.5,0.0
2026-06-16 06:30:00,F01,TRAP-A,23.21,85.57,17.52,0.0
2026-06-16 06:40:00,F01,TRAP-A,24.98,83.44,15.59,0.0
2026-06-16 06:50:00,F01,TRAP-A,25.0,83.1,14.67,8.22
2026-06-16 07:00:00,F01,TRAP-A,24.93,77.56,20.7,2.49
2026-06-16 07:10:00,F01,TRAP-A,25.95,80.73,12.57,0.0
2026-06-16 07:20:00,F01,TRAP-A,26.63,78.07,13.55,0.0
2026-06-16 07:30:00,F01,TRAP-A,27.08,80.33,17.66,0.0
2026-06-16 07:40:00,F01,TRAP-A,26.9,78.82,13.99,0.0
2026-06-16 07:50:00,F01,TRAP-A,26.37,83.18,12.35,0.0
2026-06-16 08:00:00,F01,TRAP-A,27.4,79.95,12.12,0.0
2026-06-16 08:10:00,F01,TRAP-A,27.4,77.72,15.52,0.0
2026-06-16 08:20:00,F01,TRAP-A,28.24,75.69,11.26,0.0
2026-06-16 08:30:00,F01,TRAP-A,28.31,79.9,18.48,0.0
2026-06-16 08:40:00,F01,TRAP-A,27.91,74.99,11.06,0.0
2026-06-16 08:50:00,F01,TRAP-A,27.35,75.25,13.88,0.0
2026-06-16 09:00:00,F01,TRAP-A,27.74,73.9,13.55,0.0
2026-06-16 09:10:00,F01,TRAP-A,28.01,72.16,13.23,0.0
2026-06-16 09:20:00,F01,TRAP-A,28.38,72.65,12.43,0.0
2026-06-16 09:30:00,F01,TRAP-A,29.03,67.04,16.1,0.0
2026-06-16 09:40:00,F01,TRAP-A,29.57,67.49,13.45,0.0
2026-06-16 09:50:00,F01,TRAP-A,29.13,71.65,14.64,0.0
2026-06-16 10:00:00,F01,TRAP-A,29.35,74.13,10.29,0.0
2026-06-16 10:10:00,F01,TRAP-A,29.62,70.53,9.92,0.0
2026-06-16 10:20:00,F01,TRAP-A,29.25,67.32,9.7,0.0
2026-06-16 10:30:00,F01,TRAP-A,29.08,65.0,9.92,0.0
2026-06-16 10:40:00,F01,TRAP-A,28.57,70.06,12.58,0.0
2026-06-16 10:50:00,F01,TRAP-A,29.56,66.2,11.16,0.0
2026-06-16 11:00:00,F01,TRAP-A,30.63,68.77,13.13,0.0
2026-06-16 11:10:00,F01,TRAP-A,29.82,67.69,9.42,0.0
2026-06-16 11:20:00,F01,TRAP-A,30.32,67.49,9.98,0.0
2026-06-16 11:30:00,F01,TRAP-A,31.0,65.98,15.01,0.0
2026-06-16 11:40:00,F01,TRAP-A,31.16,66.48,16.49,0.0
2026-06-16 11:50:00,F01,TRAP-A,29.99,64.87,15.73,0.0
2026-06-16 12:00:00,F01,TRAP-A,31.74,63.26,13.03,0.0
2026-06-16 12:10:00,F01,TRAP-A,31.94,62.13,11.23,0.0
2026-06-16 12:20:00,F01,TRAP-A,30.22,58.3,14.91,0.0
2026-06-16 12:30:00,F01,TRAP-A,30.54,63.56,11.15,0.0
2026-06-16 12:40:00,F01,TRAP-A,32.22,67.59,16.45,0.0
2026-06-16 12:50:00,F01,TRAP-A,31.2,65.42,7.12,0.0
2026-06-16 13:00:00,F01,TRAP-A,29.6,64.0,14.52,0.0
2026-06-16 13:10:00,F01,TRAP-A,30.29,61.45,9.15,0.0
2026-06-16 13:20:00,F01,TRAP-A,31.25,65.67,6.9,0.0
2026-06-16 13:30:00,F01,TRAP-A,30.54,62.79,7.11,1.81
2026-06-16 13:40:00,F01,TRAP-A,31.16,66.97,11.96,0.0
2026-06-16 13:50:00,F01,TRAP-A,31.52,60.55,8.19,0.0
2026-06-16 14:00:00,F01,TRAP-A,32.67,61.13,18.11,0.0
2026-06-16 14:10:00,F01,TRAP-A,31.26,60.91,6.15,0.0
2026-06-16 14:20:00,F01,TRAP-A,32.33,59.39,7.23,0.0
2026-06-16 14:30:00,F01,TRAP-A,32.59,60.83,6.7,0.0
2026-06-16 14:40:00,F01,TRAP-A,32.56,63.55,7.54,0.0
2026-06-16 14:50:00,F01,TRAP-A,31.6,61.65,8.24,0.0
2026-06-16 15:00:00,F01,TRAP-A,29.75,53.96,8.36,0.0
2026-06-16 15:10:00,F01,TRAP-A,31.63,66.49,4.99,0.0
2026-06-16 15:20:00,F01,TRAP-A,32.03,59.81,5.16,0.0
2026-06-16 15:30:00,F01,TRAP-A,31.05,65.75,4.88,0.0
2026-06-16 15:40:00,F01,TRAP-A,32.43,64.63,10.67,0.0
2026-06-16 15:50:00,F01,TRAP-A,31.63,70.15,5.71,0.0
2026-06-16 16:00:00,F01,TRAP-A,31.3,67.68,5.86,0.0
2026-06-16 16:10:00,F01,TRAP-A,31.61,64.27,6.21,2.03
2026-06-16 16:20:00,F01,TRAP-A,30.89,64.16,10.01,0.0
2026-06-16 16:30:00,F01,TRAP-A,28.51,70.07,4.31,0.0
2026-06-16 16:40:00,F01,TRAP-A,29.98,63.04,4.59,0.0
2026-06-16 16:50:00,F01,TRAP-A,31.21,67.65,7.63,0.0
2026-06-16 17:00:00,F01,TRAP-A,29.46,67.31,14.08,0.0
2026-06-16 17:10:00,F01,TRAP-A,29.79,67.26,7.16,0.0
2026-06-16 17:20:00,F01,TRAP-A,28.98,69.5,4.95,0.0
2026-06-16 17:30:00,F01,TRAP-A,31.08,69.61,6.22,0.0
2026-06-16 17:40:00,F01,TRAP-A,30.84,70.82,15.07,0.0
2026-06-16 17:50:00,F01,TRAP-A,28.62,70.58,6.25,0.0
2026-06-16 18:00:00,F01,TRAP-A,29.28,71.84,5.4,0.0
2026-06-16 18:10:00,F01,TRAP-A,28.44,71.61,5.46,0.0
2026-06-16 18:20:00,F01,TRAP-A,29.3,70.32,14.26,0.0
2026-06-16 18:30:00,F01,TRAP-A,29.04,72.59,7.85,0.0
2026-06-16 18:40:00,F01,TRAP-A,29.09,71.4,7.56,0.0
2026-06-16 18:50:00,F01,TRAP-A,28.52,71.86,4.91,0.0
2026-06-16 19:00:00,F01,TRAP-A,30.41,73.61,6.62,0.0
2026-06-16 19:10:00,F01,TRAP-A,27.05,74.79,5.54,0.0
2026-06-16 19:20:00,F01,TRAP-A,26.31,75.82,5.1,0.0
2026-06-16 19:30:00,F01,TRAP-A,27.17,78.67,11.12,0.0
2026-06-16 19:40:00,F01,TRAP-A,26.04,75.79,5.86,0.0
2026-06-16 19:50:00,F01,TRAP-A,25.9,78.18,5.49,0.0
2026-06-16 20:00:00,F01,TRAP-A,26.1,78.64,12.63,0.0
2026-06-16 20:10:00,F01,TRAP-A,25.96,77.47,5.34,0.0
2026-06-16 20:20:00,F01,TRAP-A,25.74,79.83,8.88,0.0
2026-06-16 20:30:00,F01,TRAP-A,26.73,82.8,8.06,0.0
2026-06-16 20:40:00,F01,TRAP-A,25.71,81.41,12.59,0.0
2026-06-16 20:50:00,F01,TRAP-A,25.78,82.14,10.47,0.0
2026-06-16 21:00:00,F01,TRAP-A,26.45,80.45,8.9,0.0
2026-06-16 21:10:00,F01,TRAP-A,24.94,87.76,6.5,0.0
2026-06-16 21:20:00,F01,TRAP-A,25.15,81.83,7.55,0.0
2026-06-16 21:30:00,F01,TRAP-A,25.48,79.88,14.31,0.0
2026-06-16 21:40:00,F01,TRAP-A,23.45,86.8,5.85,0.0
2026-06-16 21:50:00,F01,TRAP-A,22.92,84.94,10.67,0.0
2026-06-16 22:00:00,F01,TRAP-A,24.94,85.04,6.95,0.0
2026-06-16 22:10:00,F01,TRAP-A,24.89,84.98,6.85,0.0
2026-06-16 22:20:00,F01,TRAP-A,25.99,91.56,7.19,0.0
2026-06-16 22:30:00,F01,TRAP-A,24.31,88.29,6.74,0.0
2026-06-16 22:40:00,F01,TRAP-A,24.69,89.28,21.2,0.0
2026-06-16 22:50:00,F01,TRAP-A,23.73,88.79,13.0,0.0
2026-06-16 23:00:00,F01,TRAP-A,23.98,89.52,9.26,0.0
2026-06-16 23:10:00,F01,TRAP-A,24.95,92.78,10.99,3.53
2026-06-16 23:20:00,F01,TRAP-A,21.79,89.08,9.84,0.0
2026-06-16 23:30:00,F01,TRAP-A,23.7,86.46,12.58,0.0
2026-06-16 23:40:00,F01,TRAP-A,24.96,92.65,13.33,0.0
2026-06-16 23:50:00,F01,TRAP-A,23.38,92.07,8.71,0.0
2026-06-17 00:00:00,F01,TRAP-A,24.37,91.43,9.94,0.0
2026-06-17 00:10:00,F01,TRAP-A,22.46,92.64,11.29,0.0
2026-06-17 00:20:00,F01,TRAP-A,22.85,90.81,19.95,0.0
2026-06-17 00:30:00,F01,TRAP-A,22.83,92.04,12.06,0.0
2026-06-17 00:40:00,F01,TRAP-A,20.96,91.88,15.62,0.0
2026-06-17 00:50:00,F01,TRAP-A,21.74,90.93,14.57,0.0
2026-06-17 01:00:00,F01,TRAP-A,21.75,95.55,11.74,0.0
2026-06-17 01:10:00,F01,TRAP-A,23.24,89.18,16.01,0.0
2026-06-17 01:20:00,F01,TRAP-A,23.25,98.0,10.88,0.0
2026-06-17 01:30:00,F01,TRAP-A,22.79,95.11,11.05,0.0
2026-06-17 01:40:00,F01,TRAP-A,23.17,88.52,14.33,4.02
2026-06-17 01:50:00,F01,TRAP-A,22.37,92.44,10.36,0.0
2026-06-17 02:00:00,F01,TRAP-A,23.46,92.57,11.17,0.0
2026-06-17 02:10:00,F01,TRAP-A,22.52,93.95,13.04,0.0
2026-06-17 02:20:00,F01,TRAP-A,22.57,90.44,12.0,0.0
2026-06-17 02:30:00,F01,TRAP-A,22.34,92.9,18.98,0.0
2026-06-17 02:40:00,F01,TRAP-A,23.13,92.41,20.19,0.0
2026-06-17 02:50:00,F01,TRAP-A,22.29,90.72,12.86,0.0
2026-06-17 03:00:00,F01,TRAP-A,23.46,90.2,13.22,0.0
2026-06-17 03:10:00,F01,TRAP-A,21.83,94.5,14.88,0.0
2026-06-17 03:20:00,F01,TRAP-A,21.93,87.73,12.96,0.0
2026-06-17 03:30:00,F01,TRAP-A,23.43,92.92,11.86,0.0
2026-06-17 03:40:00,F01,TRAP-A,22.9,93.44,15.45,0.0
2026-06-17 03:50:00,F01,TRAP-A,22.69,90.6,15.44,0.0
2026-06-17 04:00:00,F01,TRAP-A,23.87,90.95,12.35,0.0
2026-06-17 04:10:00,F01,TRAP-A,22.78,93.37,16.96,0.0
2026-06-17 04:20:00,F01,TRAP-A,23.21,88.33,14.52,0.0
2026-06-17 04:30:00,F01,TRAP-A,24.61,88.18,12.54,0.0
2026-06-17 04:40:00,F01,TRAP-A,24.85,88.03,14.96,0.0
2026-06-17 04:50:00,F01,TRAP-A,25.01,91.74,12.64,0.0
2026-06-17 05:00:00,F01,TRAP-A,23.67,91.59,12.81,0.0
2026-06-17 05:10:00,F01,TRAP-A,25.02,84.39,17.58,0.0
2026-06-17 05:20:00,F01,TRAP-A,23.43,89.89,19.91,0.0
2026-06-17 05:30:00,F01,TRAP-A,23.62,88.9,12.87,0.0
2026-06-17 05:40:00,F01,TRAP-A,22.62,90.2,19.89,0.0
2026-06-17 05:50:00,F01,TRAP-A,26.01,86.73,12.82,0.0
2026-06-17 06:00:00,F01,TRAP-A,24.15,85.09,12.37,0.0
2026-06-17 06:10:00,F01,TRAP-A,24.91,87.48,12.17,0.0
2026-06-17 06:20:00,F01,TRAP-A,24.46,85.77,12.81,7.42
2026-06-17 06:30:00,F01,TRAP-A,25.93,89.03,13.41,0.0
2026-06-17 06:40:00,F01,TRAP-A,25.26,85.2,19.8,0.0
2026-06-17 06:50:00,F01,TRAP-A,24.7,82.57,12.72,0.0
2026-06-17 07:00:00,F01,TRAP-A,26.29,78.61,13.2,0.0
2026-06-17 07:10:00,F01,TRAP-A,24.98,79.46,15.76,0.0
2026-06-17 07:20:00,F01,TRAP-A,25.65,76.68,12.81,0.0
2026-06-17 07:30:00,F01,TRAP-A,24.83,79.08,15.12,0.0
2026-06-17 07:40:00,F01,TRAP-A,25.57,81.28,13.28,0.0
2026-06-17 07:50:00,F01,TRAP-A,27.05,78.3,12.16,0.0
2026-06-17 08:00:00,F01,TRAP-A,25.53,80.21,15.39,0.0
2026-06-17 08:10:00,F01,TRAP-A,26.11,77.85,11.41,0.0
2026-06-17 08:20:00,F01,TRAP-A,27.49,75.34,12.26,0.0
2026-06-17 08:30:00,F01,TRAP-A,27.25,75.92,12.44,0.0
2026-06-17 08:40:00,F01,TRAP-A,29.48,76.24,12.84,0.0
2026-06-17 08:50:00,F01,TRAP-A,29.54,74.77,14.3,0.0
2026-06-17 09:00:00,F01,TRAP-A,27.57,74.16,12.61,0.0
2026-06-17 09:10:00,F01,TRAP-A,28.9,71.24,13.34,0.0
2026-06-17 09:20:00,F01,TRAP-A,29.24,71.46,13.22,0.0
2026-06-17 09:30:00,F01,TRAP-A,28.34,77.59,11.76,0.0
2026-06-17 09:40:00,F01,TRAP-A,27.8,74.42,18.37,0.0
2026-06-17 09:50:00,F01,TRAP-A,29.16,67.09,19.43,0.0
2026-06-17 10:00:00,F01,TRAP-A,29.2,64.29,12.54,0.0
2026-06-17 10:10:00,F01,TRAP-A,29.16,69.84,9.99,0.0
2026-06-17 10:20:00,F01,TRAP-A,30.02,71.35,11.63,0.0
2026-06-17 10:30:00,F01,TRAP-A,29.22,67.3,10.06,0.0
2026-06-17 10:40:00,F01,TRAP-A,29.05,70.65,11.26,0.0
2026-06-17 10:50:00,F01,TRAP-A,30.2,67.76,9.74,0.0
2026-06-17 11:00:00,F01,TRAP-A,30.56,66.74,12.6,0.0
2026-06-17 11:10:00,F01,TRAP-A,29.45,68.6,9.03,0.0
2026-06-17 11:20:00,F01,TRAP-A,31.26,64.96,17.8,0.0
2026-06-17 11:30:00,F01,TRAP-A,29.22,65.18,9.08,0.0
2026-06-17 11:40:00,F01,TRAP-A,30.28,67.19,11.5,0.0
2026-06-17 11:50:00,F01,TRAP-A,30.64,65.09,15.55,0.0
2026-06-17 12:00:00,F01,TRAP-A,30.44,69.61,8.76,0.0
2026-06-17 12:10:00,F01,TRAP-A,30.59,66.27,15.9,0.0
2026-06-17 12:20:00,F01,TRAP-A,32.62,65.83,9.04,0.0
2026-06-17 12:30:00,F01,TRAP-A,30.52,63.89,17.08,0.0
2026-06-17 12:40:00,F01,TRAP-A,33.22,65.98,17.87,0.0
2026-06-17 12:50:00,F01,TRAP-A,31.67,62.79,7.67,0.0
2026-06-17 13:00:00,F01,TRAP-A,31.45,64.13,12.21,0.0
2026-06-17 13:10:00,F01,TRAP-A,31.8,60.99,7.35,0.0
2026-06-17 13:20:00,F01,TRAP-A,33.47,65.77,7.32,0.0
2026-06-17 13:30:00,F01,TRAP-A,30.68,63.81,6.65,2.1
2026-06-17 13:40:00,F01,TRAP-A,30.59,67.99,6.74,0.0
2026-06-17 13:50:00,F01,TRAP-A,30.9,68.98,9.07,0.0
2026-06-17 14:00:00,F01,TRAP-A,31.52,64.91,7.71,0.0
2026-06-17 14:10:00,F01,TRAP-A,30.11,63.2,10.47,0.0
2026-06-17 14:20:00,F01,TRAP-A,31.49,60.73,6.84,0.0
2026-06-17 14:30:00,F01,TRAP-A,32.8,65.44,15.88,0.0
2026-06-17 14:40:00,F01,TRAP-A,31.53,63.82,5.51,0.0
2026-06-17 14:50:00,F01,TRAP-A,31.14,64.78,5.43,0.0
2026-06-17 15:00:00,F01,TRAP-A,30.82,67.93,8.73,0.0
2026-06-17 15:10:00,F01,TRAP-A,31.98,61.74,11.54,0.0
2026-06-17 15:20:00,F01,TRAP-A,30.53,61.72,9.64,0.0
2026-06-17 15:30:00,F01,TRAP-A,32.59,63.69,6.79,0.0
2026-06-17 15:40:00,F01,TRAP-A,32.58,66.61,5.61,0.0
2026-06-17 15:50:00,F01,TRAP-A,31.15,66.25,4.62,0.0
2026-06-17 16:00:00,F01,TRAP-A,30.83,62.95,6.63,0.0
2026-06-17 16:10:00,F01,TRAP-A,31.56,67.43,6.35,0.0
2026-06-17 16:20:00,F01,TRAP-A,31.5,62.91,5.6,0.0
2026-06-17 16:30:00,F01,TRAP-A,29.86,64.22,6.86,0.0
2026-06-17 16:40:00,F01,TRAP-A,29.96,66.45,8.13,0.0
2026-06-17 16:50:00,F01,TRAP-A,29.19,65.79,7.78,0.0
2026-06-17 17:00:00,F01,TRAP-A,30.43,69.87,5.03,0.0
2026-06-17 17:10:00,F01,TRAP-A,30.5,68.84,6.72,0.0
2026-06-17 17:20:00,F01,TRAP-A,28.73,73.04,4.53,0.0
2026-06-17 17:30:00,F01,TRAP-A,29.29,68.53,4.41,0.0
2026-06-17 17:40:00,F01,TRAP-A,28.42,69.38,8.63,0.0
2026-06-17 17:50:00,F01,TRAP-A,28.61,73.26,7.55,0.0
2026-06-17 18:00:00,F01,TRAP-A,29.6,70.58,8.38,0.0
2026-06-17 18:10:00,F01,TRAP-A,28.4,75.12,4.51,0.0
2026-06-17 18:20:00,F01,TRAP-A,28.57,73.33,11.41,0.0
2026-06-17 18:30:00,F01,TRAP-A,27.32,66.7,4.48,0.0
2026-06-17 18:40:00,F01,TRAP-A,28.59,76.14,10.2,0.0
2026-06-17 18:50:00,F01,TRAP-A,28.22,76.1,5.42,0.0
2026-06-17 19:00:00,F01,TRAP-A,27.48,76.83,4.5,0.0
2026-06-17 19:10:00,F01,TRAP-A,27.72,70.32,5.23,0.0
2026-06-17 19:20:00,F01,TRAP-A,27.82,74.08,4.87,0.0
2026-06-17 19:30:00,F01,TRAP-A,26.83,74.92,6.36,0.0
2026-06-17 19:40:00,F01,TRAP-A,26.11,74.94,13.39,0.0
2026-06-17 19:50:00,F01,TRAP-A,28.54,82.05,5.69,0.0
2026-06-17 20:00:00,F01,TRAP-A,26.39,78.32,7.42,0.0
2026-06-17 20:10:00,F01,TRAP-A,26.62,78.91,11.35,0.0
2026-06-17 20:20:00,F01,TRAP-A,27.31,81.03,7.76,0.0
2026-06-17 20:30:00,F01,TRAP-A,29.13,81.73,6.23,0.0
2026-06-17 20:40:00,F01,TRAP-A,25.12,72.61,19.07,0.0
2026-06-17 20:50:00,F01,TRAP-A,26.28,79.97,5.74,0.0
2026-06-17 21:00:00,F01,TRAP-A,25.17,78.69,7.46,0.0
2026-06-17 21:10:00,F01,TRAP-A,25.12,83.84,10.15,0.0
2026-06-17 21:20:00,F01,TRAP-A,24.79,82.73,5.5,0.0
2026-06-17 21:30:00,F01,TRAP-A,24.28,84.1,9.27,0.0
2026-06-17 21:40:00,F01,TRAP-A,24.97,79.46,6.71,0.0
2026-06-17 21:50:00,F01,TRAP-A,23.65,84.46,6.49,0.0
2026-06-17 22:00:00,F01,TRAP-A,25.42,88.59,7.04,0.0
2026-06-17 22:10:00,F01,TRAP-A,24.54,89.87,16.45,0.0
2026-06-17 22:20:00,F01,TRAP-A,24.67,88.68,13.07,0.0
2026-06-17 22:30:00,F01,TRAP-A,23.81,84.07,7.28,0.0
2026-06-17 22:40:00,F01,TRAP-A,23.73,91.05,7.09,0.0
2026-06-17 22:50:00,F01,TRAP-A,24.11,90.2,8.24,0.0
2026-06-17 23:00:00,F01,TRAP-A,22.81,88.56,9.75,0.0
2026-06-17 23:10:00,F01,TRAP-A,23.33,84.23,13.28,0.0
2026-06-17 23:20:00,F01,TRAP-A,22.8,92.1,17.55,0.0
2026-06-17 23:30:00,F01,TRAP-A,22.65,88.63,11.74,0.0
2026-06-17 23:40:00,F01,TRAP-A,21.57,91.35,10.49,0.0
2026-06-17 23:50:00,F01,TRAP-A,24.22,91.01,8.38,0.0
2026-06-18 00:00:00,F01,TRAP-A,22.5,95.01,8.32,0.0
2026-06-18 00:10:00,F01,TRAP-A,23.89,91.15,10.99,0.0
2026-06-18 00:20:00,F01,TRAP-A,23.73,91.7,10.76,0.0
2026-06-18 00:30:00,F01,TRAP-A,21.77,95.93,14.23,0.0
2026-06-18 00:40:00,F01,TRAP-A,21.87,90.57,9.95,0.0
2026-06-18 00:50:00,F01,TRAP-A,24.73,94.44,9.08,0.0
2026-06-18 01:00:00,F01,TRAP-A,24.03,92.08,10.78,0.0
2026-06-18 01:10:00,F01,TRAP-A,22.56,90.21,19.73,0.0
2026-06-18 01:20:00,F01,TRAP-A,22.76,92.83,14.22,0.0
2026-06-18 01:30:00,F01,TRAP-A,22.02,94.64,9.72,0.0
2026-06-18 01:40:00,F01,TRAP-A,22.86,96.35,16.01,0.0
2026-06-18 01:50:00,F01,TRAP-A,21.93,96.68,11.84,0.0
2026-06-18 02:00:00,F01,TRAP-A,20.88,92.26,11.44,0.0
2026-06-18 02:10:00,F01,TRAP-A,21.45,90.5,11.5,0.0
2026-06-18 02:20:00,F01,TRAP-A,22.54,92.11,13.08,0.0
2026-06-18 02:30:00,F01,TRAP-A,21.65,89.87,12.78,0.46
2026-06-18 02:40:00,F01,TRAP-A,22.53,92.16,13.85,0.0
2026-06-18 02:50:00,F01,TRAP-A,21.77,91.71,13.33,0.0
2026-06-18 03:00:00,F01,TRAP-A,22.06,94.21,11.36,0.0
2026-06-18 03:10:00,F01,TRAP-A,23.42,86.68,11.9,0.0
2026-06-18 03:20:00,F01,TRAP-A,23.01,90.14,16.64,0.0
2026-06-18 03:30:00,F01,TRAP-A,22.88,89.91,14.49,0.0
2026-06-18 03:40:00,F01,TRAP-A,23.67,94.41,13.11,0.0
2026-06-18 03:50:00,F01,TRAP-A,23.44,88.36,12.03,0.0
2026-06-18 04:00:00,F01,TRAP-A,24.31,91.38,11.53,0.0
2026-06-18 04:10:00,F01,TRAP-A,22.89,90.14,12.71,0.0
2026-06-18 04:20:00,F01,TRAP-A,23.03,92.69,11.83,0.0
2026-06-18 04:30:00,F01,TRAP-A,22.45,91.17,13.71,0.0
2026-06-18 04:40:00,F01,TRAP-A,23.28,89.57,16.96,0.0
2026-06-18 04:50:00,F01,TRAP-A,24.53,87.43,12.85,0.0
2026-06-18 05:00:00,F01,TRAP-A,24.93,83.72,17.53,0.0
2026-06-18 05:10:00,F01,TRAP-A,24.81,88.49,15.58,0.0
2026-06-18 05:20:00,F01,TRAP-A,22.75,88.7,12.36,0.0
2026-06-18 05:30:00,F01,TRAP-A,25.21,82.91,15.08,0.0
2026-06-18 05:40:00,F01,TRAP-A,23.03,83.23,12.49,0.0
2026-06-18 05:50:00,F01,TRAP-A,25.39,86.39,15.19,0.0
2026-06-18 06:00:00,F01,TRAP-A,24.55,86.04,12.46,0.0
2026-06-18 06:10:00,F01,TRAP-A,25.58,82.14,13.49,0.0
2026-06-18 06:20:00,F01,TRAP-A,24.13,82.58,14.48,0.0
2026-06-18 06:30:00,F01,TRAP-A,26.31,78.82,12.11,0.0
2026-06-18 06:40:00,F01,TRAP-A,24.39,86.24,12.42,0.0
2026-06-18 06:50:00,F01,TRAP-A,25.21,78.92,13.04,0.0
2026-06-18 07:00:00,F01,TRAP-A,25.14,82.9,13.7,0.0
2026-06-18 07:10:00,F01,TRAP-A,24.73,80.82,17.65,0.0
2026-06-18 07:20:00,F01,TRAP-A,26.4,83.48,12.35,0.0
2026-06-18 07:30:00,F01,TRAP-A,27.96,77.63,12.94,0.0
2026-06-18 07:40:00,F01,TRAP-A,28.85,79.11,13.52,0.0
2026-06-18 07:50:00,F01,TRAP-A,26.99,74.06,12.56,0.0
2026-06-18 08:00:00,F01,TRAP-A,28.0,72.8,14.36,0.0
2026-06-18 08:10:00,F01,TRAP-A,27.49,78.49,12.21,0.0
2026-06-18 08:20:00,F01,TRAP-A,27.9,71.88,15.66,0.0
2026-06-18 08:30:00,F01,TRAP-A,27.42,75.12,13.23,0.0
2026-06-18 08:40:00,F01,TRAP-A,28.04,77.58,11.27,0.0
2026-06-18 08:50:00,F01,TRAP-A,28.51,76.28,13.84,0.0
2026-06-18 09:00:00,F01,TRAP-A,27.8,72.12,13.29,0.0
2026-06-18 09:10:00,F01,TRAP-A,28.39,69.18,11.87,0.0
2026-06-18 09:20:00,F01,TRAP-A,28.59,73.81,10.53,0.0
2026-06-18 09:30:00,F01,TRAP-A,29.48,75.29,11.03,0.0
2026-06-18 09:40:00,F01,TRAP-A,28.14,69.69,11.78,0.0
2026-06-18 09:50:00,F01,TRAP-A,29.13,68.76,10.74,0.0
2026-06-18 10:00:00,F01,TRAP-A,30.87,68.88,12.5,0.0
2026-06-18 10:10:00,F01,TRAP-A,30.44,71.07,13.5,0.0
2026-06-18 10:20:00,F01,TRAP-A,30.75,72.18,15.42,0.0
2026-06-18 10:30:00,F01,TRAP-A,29.84,65.49,12.57,0.0
2026-06-18 10:40:00,F01,TRAP-A,30.23,64.35,12.78,0.0
2026-06-18 10:50:00,F01,TRAP-A,30.92,73.46,11.93,0.0
2026-06-18 11:00:00,F01,TRAP-A,31.5,66.7,21.64,0.0
2026-06-18 11:10:00,F01,TRAP-A,28.83,67.34,9.68,0.0
2026-06-18 11:20:00,F01,TRAP-A,29.46,64.56,9.53,0.0
2026-06-18 11:30:00,F01,TRAP-A,31.68,67.11,8.83,0.0
2026-06-18 11:40:00,F01,TRAP-A,30.52,67.91,10.25,0.0
2026-06-18 11:50:00,F01,TRAP-A,30.31,65.91,8.38,0.0
2026-06-18 12:00:00,F01,TRAP-A,29.95,69.19,8.85,0.0
2026-06-18 12:10:00,F01,TRAP-A,30.6,63.72,9.71,0.0
2026-06-18 12:20:00,F01,TRAP-A,30.0,63.6,17.04,0.0
2026-06-18 12:30:00,F01,TRAP-A,32.87,64.59,17.34,0.0
2026-06-18 12:40:00,F01,TRAP-A,31.25,64.95,11.3,0.0
2026-06-18 12:50:00,F01,TRAP-A,31.28,64.16,8.52,0.0
2026-06-18 13:00:00,F01,TRAP-A,31.84,60.21,12.89,0.0
2026-06-18 13:10:00,F01,TRAP-A,32.18,64.06,12.96,0.0
2026-06-18 13:20:00,F01,TRAP-A,32.21,62.24,13.77,0.0
2026-06-18 13:30:00,F01,TRAP-A,32.33,61.63,9.45,0.0
2026-06-18 13:40:00,F01,TRAP-A,30.99,63.11,6.9,0.0
2026-06-18 13:50:00,F01,TRAP-A,31.26,60.6,6.36,0.0
2026-06-18 14:00:00,F01,TRAP-A,32.11,60.17,13.31,0.0
2026-06-18 14:10:00,F01,TRAP-A,31.07,56.5,5.94,0.0
2026-06-18 14:20:00,F01,TRAP-A,31.47,67.46,6.68,0.0
2026-06-18 14:30:00,F01,TRAP-A,31.77,64.57,7.49,0.0
2026-06-18 14:40:00,F01,TRAP-A,32.04,63.0,5.42,0.0
2026-06-18 14:50:00,F01,TRAP-A,29.95,61.77,12.35,0.0
2026-06-18 15:00:00,F01,TRAP-A,31.89,56.42,6.12,0.0
2026-06-18 15:10:00,F01,TRAP-A,31.07,61.98,5.07,0.0
2026-06-18 15:20:00,F01,TRAP-A,31.76,65.82,20.03,0.0
2026-06-18 15:30:00,F01,TRAP-A,31.74,66.64,5.89,0.0
2026-06-18 15:40:00,F01,TRAP-A,32.32,66.16,10.95,0.0
2026-06-18 15:50:00,F01,TRAP-A,32.02,65.26,6.39,0.0
2026-06-18 16:00:00,F01,TRAP-A,31.92,68.45,7.75,0.0
2026-06-18 16:10:00,F01,TRAP-A,31.89,64.72,5.24,0.0
2026-06-18 16:20:00,F01,TRAP-A,30.86,68.63,6.43,0.0
2026-06-18 16:30:00,F01,TRAP-A,30.53,65.36,5.16,0.0
2026-06-18 16:40:00,F01,TRAP-A,31.08,64.54,13.26,0.0
2026-06-18 16:50:00,F01,TRAP-A,30.83,64.67,4.35,0.0
2026-06-18 17:00:00,F01,TRAP-A,29.86,64.99,5.08,0.0
2026-06-18 17:10:00,F01,TRAP-A,30.28,69.78,10.78,0.0
2026-06-18 17:20:00,F01,TRAP-A,29.78,66.78,6.01,0.0
2026-06-18 17:30:00,F01,TRAP-A,28.97,66.57,6.77,0.0
2026-06-18 17:40:00,F01,TRAP-A,30.53,71.47,7.17,0.0
2026-06-18 17:50:00,F01,TRAP-A,29.37,71.06,4.22,0.0
2026-06-18 18:00:00,F01,TRAP-A,30.8,73.22,4.05,0.0
2026-06-18 18:10:00,F01,TRAP-A,27.68,72.67,12.34,0.0
2026-06-18 18:20:00,F01,TRAP-A,28.36,70.1,4.97,0.0
2026-06-18 18:30:00,F01,TRAP-A,28.65,72.78,5.48,0.0
2026-06-18 18:40:00,F01,TRAP-A,29.35,73.52,7.52,0.0
2026-06-18 18:50:00,F01,TRAP-A,28.57,71.53,4.93,0.0
2026-06-18 19:00:00,F01,TRAP-A,28.31,71.7,8.12,0.0
2026-06-18 19:10:00,F01,TRAP-A,26.97,73.4,6.05,0.0
2026-06-18 19:20:00,F01,TRAP-A,26.75,80.84,10.1,0.0
2026-06-18 19:30:00,F01,TRAP-A,27.74,75.36,5.32,0.0
2026-06-18 19:40:00,F01,TRAP-A,26.19,80.13,5.1,0.0
2026-06-18 19:50:00,F01,TRAP-A,26.66,76.53,9.84,0.0
2026-06-18 20:00:00,F01,TRAP-A,27.29,80.58,5.77,0.0
2026-06-18 20:10:00,F01,TRAP-A,25.91,81.27,6.27,0.0
2026-06-18 20:20:00,F01,TRAP-A,27.79,82.04,9.51,0.0
2026-06-18 20:30:00,F01,TRAP-A,27.29,81.28,7.91,0.0
2026-06-18 20:40:00,F01,TRAP-A,24.86,84.4,6.75,0.0
2026-06-18 20:50:00,F01,TRAP-A,25.18,82.54,5.98,0.0
2026-06-18 21:00:00,F01,TRAP-A,23.9,86.51,9.57,0.0
2026-06-18 21:10:00,F01,TRAP-A,24.92,78.8,5.97,0.0
2026-06-18 21:20:00,F01,TRAP-A,25.97,84.33,13.41,0.0
2026-06-18 21:30:00,F01,TRAP-A,24.85,84.78,6.13,0.0
2026-06-18 21:40:00,F01,TRAP-A,25.37,82.32,10.69,0.0
2026-06-18 21:50:00,F01,TRAP-A,23.61,86.69,7.59,0.0
2026-06-18 22:00:00,F01,TRAP-A,25.3,82.08,6.7,0.0
2026-06-18 22:10:00,F01,TRAP-A,24.05,84.72,7.78,0.0
2026-06-18 22:20:00,F01,TRAP-A,24.34,81.89,7.15,0.0
2026-06-18 22:30:00,F01,TRAP-A,24.1,91.31,7.0,0.0
2026-06-18 22:40:00,F01,TRAP-A,23.01,87.33,7.54,0.0
2026-06-18 22:50:00,F01,TRAP-A,22.96,93.81,12.95,0.0
2026-06-18 23:00:00,F01,TRAP-A,24.52,90.86,7.39,0.0
2026-06-18 23:10:00,F01,TRAP-A,23.93,90.42,18.01,0.0
2026-06-18 23:20:00,F01,TRAP-A,24.33,88.25,7.41,1.43
2026-06-18 23:30:00,F01,TRAP-A,23.63,87.5,10.79,0.0
2026-06-18 23:40:00,F01,TRAP-A,23.37,91.8,13.57,0.0
2026-06-18 23:50:00,F01,TRAP-A,21.77,90.66,16.07,0.0
2026-06-19 00:00:00,F01,TRAP-A,22.83,87.82,8.56,0.0
2026-06-19 00:10:00,F01,TRAP-A,22.94,87.67,11.86,0.0
2026-06-19 00:20:00,F01,TRAP-A,24.44,89.34,8.78,0.0
2026-06-19 00:30:00,F01,TRAP-A,23.35,96.54,9.92,0.0
2026-06-19 00:40:00,F01,TRAP-A,23.96,97.75,12.74,0.0
2026-06-19 00:50:00,F01,TRAP-A,23.16,92.92,10.23,0.0
2026-06-19 01:00:00,F01,TRAP-A,22.06,92.95,10.25,0.0
2026-06-19 01:10:00,F01,TRAP-A,22.68,91.88,9.66,0.0
2026-06-19 01:20:00,F01,TRAP-A,22.74,90.49,9.66,0.0
2026-06-19 01:30:00,F01,TRAP-A,21.77,96.35,9.99,0.0
2026-06-19 01:40:00,F01,TRAP-A,22.2,97.65,16.03,0.0
2026-06-19 01:50:00,F01,TRAP-A,22.34,90.76,9.96,0.0
2026-06-19 02:00:00,F01,TRAP-A,23.79,92.79,13.62,0.0
2026-06-19 02:10:00,F01,TRAP-A,20.85,91.84,14.62,0.0
2026-06-19 02:20:00,F01,TRAP-A,23.49,91.86,12.89,0.0
2026-06-19 02:30:00,F01,TRAP-A,21.8,95.79,14.45,0.0
2026-06-19 02:40:00,F01,TRAP-A,21.49,89.43,13.81,0.0
2026-06-19 02:50:00,F01,TRAP-A,23.58,93.73,12.6,0.0
2026-06-19 03:00:00,F01,TRAP-A,23.27,94.21,12.34,0.0
2026-06-19 03:10:00,F01,TRAP-A,23.75,91.84,19.52,0.0
2026-06-19 03:20:00,F01,TRAP-A,23.45,94.2,21.84,0.0
2026-06-19 03:30:00,F01,TRAP-A,24.53,92.09,14.39,0.0
2026-06-19 03:40:00,F01,TRAP-A,23.42,94.48,11.99,0.0
2026-06-19 03:50:00,F01,TRAP-A,22.93,87.33,13.21,0.0
2026-06-19 04:00:00,F01,TRAP-A,23.43,89.94,13.57,0.0
2026-06-19 04:10:00,F01,TRAP-A,24.26,90.28,15.85,0.0
2026-06-19 04:20:00,F01,TRAP-A,22.75,83.4,14.97,0.0
2026-06-19 04:30:00,F01,TRAP-A,22.97,86.96,13.9,0.0
2026-06-19 04:40:00,F01,TRAP-A,23.38,87.22,15.21,0.0
2026-06-19 04:50:00,F01,TRAP-A,22.07,91.18,11.92,0.0
2026-06-19 05:00:00,F01,TRAP-A,24.01,86.58,16.38,0.0
2026-06-19 05:10:00,F01,TRAP-A,22.53,85.82,12.64,0.0
2026-06-19 05:20:00,F01,TRAP-A,24.23,89.41,15.16,0.0
2026-06-19 05:30:00,F01,TRAP-A,25.04,82.8,12.34,0.0
2026-06-19 05:40:00,F01,TRAP-A,24.13,81.13,12.36,0.0
2026-06-19 05:50:00,F01,TRAP-A,26.02,84.85,12.11,0.0
2026-06-19 06:00:00,F01,TRAP-A,23.68,81.57,19.23,0.0
2026-06-19 06:10:00,F01,TRAP-A,25.97,81.08,14.77,0.0
2026-06-19 06:20:00,F01,TRAP-A,25.74,85.45,13.32,0.0
2026-06-19 06:30:00,F01,TRAP-A,24.0,85.6,16.6,0.0
2026-06-19 06:40:00,F01,TRAP-A,27.73,84.76,14.87,0.0
2026-06-19 06:50:00,F01,TRAP-A,25.7,84.94,14.79,0.0
2026-06-19 07:00:00,F01,TRAP-A,25.24,84.64,13.84,0.0
2026-06-19 07:10:00,F01,TRAP-A,25.01,75.57,11.81,0.0
2026-06-19 07:20:00,F01,TRAP-A,26.15,81.38,12.62,0.0
2026-06-19 07:30:00,F01,TRAP-A,26.42,78.28,12.0,0.0
2026-06-19 07:40:00,F01,TRAP-A,26.8,77.08,14.84,0.0
2026-06-19 07:50:00,F01,TRAP-A,26.67,79.7,12.36,0.0
2026-06-19 08:00:00,F01,TRAP-A,27.61,73.32,13.21,0.0
2026-06-19 08:10:00,F01,TRAP-A,26.99,72.61,12.63,0.0
2026-06-19 08:20:00,F01,TRAP-A,25.95,77.92,11.68,0.0
2026-06-19 08:30:00,F01,TRAP-A,27.57,76.91,20.65,0.0
2026-06-19 08:40:00,F01,TRAP-A,25.99,75.38,19.13,0.0
2026-06-19 08:50:00,F01,TRAP-A,28.36,72.2,11.15,5.01
2026-06-19 09:00:00,F01,TRAP-A,27.48,75.63,16.03,0.0
2026-06-19 09:10:00,F01,TRAP-A,28.59,74.85,12.64,0.0
2026-06-19 09:20:00,F01,TRAP-A,29.69,72.75,14.96,0.0
2026-06-19 09:30:00,F01,TRAP-A,28.06,68.99,10.85,0.0
2026-06-19 09:40:00,F01,TRAP-A,29.85,70.27,10.64,0.0
2026-06-19 09:50:00,F01,TRAP-A,28.83,72.85,16.71,0.0
2026-06-19 10:00:00,F01,TRAP-A,30.75,73.51,16.76,1.32
2026-06-19 10:10:00,F01,TRAP-A,29.22,68.82,11.64,0.0
2026-06-19 10:20:00,F01,TRAP-A,29.0,68.48,15.73,0.0
2026-06-19 10:30:00,F01,TRAP-A,30.37,68.18,12.74,0.0
2026-06-19 10:40:00,F01,TRAP-A,29.63,68.77,9.89,0.0
2026-06-19 10:50:00,F01,TRAP-A,29.45,66.15,10.31,0.0
2026-06-19 11:00:00,F01,TRAP-A,29.88,59.91,9.38,0.0
2026-06-19 11:10:00,F01,TRAP-A,30.35,69.68,13.23,0.0
2026-06-19 11:20:00,F01,TRAP-A,31.59,70.77,21.25,0.0
2026-06-19 11:30:00,F01,TRAP-A,29.09,64.35,10.8,0.0
2026-06-19 11:40:00,F01,TRAP-A,30.77,62.84,11.45,0.0
2026-06-19 11:50:00,F01,TRAP-A,31.35,64.82,12.19,0.0
2026-06-19 12:00:00,F01,TRAP-A,31.1,64.36,8.67,0.0
2026-06-19 12:10:00,F01,TRAP-A,32.09,67.02,8.96,0.0
2026-06-19 12:20:00,F01,TRAP-A,31.06,64.39,9.15,0.0
2026-06-19 12:30:00,F01,TRAP-A,31.05,62.03,10.09,0.0
2026-06-19 12:40:00,F01,TRAP-A,31.74,60.49,12.91,0.0
2026-06-19 12:50:00,F01,TRAP-A,31.4,65.75,7.92,0.0
2026-06-19 13:00:00,F01,TRAP-A,31.06,64.92,8.78,0.0
2026-06-19 13:10:00,F01,TRAP-A,31.83,65.93,10.88,0.0
2026-06-19 13:20:00,F01,TRAP-A,30.93,60.75,6.82,0.0
2026-06-19 13:30:00,F01,TRAP-A,30.99,67.68,8.54,0.0
2026-06-19 13:40:00,F01,TRAP-A,31.07,58.67,6.69,0.0
2026-06-19 13:50:00,F01,TRAP-A,32.58,64.78,8.39,0.0
2026-06-19 14:00:00,F01,TRAP-A,28.92,58.23,10.3,0.0
2026-06-19 14:10:00,F01,TRAP-A,31.81,61.06,6.58,0.0
2026-06-19 14:20:00,F01,TRAP-A,31.5,67.0,11.31,0.0
2026-06-19 14:30:00,F01,TRAP-A,30.1,65.26,6.71,0.0
2026-06-19 14:40:00,F01,TRAP-A,31.66,61.93,5.99,0.0
2026-06-19 14:50:00,F01,TRAP-A,31.75,62.14,7.11,0.0
2026-06-19 15:00:00,F01,TRAP-A,31.79,63.86,11.37,0.0
2026-06-19 15:10:00,F01,TRAP-A,29.14,65.09,5.2,0.0
2026-06-19 15:20:00,F01,TRAP-A,32.28,67.16,6.07,0.0
2026-06-19 15:30:00,F01,TRAP-A,30.52,63.14,7.95,0.0
2026-06-19 15:40:00,F01,TRAP-A,31.58,60.53,6.0,0.0
2026-06-19 15:50:00,F01,TRAP-A,31.53,65.26,4.8,0.0
2026-06-19 16:00:00,F01,TRAP-A,30.14,64.05,5.7,0.0
2026-06-19 16:10:00,F01,TRAP-A,31.26,62.3,9.57,0.0
2026-06-19 16:20:00,F01,TRAP-A,30.31,66.67,14.66,0.0
2026-06-19 16:30:00,F01,TRAP-A,28.85,65.79,4.39,2.53
2026-06-19 16:40:00,F01,TRAP-A,31.31,67.51,6.74,0.0
2026-06-19 16:50:00,F01,TRAP-A,29.62,64.95,4.49,0.0
2026-06-19 17:00:00,F01,TRAP-A,29.42,68.87,7.53,0.0
2026-06-19 17:10:00,F01,TRAP-A,29.64,64.84,4.1,0.0
2026-06-19 17:20:00,F01,TRAP-A,30.03,66.57,4.09,0.0
2026-06-19 17:30:00,F01,TRAP-A,29.61,68.55,8.52,0.0
2026-06-19 17:40:00,F01,TRAP-A,29.93,74.05,4.24,0.0
2026-06-19 17:50:00,F01,TRAP-A,28.25,72.21,5.09,0.0
2026-06-19 18:00:00,F01,TRAP-A,28.56,73.51,13.51,0.0
2026-06-19 18:10:00,F01,TRAP-A,28.89,74.94,16.66,0.0
2026-06-19 18:20:00,F01,TRAP-A,30.32,81.0,4.55,0.0
2026-06-19 18:30:00,F01,TRAP-A,28.53,72.7,6.52,0.0
2026-06-19 18:40:00,F01,TRAP-A,29.3,76.76,6.54,0.0
2026-06-19 18:50:00,F01,TRAP-A,28.28,76.37,5.92,0.0
2026-06-19 19:00:00,F01,TRAP-A,27.67,76.96,11.92,0.0
2026-06-19 19:10:00,F01,TRAP-A,27.67,79.54,8.42,0.0
2026-06-19 19:20:00,F01,TRAP-A,27.54,74.7,8.61,0.0
2026-06-19 19:30:00,F01,TRAP-A,27.96,75.16,5.28,0.0
2026-06-19 19:40:00,F01,TRAP-A,28.38,77.85,6.13,0.0
2026-06-19 19:50:00,F01,TRAP-A,27.38,77.25,6.5,0.0
2026-06-19 20:00:00,F01,TRAP-A,27.84,79.16,5.65,0.0
2026-06-19 20:10:00,F01,TRAP-A,25.92,82.92,4.98,0.0
2026-06-19 20:20:00,F01,TRAP-A,26.17,78.47,5.19,0.0
2026-06-19 20:30:00,F01,TRAP-A,25.73,79.56,5.48,0.0
2026-06-19 20:40:00,F01,TRAP-A,26.36,81.4,5.68,0.0
2026-06-19 20:50:00,F01,TRAP-A,25.63,81.03,5.95,0.0
2026-06-19 21:00:00,F01,TRAP-A,26.31,77.45,6.13,0.0
2026-06-19 21:10:00,F01,TRAP-A,24.8,81.4,7.19,0.0
2026-06-19 21:20:00,F01,TRAP-A,25.39,85.19,7.64,0.0
2026-06-19 21:30:00,F01,TRAP-A,25.73,87.67,6.75,0.0
2026-06-19 21:40:00,F01,TRAP-A,23.35,81.78,12.92,0.0
2026-06-19 21:50:00,F01,TRAP-A,26.52,82.35,8.35,0.0
2026-06-19 22:00:00,F01,TRAP-A,24.43,85.89,10.73,0.0
2026-06-19 22:10:00,F01,TRAP-A,22.87,81.17,13.98,0.0
2026-06-19 22:20:00,F01,TRAP-A,24.46,85.79,6.93,0.0
2026-06-19 22:30:00,F01,TRAP-A,24.2,83.08,8.23,0.0
2026-06-19 22:40:00,F01,TRAP-A,23.96,91.34,8.43,0.0
2026-06-19 22:50:00,F01,TRAP-A,24.67,86.48,8.2,0.0
2026-06-19 23:00:00,F01,TRAP-A,24.34,92.99,7.09,0.0
2026-06-19 23:10:00,F01,TRAP-A,23.85,92.09,12.31,0.0
2026-06-19 23:20:00,F01,TRAP-A,23.84,88.11,7.76,0.0
2026-06-19 23:30:00,F01,TRAP-A,23.28,87.44,23.77,0.0
2026-06-19 23:40:00,F01,TRAP-A,24.67,90.01,12.2,0.0
2026-06-19 23:50:00,F01,TRAP-A,21.96,90.58,10.53,0.0
2026-06-20 00:00:00,F01,TRAP-A,23.16,92.03,8.6,0.0
2026-06-20 00:10:00,F01,TRAP-A,23.01,89.53,10.44,0.0
2026-06-20 00:20:00,F01,TRAP-A,23.53,93.61,9.35,0.0
2026-06-20 00:30:00,F01,TRAP-A,22.13,92.66,9.49,0.0
2026-06-20 00:40:00,F01,TRAP-A,21.34,91.36,14.1,0.0
2026-06-20 00:50:00,F01,TRAP-A,22.8,90.63,10.4,0.0
2026-06-20 01:00:00,F01,TRAP-A,22.85,92.12,10.93,0.0
2026-06-20 01:10:00,F01,TRAP-A,23.78,90.68,14.85,0.0
2026-06-20 01:20:00,F01,TRAP-A,21.53,92.98,9.73,0.0
2026-06-20 01:30:00,F01,TRAP-A,23.45,93.13,12.33,0.0
2026-06-20 01:40:00,F01,TRAP-A,24.4,93.62,12.37,0.0
2026-06-20 01:50:00,F01,TRAP-A,22.2,97.41,11.59,0.0
2026-06-20 02:00:00,F01,TRAP-A,21.47,92.66,15.4,0.0
2026-06-20 02:10:00,F01,TRAP-A,22.18,95.48,18.82,0.0
2026-06-20 02:20:00,F01,TRAP-A,22.54,93.48,12.25,0.0
2026-06-20 02:30:00,F01,TRAP-A,23.01,92.22,12.34,0.0
2026-06-20 02:40:00,F01,TRAP-A,22.12,92.41,12.74,0.0
2026-06-20 02:50:00,F01,TRAP-A,23.88,92.41,14.63,0.0
2026-06-20 03:00:00,F01,TRAP-A,21.79,93.09,14.2,0.0
2026-06-20 03:10:00,F01,TRAP-A,21.35,89.79,11.77,0.0
2026-06-20 03:20:00,F01,TRAP-A,23.7,88.3,11.32,0.0
2026-06-20 03:30:00,F01,TRAP-A,21.07,93.35,20.17,0.0
2026-06-20 03:40:00,F01,TRAP-A,22.81,93.68,12.24,0.0
2026-06-20 03:50:00,F01,TRAP-A,25.55,93.0,14.48,0.0
2026-06-20 04:00:00,F01,TRAP-A,23.15,91.19,16.8,0.0
2026-06-20 04:10:00,F01,TRAP-A,22.37,92.37,12.66,0.0
2026-06-20 04:20:00,F01,TRAP-A,23.33,91.86,14.69,0.0
2026-06-20 04:30:00,F01,TRAP-A,23.46,91.64,12.07,0.0
2026-06-20 04:40:00,F01,TRAP-A,23.75,87.1,22.3,0.0
2026-06-20 04:50:00,F01,TRAP-A,24.29,86.07,12.02,0.0
2026-06-20 05:00:00,F01,TRAP-A,23.07,87.37,13.62,0.0
2026-06-20 05:10:00,F01,TRAP-A,25.39,87.82,14.23,0.0
2026-06-20 05:20:00,F01,TRAP-A,24.39,86.75,16.64,0.0
2026-06-20 05:30:00,F01,TRAP-A,24.93,82.15,12.36,0.0
2026-06-20 05:40:00,F01,TRAP-A,24.01,90.61,13.74,0.0
2026-06-20 05:50:00,F01,TRAP-A,25.7,85.06,13.07,0.0
2026-06-20 06:00:00,F01,TRAP-A,24.64,85.61,13.12,0.0
2026-06-20 06:10:00,F01,TRAP-A,25.24,87.71,16.52,0.0
2026-06-20 06:20:00,F01,TRAP-A,24.45,78.14,11.99,0.0
2026-06-20 06:30:00,F01,TRAP-A,24.58,82.12,16.1,0.0
2026-06-20 06:40:00,F01,TRAP-A,26.12,81.82,16.91,0.0
2026-06-20 06:50:00,F01,TRAP-A,25.4,81.32,18.83,0.0
2026-06-20 07:00:00,F01,TRAP-A,25.26,81.09,14.79,0.0
2026-06-20 07:10:00,F01,TRAP-A,25.62,84.51,13.0,0.0
2026-06-20 07:20:00,F01,TRAP-A,26.89,81.93,13.4,0.0
2026-06-20 07:30:00,F01,TRAP-A,26.02,81.99,22.15,0.0
2026-06-20 07:40:00,F01,TRAP-A,26.62,79.06,17.97,0.0
2026-06-20 07:50:00,F01,TRAP-A,26.93,74.79,13.37,0.0
2026-06-20 08:00:00,F01,TRAP-A,25.58,72.43,20.01,0.0
2026-06-20 08:10:00,F01,TRAP-A,26.13,73.16,16.51,0.0
2026-06-20 08:20:00,F01,TRAP-A,27.77,77.23,18.16,0.0
2026-06-20 08:30:00,F01,TRAP-A,27.11,75.76,14.56,0.0
2026-06-20 08:40:00,F01,TRAP-A,28.73,74.51,16.85,0.0
2026-06-20 08:50:00,F01,TRAP-A,28.85,73.48,17.55,0.0
2026-06-20 09:00:00,F01,TRAP-A,28.85,78.79,11.05,0.0
2026-06-20 09:10:00,F01,TRAP-A,29.91,71.08,20.71,2.45
2026-06-20 09:20:00,F01,TRAP-A,28.58,74.85,11.71,0.0
2026-06-20 09:30:00,F01,TRAP-A,29.34,71.93,12.1,0.13
2026-06-20 09:40:00,F01,TRAP-A,28.53,71.18,14.92,0.0
2026-06-20 09:50:00,F01,TRAP-A,31.14,73.69,13.35,0.05
2026-06-20 10:00:00,F01,TRAP-A,30.93,73.84,16.62,0.0
2026-06-20 10:10:00,F01,TRAP-A,29.52,69.03,11.3,0.0
2026-06-20 10:20:00,F01,TRAP-A,29.98,71.1,11.0,0.0
2026-06-20 10:30:00,F01,TRAP-A,30.91,69.49,9.54,0.0
2026-06-20 10:40:00,F01,TRAP-A,29.86,68.1,11.14,0.0
2026-06-20 10:50:00,F01,TRAP-A,29.6,68.11,12.97,0.0
2026-06-20 11:00:00,F01,TRAP-A,30.96,65.42,10.02,0.0
2026-06-20 11:10:00,F01,TRAP-A,30.45,65.93,10.63,0.0
2026-06-20 11:20:00,F01,TRAP-A,30.66,64.83,9.34,0.0
2026-06-20 11:30:00,F01,TRAP-A,29.97,68.13,12.87,0.0
2026-06-20 11:40:00,F01,TRAP-A,29.37,65.27,8.44,0.0
2026-06-20 11:50:00,F01,TRAP-A,31.04,61.91,11.74,0.0
2026-06-20 12:00:00,F01,TRAP-A,31.68,63.02,9.33,0.0
2026-06-20 12:10:00,F01,TRAP-A,30.86,56.53,7.86,0.0
2026-06-20 12:20:00,F01,TRAP-A,32.27,63.02,13.32,0.0
2026-06-20 12:30:00,F01,TRAP-A,30.64,64.1,9.39,0.0
2026-06-20 12:40:00,F01,TRAP-A,30.42,63.44,9.95,0.0
2026-06-20 12:50:00,F01,TRAP-A,31.27,68.54,10.99,0.0
2026-06-20 13:00:00,F01,TRAP-A,31.31,64.86,10.06,0.0
2026-06-20 13:10:00,F01,TRAP-A,32.03,64.61,10.64,0.0
2026-06-20 13:20:00,F01,TRAP-A,30.83,59.06,10.85,0.0
2026-06-20 13:30:00,F01,TRAP-A,32.57,62.17,9.05,0.0
2026-06-20 13:40:00,F01,TRAP-A,33.06,61.81,7.59,0.0
2026-06-20 13:50:00,F01,TRAP-A,31.47,61.04,6.9,0.0
2026-06-20 14:00:00,F01,TRAP-A,32.5,61.0,12.91,0.0
2026-06-20 14:10:00,F01,TRAP-A,30.64,58.51,16.28,0.0
2026-06-20 14:20:00,F01,TRAP-A,32.33,59.9,6.95,0.0
2026-06-20 14:30:00,F01,TRAP-A,32.28,65.37,5.85,0.0
2026-06-20 14:40:00,F01,TRAP-A,32.1,62.94,6.11,0.0
2026-06-20 14:50:00,F01,TRAP-A,31.36,62.17,8.56,0.0
2026-06-20 15:00:00,F01,TRAP-A,28.95,63.6,5.67,0.0
2026-06-20 15:10:00,F01,TRAP-A,30.74,66.73,9.53,0.0
2026-06-20 15:20:00,F01,TRAP-A,30.69,64.05,12.57,0.0
2026-06-20 15:30:00,F01,TRAP-A,30.33,65.64,14.71,0.0
2026-06-20 15:40:00,F01,TRAP-A,31.13,62.45,4.7,0.0
2026-06-20 15:50:00,F01,TRAP-A,30.6,63.32,14.1,1.46
2026-06-20 16:00:00,F01,TRAP-A,30.18,66.08,8.53,0.0
2026-06-20 16:10:00,F01,TRAP-A,29.89,70.28,4.67,0.0
2026-06-20 16:20:00,F01,TRAP-A,30.05,69.5,5.94,0.0
2026-06-20 16:30:00,F01,TRAP-A,31.4,67.78,7.88,0.0
2026-06-20 16:40:00,F01,TRAP-A,29.85,67.13,13.63,0.0
2026-06-20 16:50:00,F01,TRAP-A,29.83,70.7,4.69,0.0
2026-06-20 17:00:00,F01,TRAP-A,29.74,69.64,4.52,0.0
2026-06-20 17:10:00,F01,TRAP-A,30.23,62.41,5.99,0.0
2026-06-20 17:20:00,F01,TRAP-A,30.17,66.01,14.38,1.23
2026-06-20 17:30:00,F01,TRAP-A,27.22,70.01,14.68,0.0
2026-06-20 17:40:00,F01,TRAP-A,30.31,65.23,4.78,0.0
2026-06-20 17:50:00,F01,TRAP-A,30.47,68.01,5.15,0.0
2026-06-20 18:00:00,F01,TRAP-A,28.31,69.07,11.16,0.0
2026-06-20 18:10:00,F01,TRAP-A,28.2,70.76,7.99,0.0
2026-06-20 18:20:00,F01,TRAP-A,28.44,71.28,14.79,0.0
2026-06-20 18:30:00,F01,TRAP-A,28.01,71.88,10.76,0.0
2026-06-20 18:40:00,F01,TRAP-A,28.61,75.28,4.81,0.0
2026-06-20 18:50:00,F01,TRAP-A,26.69,73.18,8.4,0.82
2026-06-20 19:00:00,F01,TRAP-A,27.16,73.51,4.31,0.0
2026-06-20 19:10:00,F01,TRAP-A,29.1,71.74,9.32,0.0
2026-06-20 19:20:00,F01,TRAP-A,26.93,78.32,7.04,0.0
2026-06-20 19:30:00,F01,TRAP-A,28.47,74.73,13.72,0.0
2026-06-20 19:40:00,F01,TRAP-A,27.57,74.34,14.08,0.0
2026-06-20 19:50:00,F01,TRAP-A,25.64,78.25,4.66,0.0
2026-06-20 20:00:00,F01,TRAP-A,27.4,76.45,5.11,0.0
2026-06-20 20:10:00,F01,TRAP-A,26.6,77.71,6.67,0.0
2026-06-20 20:20:00,F01,TRAP-A,26.13,80.32,11.13,0.0
2026-06-20 20:30:00,F01,TRAP-A,26.5,79.51,9.94,0.0
2026-06-20 20:40:00,F01,TRAP-A,26.49,86.75,15.0,0.0
2026-06-20 20:50:00,F01,TRAP-A,26.48,81.42,8.01,0.0
2026-06-20 21:00:00,F01,TRAP-A,26.67,83.78,6.13,0.0
2026-06-20 21:10:00,F01,TRAP-A,25.87,78.01,5.45,0.0
2026-06-20 21:20:00,F01,TRAP-A,24.26,81.32,6.26,0.0
2026-06-20 21:30:00,F01,TRAP-A,24.8,81.36,9.02,0.0
2026-06-20 21:40:00,F01,TRAP-A,27.35,82.29,13.61,0.0
2026-06-20 21:50:00,F01,TRAP-A,25.4,86.29,7.1,0.0
2026-06-20 22:00:00,F01,TRAP-A,26.55,88.41,12.34,0.0
2026-06-20 22:10:00,F01,TRAP-A,25.61,87.23,7.75,0.0
2026-06-20 22:20:00,F01,TRAP-A,24.52,86.34,7.51,0.0
2026-06-20 22:30:00,F01,TRAP-A,24.41,85.85,8.69,0.0
2026-06-20 22:40:00,F01,TRAP-A,23.99,90.71,8.48,0.0
2026-06-20 22:50:00,F01,TRAP-A,22.49,93.58,14.25,0.0
2026-06-20 23:00:00,F01,TRAP-A,23.75,89.2,8.96,0.0
2026-06-20 23:10:00,F01,TRAP-A,24.58,91.65,8.21,0.0
2026-06-20 23:20:00,F01,TRAP-A,23.0,90.58,12.95,0.0
2026-06-20 23:30:00,F01,TRAP-A,23.69,92.01,27.63,0.0
2026-06-20 23:40:00,F01,TRAP-A,23.93,87.58,10.88,2.76
2026-06-20 23:50:00,F01,TRAP-A,22.42,89.63,8.79,0.0
2026-06-21 00:00:00,F01,TRAP-A,22.69,92.16,8.92,0.0
2026-06-21 00:10:00,F01,TRAP-A,22.14,94.5,8.45,0.0
2026-06-21 00:20:00,F01,TRAP-A,22.22,89.7,8.69,1.51
2026-06-21 00:30:00,F01,TRAP-A,21.77,86.91,16.01,0.0
2026-06-21 00:40:00,F01,TRAP-A,22.01,90.97,9.1,0.0
2026-06-21 00:50:00,F01,TRAP-A,23.81,94.94,10.95,0.0
2026-06-21 01:00:00,F01,TRAP-A,21.89,88.62,12.72,0.0
2026-06-21 01:10:00,F01,TRAP-A,22.69,89.78,15.0,0.0
2026-06-21 01:20:00,F01,TRAP-A,22.15,93.22,10.02,0.0
2026-06-21 01:30:00,F01,TRAP-A,23.47,92.63,11.35,0.0
2026-06-21 01:40:00,F01,TRAP-A,23.56,94.46,10.65,0.0
2026-06-21 01:50:00,F01,TRAP-A,23.19,89.93,10.82,0.0
2026-06-21 02:00:00,F01,TRAP-A,22.75,92.18,11.17,0.85
2026-06-21 02:10:00,F01,TRAP-A,22.33,95.95,12.89,0.0
2026-06-21 02:20:00,F01,TRAP-A,21.57,89.92,10.42,0.0
2026-06-21 02:30:00,F01,TRAP-A,24.11,96.51,12.09,0.0
2026-06-21 02:40:00,F01,TRAP-A,21.98,90.03,11.27,0.0
2026-06-21 02:50:00,F01,TRAP-A,23.16,94.68,21.02,0.0
2026-06-21 03:00:00,F01,TRAP-A,23.53,91.46,13.52,0.0
2026-06-21 03:10:00,F01,TRAP-A,22.3,89.33,17.09,0.0
2026-06-21 03:20:00,F01,TRAP-A,23.64,90.72,11.78,0.0
2026-06-21 03:30:00,F01,TRAP-A,23.5,93.07,16.22,0.0
2026-06-21 03:40:00,F01,TRAP-A,24.35,91.42,12.94,0.0
2026-06-21 03:50:00,F01,TRAP-A,22.69,93.93,12.01,0.0
2026-06-21 04:00:00,F01,TRAP-A,22.13,94.39,15.81,0.0
2026-06-21 04:10:00,F01,TRAP-A,22.86,87.49,15.9,0.0
2026-06-21 04:20:00,F01,TRAP-A,23.55,86.93,28.15,0.0
2026-06-21 04:30:00,F01,TRAP-A,23.55,86.41,16.29,0.0
2026-06-21 04:40:00,F01,TRAP-A,23.31,87.0,12.26,0.0
2026-06-21 04:50:00,F01,TRAP-A,22.23,91.56,13.01,0.0
2026-06-21 05:00:00,F01,TRAP-A,24.27,89.74,13.69,0.0
2026-06-21 05:10:00,F01,TRAP-A,25.62,86.49,12.33,0.0
2026-06-21 05:20:00,F01,TRAP-A,24.57,87.33,16.61,0.0
2026-06-21 05:30:00,F01,TRAP-A,24.84,90.34,14.22,0.0
2026-06-21 05:40:00,F01,TRAP-A,24.97,91.07,20.66,0.0
2026-06-21 05:50:00,F01,TRAP-A,24.99,86.39,14.67,0.0
2026-06-21 06:00:00,F01,TRAP-A,25.59,78.53,14.22,0.0
2026-06-21 06:10:00,F01,TRAP-A,25.34,85.34,12.21,0.0
2026-06-21 06:20:00,F01,TRAP-A,24.95,86.34,12.46,0.0
2026-06-21 06:30:00,F01,TRAP-A,24.75,83.96,17.63,0.0
2026-06-21 06:40:00,F01,TRAP-A,25.37,84.59,25.95,0.0
2026-06-21 06:50:00,F01,TRAP-A,26.01,83.05,13.49,0.0
2026-06-21 07:00:00,F01,TRAP-A,25.69,78.43,16.82,0.0
2026-06-21 07:10:00,F01,TRAP-A,26.39,78.67,14.75,0.0
2026-06-21 07:20:00,F01,TRAP-A,26.68,79.43,21.31,0.0
2026-06-21 07:30:00,F01,TRAP-A,27.19,82.25,12.47,0.0
2026-06-21 07:40:00,F01,TRAP-A,27.75,77.02,13.94,0.0
2026-06-21 07:50:00,F01,TRAP-A,26.98,79.42,13.08,0.0
2026-06-21 08:00:00,F01,TRAP-A,26.07,78.39,13.75,0.0
2026-06-21 08:10:00,F01,TRAP-A,27.03,80.94,12.26,0.0
2026-06-21 08:20:00,F01,TRAP-A,27.54,76.22,13.28,0.0
2026-06-21 08:30:00,F01,TRAP-A,26.23,71.29,14.05,0.0
2026-06-21 08:40:00,F01,TRAP-A,29.0,76.65,11.25,0.0
2026-06-21 08:50:00,F01,TRAP-A,28.2,79.73,14.96,0.0
2026-06-21 09:00:00,F01,TRAP-A,28.58,75.54,14.43,0.0
2026-06-21 09:10:00,F01,TRAP-A,29.55,71.17,17.0,0.0
2026-06-21 09:20:00,F01,TRAP-A,28.14,69.82,12.16,0.0
2026-06-21 09:30:00,F01,TRAP-A,29.28,69.53,10.55,0.0
2026-06-21 09:40:00,F01,TRAP-A,28.91,76.33,12.07,0.0
2026-06-21 09:50:00,F01,TRAP-A,29.03,69.93,10.51,0.0
2026-06-21 10:00:00,F01,TRAP-A,28.73,68.52,13.04,0.0
2026-06-21 10:10:00,F01,TRAP-A,30.84,69.23,9.9,0.0
2026-06-21 10:20:00,F01,TRAP-A,29.37,68.3,11.0,0.0
2026-06-21 10:30:00,F01,TRAP-A,30.39,72.49,9.7,4.88
2026-06-21 10:40:00,F01,TRAP-A,28.48,65.54,9.28,0.0
2026-06-21 10:50:00,F01,TRAP-A,31.07,70.55,18.81,0.0
2026-06-21 11:00:00,F01,TRAP-A,31.1,67.44,25.6,0.0
2026-06-21 11:10:00,F01,TRAP-A,30.47,69.71,11.2,0.0
2026-06-21 11:20:00,F01,TRAP-A,30.34,70.23,9.42,0.0
2026-06-21 11:30:00,F01,TRAP-A,30.96,66.09,15.68,0.0
2026-06-21 11:40:00,F01,TRAP-A,32.58,64.71,15.94,0.0
2026-06-21 11:50:00,F01,TRAP-A,29.44,65.32,13.86,0.0
2026-06-21 12:00:00,F01,TRAP-A,31.58,64.59,10.26,0.0
2026-06-21 12:10:00,F01,TRAP-A,30.31,60.38,7.96,0.0
2026-06-21 12:20:00,F01,TRAP-A,31.11,68.13,7.83,0.0
2026-06-21 12:30:00,F01,TRAP-A,31.0,64.62,14.19,0.0
2026-06-21 12:40:00,F01,TRAP-A,30.92,60.87,13.47,0.0
2026-06-21 12:50:00,F01,TRAP-A,31.32,58.42,8.75,0.0
2026-06-21 13:00:00,F01,TRAP-A,30.47,57.6,8.06,0.0
2026-06-21 13:10:00,F01,TRAP-A,32.24,65.21,9.8,0.0
2026-06-21 13:20:00,F01,TRAP-A,30.01,61.62,11.47,0.0
2026-06-21 13:30:00,F01,TRAP-A,31.91,61.95,10.32,0.0
2026-06-21 13:40:00,F01,TRAP-A,31.23,64.25,9.09,0.0
2026-06-21 13:50:00,F01,TRAP-A,30.56,61.71,6.85,5.94
2026-06-21 14:00:00,F01,TRAP-A,31.66,64.37,6.83,0.0
2026-06-21 14:10:00,F01,TRAP-A,30.24,63.27,9.63,0.0
2026-06-21 14:20:00,F01,TRAP-A,31.5,62.88,10.49,0.0
2026-06-21 14:30:00,F01,TRAP-A,30.31,59.25,5.86,0.0
2026-06-21 14:40:00,F01,TRAP-A,31.78,61.25,5.98,2.07
2026-06-21 14:50:00,F01,TRAP-A,30.63,64.95,8.65,0.0
2026-06-21 15:00:00,F01,TRAP-A,30.96,61.91,6.58,0.0
2026-06-21 15:10:00,F01,TRAP-A,31.49,66.83,7.47,0.0
2026-06-21 15:20:00,F01,TRAP-A,30.57,69.9,7.73,0.0
2026-06-21 15:30:00,F01,TRAP-A,31.07,65.93,9.26,0.0
2026-06-21 15:40:00,F01,TRAP-A,29.82,68.3,9.58,0.0
2026-06-21 15:50:00,F01,TRAP-A,31.44,66.67,5.56,0.0
2026-06-21 16:00:00,F01,TRAP-A,32.25,63.87,6.82,0.0
2026-06-21 16:10:00,F01,TRAP-A,32.97,66.06,4.8,0.0
2026-06-21 16:20:00,F01,TRAP-A,30.69,70.97,9.87,0.0
2026-06-21 16:30:00,F01,TRAP-A,31.13,65.02,9.87,0.0
2026-06-21 16:40:00,F01,TRAP-A,28.95,64.16,5.28,0.0
2026-06-21 16:50:00,F01,TRAP-A,31.44,64.36,4.68,0.0
2026-06-21 17:00:00,F01,TRAP-A,30.72,67.12,4.33,0.0
2026-06-21 17:10:00,F01,TRAP-A,29.57,65.64,6.64,0.0
2026-06-21 17:20:00,F01,TRAP-A,30.79,72.83,4.33,0.0
2026-06-21 17:30:00,F01,TRAP-A,29.45,69.71,7.45,0.0
2026-06-21 17:40:00,F01,TRAP-A,29.12,72.14,7.41,0.0
2026-06-21 17:50:00,F01,TRAP-A,29.7,69.51,6.86,0.0
2026-06-21 18:00:00,F01,TRAP-A,28.3,67.98,10.28,0.0
2026-06-21 18:10:00,F01,TRAP-A,29.79,68.14,5.44,0.0
2026-06-21 18:20:00,F01,TRAP-A,27.95,69.73,11.0,0.0
2026-06-21 18:30:00,F01,TRAP-A,27.78,73.48,4.16,0.0
2026-06-21 18:40:00,F01,TRAP-A,27.7,74.52,4.44,0.0
2026-06-21 18:50:00,F01,TRAP-A,28.85,75.36,5.71,0.0
2026-06-21 19:00:00,F01,TRAP-A,27.56,70.76,6.87,0.0
2026-06-21 19:10:00,F01,TRAP-A,26.78,75.12,4.32,0.0
2026-06-21 19:20:00,F01,TRAP-A,27.19,73.2,6.79,0.0
2026-06-21 19:30:00,F01,TRAP-A,27.45,77.42,5.45,0.0
2026-06-21 19:40:00,F01,TRAP-A,26.33,78.27,10.96,0.0
2026-06-21 19:50:00,F01,TRAP-A,26.16,74.79,6.79,0.0
2026-06-21 20:00:00,F01,TRAP-A,28.58,80.8,7.25,0.0
2026-06-21 20:10:00,F01,TRAP-A,26.0,84.88,13.42,0.0
2026-06-21 20:20:00,F01,TRAP-A,26.24,81.77,9.12,0.0
2026-06-21 20:30:00,F01,TRAP-A,26.01,79.92,6.62,0.0
2026-06-21 20:40:00,F01,TRAP-A,25.77,80.18,6.95,0.0
2026-06-21 20:50:00,F01,TRAP-A,26.41,81.09,8.25,0.0
2026-06-21 21:00:00,F01,TRAP-A,26.48,80.34,5.91,0.96
2026-06-21 21:10:00,F01,TRAP-A,25.29,83.5,5.65,0.0
2026-06-21 21:20:00,F01,TRAP-A,24.37,80.64,6.63,0.0
2026-06-21 21:30:00,F01,TRAP-A,26.19,79.36,10.17,0.0
2026-06-21 21:40:00,F01,TRAP-A,24.92,85.23,6.68,0.0
2026-06-21 21:50:00,F01,TRAP-A,26.21,85.31,6.36,0.0
2026-06-21 22:00:00,F01,TRAP-A,22.86,84.4,6.83,5.31
2026-06-21 22:10:00,F01,TRAP-A,24.64,83.17,9.65,0.0
2026-06-21 22:20:00,F01,TRAP-A,25.86,87.63,9.26,0.0
2026-06-21 22:30:00,F01,TRAP-A,23.89,84.95,10.06,0.0
2026-06-21 22:40:00,F01,TRAP-A,23.84,87.58,7.89,0.0
2026-06-21 22:50:00,F01,TRAP-A,24.11,92.82,13.83,0.0
2026-06-21 23:00:00,F01,TRAP-A,23.29,90.5,8.87,1.71
2026-06-21 23:10:00,F01,TRAP-A,23.36,85.89,9.4,0.0
2026-06-21 23:20:00,F01,TRAP-A,23.21,86.54,16.32,0.0
2026-06-21 23:30:00,F01,TRAP-A,22.86,90.51,19.21,0.0
2026-06-21 23:40:00,F01,TRAP-A,24.23,87.06,11.0,0.0
2026-06-21 23:50:00,F01,TRAP-A,23.51,85.85,16.62,0.0
2026-06-22 00:00:00,F01,TRAP-A,23.25,92.51,10.44,0.0
2026-06-22 00:10:00,F01,TRAP-A,23.6,92.28,9.38,0.0
2026-06-22 00:20:00,F01,TRAP-A,22.66,92.88,9.58,0.0
2026-06-22 00:30:00,F01,TRAP-A,22.18,92.66,11.08,0.0
2026-06-22 00:40:00,F01,TRAP-A,22.25,92.06,11.58,0.0
2026-06-22 00:50:00,F01,TRAP-A,22.68,90.76,10.7,0.0
2026-06-22 01:00:00,F01,TRAP-A,21.78,93.87,15.59,0.0
2026-06-22 01:10:00,F01,TRAP-A,22.18,96.55,10.97,0.0
2026-06-22 01:20:00,F01,TRAP-A,22.14,91.58,10.42,0.0
2026-06-22 01:30:00,F01,TRAP-A,24.22,90.36,9.65,0.0
2026-06-22 01:40:00,F01,TRAP-A,20.29,90.13,20.36,0.0
2026-06-22 01:50:00,F01,TRAP-A,22.36,90.83,15.15,0.0
2026-06-22 02:00:00,F01,TRAP-A,23.88,93.5,12.95,0.0
2026-06-22 02:10:00,F01,TRAP-A,22.61,87.62,15.56,0.0
2026-06-22 02:20:00,F01,TRAP-A,23.13,94.0,15.36,0.0
2026-06-22 02:30:00,F01,TRAP-A,22.63,94.43,18.57,0.0
2026-06-22 02:40:00,F01,TRAP-A,22.06,88.21,12.11,0.0
2026-06-22 02:50:00,F01,TRAP-A,20.84,90.11,13.2,0.0
2026-06-22 03:00:00,F01,TRAP-A,22.85,92.59,11.21,0.0
2026-06-22 03:10:00,F01,TRAP-A,22.12,91.83,21.1,0.0
2026-06-22 03:20:00,F01,TRAP-A,22.17,93.26,23.75,0.0
2026-06-22 03:30:00,F01,TRAP-A,22.49,91.36,15.9,0.0
2026-06-22 03:40:00,F01,TRAP-A,24.37,94.59,13.15,7.0
2026-06-22 03:50:00,F01,TRAP-A,24.99,90.32,13.49,0.0
2026-06-22 04:00:00,F01,TRAP-A,23.33,88.34,13.23,0.0
2026-06-22 04:10:00,F01,TRAP-A,22.9,87.78,12.64,0.0
2026-06-22 04:20:00,F01,TRAP-A,22.44,91.9,13.92,0.0
2026-06-22 04:30:00,F01,TRAP-A,23.88,89.74,11.9,0.0
2026-06-22 04:40:00,F01,TRAP-A,25.05,90.83,26.24,0.0
2026-06-22 04:50:00,F01,TRAP-A,23.56,90.33,13.5,0.0
2026-06-22 05:00:00,F01,TRAP-A,22.0,83.29,19.76,0.0
2026-06-22 05:10:00,F01,TRAP-A,24.58,85.0,15.79,0.0
2026-06-22 05:20:00,F01,TRAP-A,24.98,84.8,12.98,0.0
2026-06-22 05:30:00,F01,TRAP-A,23.08,84.79,12.73,0.0
2026-06-22 05:40:00,F01,TRAP-A,24.65,85.24,28.32,0.0
2026-06-22 05:50:00,F01,TRAP-A,25.04,88.23,16.44,0.0
2026-06-22 06:00:00,F01,TRAP-A,24.79,88.16,12.86,0.0
2026-06-22 06:10:00,F01,TRAP-A,24.39,83.85,12.2,0.0
2026-06-22 06:20:00,F01,TRAP-A,26.01,83.36,15.56,0.0
2026-06-22 06:30:00,F01,TRAP-A,25.06,81.62,13.03,0.0
2026-06-22 06:40:00,F01,TRAP-A,24.38,82.99,12.67,0.0
2026-06-22 06:50:00,F01,TRAP-A,24.12,82.65,15.87,0.26
2026-06-22 07:00:00,F01,TRAP-A,26.95,83.53,15.25,0.0
2026-06-22 07:10:00,F01,TRAP-A,26.63,82.87,13.75,0.0
2026-06-22 07:20:00,F01,TRAP-A,26.4,74.47,20.3,0.0
2026-06-22 07:30:00,F01,TRAP-A,26.17,79.2,15.07,0.0
2026-06-22 07:40:00,F01,TRAP-A,26.3,82.39,18.3,0.0
2026-06-22 07:50:00,F01,TRAP-A,26.06,77.18,12.13,0.0
2026-06-22 08:00:00,F01,TRAP-A,26.77,80.47,12.47,0.0
2026-06-22 08:10:00,F01,TRAP-A,25.61,76.2,11.65,0.0
2026-06-22 08:20:00,F01,TRAP-A,26.92,76.75,12.31,0.0
2026-06-22 08:30:00,F01,TRAP-A,27.45,72.82,21.81,0.0
2026-06-22 08:40:00,F01,TRAP-A,28.38,72.27,20.88,0.0
2026-06-22 08:50:00,F01,TRAP-A,28.05,76.2,15.17,0.0
2026-06-22 09:00:00,F01,TRAP-A,28.91,75.96,12.96,0.0
2026-06-22 09:10:00,F01,TRAP-A,29.54,73.19,15.18,0.0
2026-06-22 09:20:00,F01,TRAP-A,29.49,69.44,12.91,0.0
2026-06-22 09:30:00,F01,TRAP-A,29.2,72.02,10.36,0.0
2026-06-22 09:40:00,F01,TRAP-A,29.01,74.46,12.3,0.0
2026-06-22 09:50:00,F01,TRAP-A,28.39,75.1,12.8,0.0
2026-06-22 10:00:00,F01,TRAP-A,29.94,69.38,10.84,0.0
2026-06-22 10:10:00,F01,TRAP-A,30.86,65.47,10.44,9.34
2026-06-22 10:20:00,F01,TRAP-A,29.95,71.19,10.56,0.0
2026-06-22 10:30:00,F01,TRAP-A,31.36,67.88,12.37,0.0
2026-06-22 10:40:00,F01,TRAP-A,28.76,70.43,9.75,0.0
2026-06-22 10:50:00,F01,TRAP-A,29.2,68.29,12.93,0.0
2026-06-22 11:00:00,F01,TRAP-A,30.95,64.92,10.58,0.0
2026-06-22 11:10:00,F01,TRAP-A,30.61,66.83,10.07,0.0
2026-06-22 11:20:00,F01,TRAP-A,31.57,69.54,13.53,0.0
2026-06-22 11:30:00,F01,TRAP-A,30.63,65.5,10.54,0.0
2026-06-22 11:40:00,F01,TRAP-A,30.06,62.91,9.67,0.0
2026-06-22 11:50:00,F01,TRAP-A,30.68,61.18,14.39,0.0
2026-06-22 12:00:00,F01,TRAP-A,29.73,62.89,9.28,0.0
2026-06-22 12:10:00,F01,TRAP-A,30.14,63.5,13.6,0.0
2026-06-22 12:20:00,F01,TRAP-A,31.9,66.3,9.65,0.0
2026-06-22 12:30:00,F01,TRAP-A,31.9,61.2,8.08,0.0
2026-06-22 12:40:00,F01,TRAP-A,31.56,67.66,10.05,0.0
2026-06-22 12:50:00,F01,TRAP-A,29.95,60.24,8.04,0.0
2026-06-22 13:00:00,F01,TRAP-A,31.09,69.25,7.34,0.0
2026-06-22 13:10:00,F01,TRAP-A,30.44,67.59,6.97,0.0
2026-06-22 13:20:00,F01,TRAP-A,32.39,63.52,7.37,0.0
2026-06-22 13:30:00,F01,TRAP-A,31.01,58.96,10.38,0.0
2026-06-22 13:40:00,F01,TRAP-A,30.62,62.89,11.68,0.0
2026-06-22 13:50:00,F01,TRAP-A,31.52,62.04,12.0,0.0
2026-06-22 14:00:00,F01,TRAP-A,30.99,59.82,6.86,0.0
2026-06-22 14:10:00,F01,TRAP-A,32.68,63.76,9.01,0.0
2026-06-22 14:20:00,F01,TRAP-A,30.88,61.04,6.41,0.0
2026-06-22 14:30:00,F01,TRAP-A,30.33,61.4,8.41,0.0
2026-06-22 14:40:00,F01,TRAP-A,29.69,62.79,11.9,0.0
2026-06-22 14:50:00,F01,TRAP-A,31.34,62.01,5.35,0.0
2026-06-22 15:00:00,F01,TRAP-A,30.87,68.81,17.74,0.0
2026-06-22 15:10:00,F01,TRAP-A,30.11,62.47,10.25,0.0
2026-06-22 15:20:00,F01,TRAP-A,32.14,65.14,9.17,2.35
2026-06-22 15:30:00,F01,TRAP-A,31.65,64.66,8.29,0.0
2026-06-22 15:40:00,F01,TRAP-A,31.01,65.45,9.08,0.0
2026-06-22 15:50:00,F01,TRAP-A,32.03,65.95,20.23,0.0
2026-06-22 16:00:00,F01,TRAP-A,31.37,67.41,8.9,0.0
2026-06-22 16:10:00,F01,TRAP-A,30.07,66.23,5.71,0.0
2026-06-22 16:20:00,F01,TRAP-A,29.79,66.5,7.19,4.71
2026-06-22 16:30:00,F01,TRAP-A,31.15,66.48,5.5,0.0
2026-06-22 16:40:00,F01,TRAP-A,30.69,66.41,14.73,0.0
2026-06-22 16:50:00,F01,TRAP-A,30.37,64.92,11.07,0.0
2026-06-22 17:00:00,F01,TRAP-A,29.42,67.52,6.63,0.0
2026-06-22 17:10:00,F01,TRAP-A,30.44,68.76,8.63,0.0
2026-06-22 17:20:00,F01,TRAP-A,29.2,69.66,11.26,0.0
2026-06-22 17:30:00,F01,TRAP-A,29.57,69.63,4.86,0.0
2026-06-22 17:40:00,F01,TRAP-A,30.64,69.13,6.61,0.0
2026-06-22 17:50:00,F01,TRAP-A,28.79,70.12,5.97,0.0
2026-06-22 18:00:00,F01,TRAP-A,27.89,69.45,8.43,0.0
2026-06-22 18:10:00,F01,TRAP-A,28.13,72.2,5.44,0.0
2026-06-22 18:20:00,F01,TRAP-A,29.59,71.46,7.73,0.0
2026-06-22 18:30:00,F01,TRAP-A,28.82,73.07,5.6,0.0
2026-06-22 18:40:00,F01,TRAP-A,28.33,75.73,4.43,0.0
2026-06-22 18:50:00,F01,TRAP-A,27.84,72.08,4.46,0.0
2026-06-22 19:00:00,F01,TRAP-A,28.44,75.98,4.54,5.61
2026-06-22 19:10:00,F01,TRAP-A,27.18,75.21,4.32,0.0
2026-06-22 19:20:00,F01,TRAP-A,27.91,80.83,6.56,0.0
2026-06-22 19:30:00,F01,TRAP-A,26.89,75.88,7.69,0.0
2026-06-22 19:40:00,F01,TRAP-A,26.56,78.81,4.83,0.0
2026-06-22 19:50:00,F01,TRAP-A,26.57,77.77,7.34,0.0
2026-06-22 20:00:00,F01,TRAP-A,26.58,74.91,7.32,0.0
2026-06-22 20:10:00,F01,TRAP-A,26.65,77.74,5.16,0.0
2026-06-22 20:20:00,F01,TRAP-A,26.68,81.89,6.34,0.0
2026-06-22 20:30:00,F01,TRAP-A,23.35,79.26,9.11,0.0
2026-06-22 20:40:00,F01,TRAP-A,25.46,75.43,5.05,0.0
2026-06-22 20:50:00,F01,TRAP-A,25.6,81.54,5.6,0.0
2026-06-22 21:00:00,F01,TRAP-A,26.93,79.52,21.68,0.0
2026-06-22 21:10:00,F01,TRAP-A,24.67,83.21,9.34,0.3
2026-06-22 21:20:00,F01,TRAP-A,25.48,87.37,7.38,3.42
2026-06-22 21:30:00,F01,TRAP-A,26.37,86.02,8.63,0.0
2026-06-22 21:40:00,F01,TRAP-A,23.94,88.53,11.41,0.0
2026-06-22 21:50:00,F01,TRAP-A,25.14,83.86,11.48,0.0
2026-06-22 22:00:00,F01,TRAP-A,24.01,85.47,7.27,0.0
2026-06-22 22:10:00,F01,TRAP-A,24.08,83.77,8.27,0.0
2026-06-22 22:20:00,F01,TRAP-A,23.68,85.21,9.45,0.0
2026-06-22 22:30:00,F01,TRAP-A,23.58,85.12,6.79,0.0
2026-06-22 22:40:00,F01,TRAP-A,26.2,84.67,15.47,0.0
2026-06-22 22:50:00,F01,TRAP-A,24.55,91.83,8.6,0.0
2026-06-22 23:00:00,F01,TRAP-A,24.62,83.65,8.45,0.0
2026-06-22 23:10:00,F01,TRAP-A,24.0,92.74,14.36,0.0
2026-06-22 23:20:00,F01,TRAP-A,22.19,92.85,7.78,0.0
2026-06-22 23:30:00,F01,TRAP-A,23.68,91.38,7.7,0.0
2026-06-22 23:40:00,F01,TRAP-A,24.11,87.72,11.22,0.0
2026-06-22 23:50:00,F01,TRAP-A,22.46,86.9,9.39,0.0
2026-06-23 00:00:00,F01,TRAP-A,23.82,89.81,12.44,0.0
2026-06-23 00:10:00,F01,TRAP-A,23.52,93.04,8.49,0.0
2026-06-23 00:20:00,F01,TRAP-A,24.36,91.76,9.9,0.0
2026-06-23 00:30:00,F01,TRAP-A,22.47,89.39,9.43,0.0
2026-06-23 00:40:00,F01,TRAP-A,21.86,95.09,12.83,0.0
2026-06-23 00:50:00,F01,TRAP-A,22.39,96.63,9.74,0.0
2026-06-23 01:00:00,F01,TRAP-A,23.77,92.02,10.97,0.0
2026-06-23 01:10:00,F01,TRAP-A,21.12,93.0,14.43,0.0
2026-06-23 01:20:00,F01,TRAP-A,20.9,89.06,16.87,0.46
2026-06-23 01:30:00,F01,TRAP-A,22.6,91.88,13.47,0.0
2026-06-23 01:40:00,F01,TRAP-A,22.15,94.25,11.47,0.0
2026-06-23 01:50:00,F01,TRAP-A,22.51,93.88,12.48,0.0
2026-06-23 02:00:00,F01,TRAP-A,23.26,91.73,13.6,0.0
2026-06-23 02:10:00,F01,TRAP-A,22.07,92.28,16.47,0.0
2026-06-23 02:20:00,F01,TRAP-A,21.03,91.79,16.96,0.0
2026-06-23 02:30:00,F01,TRAP-A,24.19,92.12,18.54,0.0
2026-06-23 02:40:00,F01,TRAP-A,21.79,93.76,15.64,0.0
2026-06-23 02:50:00,F01,TRAP-A,21.79,87.64,11.25,0.0
2026-06-23 03:00:00,F01,TRAP-A,23.57,92.2,15.03,0.0
2026-06-23 03:10:00,F01,TRAP-A,22.44,93.06,16.07,0.0
2026-06-23 03:20:00,F01,TRAP-A,22.76,90.53,17.44,0.0
2026-06-23 03:30:00,F01,TRAP-A,23.27,90.51,19.0,0.0
2026-06-23 03:40:00,F01,TRAP-A,23.84,90.3,13.47,0.0
2026-06-23 03:50:00,F01,TRAP-A,22.8,89.92,14.62,0.0
2026-06-23 04:00:00,F01,TRAP-A,24.38,90.81,11.54,0.0
2026-06-23 04:10:00,F01,TRAP-A,21.56,90.76,14.15,0.0
2026-06-23 04:20:00,F01,TRAP-A,23.99,84.81,13.59,0.0
2026-06-23 04:30:00,F01,TRAP-A,22.83,91.29,21.57,0.0
2026-06-23 04:40:00,F01,TRAP-A,24.73,88.51,18.75,0.0
2026-06-23 04:50:00,F01,TRAP-A,23.88,93.63,16.64,0.0
2026-06-23 05:00:00,F01,TRAP-A,23.36,85.35,12.07,0.0
2026-06-23 05:10:00,F01,TRAP-A,24.58,85.68,13.47,0.0
2026-06-23 05:20:00,F01,TRAP-A,24.91,86.83,15.53,0.0
2026-06-23 05:30:00,F01,TRAP-A,24.87,87.85,12.07,0.0
2026-06-23 05:40:00,F01,TRAP-A,23.69,81.41,12.8,4.39
2026-06-23 05:50:00,F01,TRAP-A,24.29,83.66,18.55,0.0
2026-06-23 06:00:00,F01,TRAP-A,24.85,86.64,12.42,0.0
2026-06-23 06:10:00,F01,TRAP-A,24.99,82.21,12.15,0.84
2026-06-23 06:20:00,F01,TRAP-A,25.8,87.41,14.58,0.0
2026-06-23 06:30:00,F01,TRAP-A,23.77,82.25,20.73,0.0
2026-06-23 06:40:00,F01,TRAP-A,25.84,80.52,17.32,0.0
2026-06-23 06:50:00,F01,TRAP-A,25.53,83.67,22.92,0.0
2026-06-23 07:00:00,F01,TRAP-A,25.28,85.53,16.04,0.0
2026-06-23 07:10:00,F01,TRAP-A,25.55,81.91,13.51,0.0
2026-06-23 07:20:00,F01,TRAP-A,26.16,83.37,20.51,0.0
2026-06-23 07:30:00,F01,TRAP-A,23.65,83.76,13.32,0.0
2026-06-23 07:40:00,F01,TRAP-A,26.16,76.62,12.87,0.0
2026-06-23 07:50:00,F01,TRAP-A,26.22,80.61,13.28,0.0
2026-06-23 08:00:00,F01,TRAP-A,27.54,73.8,16.46,0.0
2026-06-23 08:10:00,F01,TRAP-A,26.67,78.02,18.81,1.78
2026-06-23 08:20:00,F01,TRAP-A,27.34,76.13,12.54,0.0
2026-06-23 08:30:00,F01,TRAP-A,28.94,78.77,12.97,0.0
2026-06-23 08:40:00,F01,TRAP-A,28.69,77.94,17.85,0.0
2026-06-23 08:50:00,F01,TRAP-A,28.81,75.8,11.02,0.0
2026-06-23 09:00:00,F01,TRAP-A,27.88,74.49,15.35,0.0
2026-06-23 09:10:00,F01,TRAP-A,28.9,74.39,12.44,0.0
2026-06-23 09:20:00,F01,TRAP-A,28.46,72.66,11.91,0.0
2026-06-23 09:30:00,F01,TRAP-A,28.67,71.75,12.13,0.0
2026-06-23 09:40:00,F01,TRAP-A,29.33,74.92,11.84,0.0
2026-06-23 09:50:00,F01,TRAP-A,28.7,74.64,14.3,0.0
2026-06-23 10:00:00,F01,TRAP-A,30.54,69.81,17.8,0.25
2026-06-23 10:10:00,F01,TRAP-A,29.39,70.21,11.78,0.0
2026-06-23 10:20:00,F01,TRAP-A,30.17,69.29,14.96,0.0
2026-06-23 10:30:00,F01,TRAP-A,31.0,64.53,13.38,0.0
2026-06-23 10:40:00,F01,TRAP-A,30.81,67.22,10.47,0.0
2026-06-23 10:50:00,F01,TRAP-A,29.0,71.58,11.76,5.43
2026-06-23 11:00:00,F01,TRAP-A,30.62,65.25,12.23,0.0
2026-06-23 11:10:00,F01,TRAP-A,31.08,71.97,8.84,0.0
2026-06-23 11:20:00,F01,TRAP-A,31.23,69.19,10.1,0.0
2026-06-23 11:30:00,F01,TRAP-A,29.75,66.87,23.15,0.0
2026-06-23 11:40:00,F01,TRAP-A,30.23,66.9,11.29,0.0
2026-06-23 11:50:00,F01,TRAP-A,31.65,62.85,9.29,0.0
2026-06-23 12:00:00,F01,TRAP-A,30.34,64.16,8.76,0.0
2026-06-23 12:10:00,F01,TRAP-A,30.8,68.12,8.43,0.0
2026-06-23 12:20:00,F01,TRAP-A,32.39,62.71,9.09,1.21
2026-06-23 12:30:00,F01,TRAP-A,31.16,66.65,8.02,0.0
2026-06-23 12:40:00,F01,TRAP-A,30.69,60.33,7.64,0.0
2026-06-23 12:50:00,F01,TRAP-A,30.62,60.59,8.39,0.0
2026-06-23 13:00:00,F01,TRAP-A,31.64,68.17,9.67,0.0
2026-06-23 13:10:00,F01,TRAP-A,30.35,63.25,7.17,0.0
2026-06-23 13:20:00,F01,TRAP-A,31.25,61.82,6.67,0.0
2026-06-23 13:30:00,F01,TRAP-A,31.74,66.49,6.48,0.0
2026-06-23 13:40:00,F01,TRAP-A,32.53,66.14,7.15,0.0
2026-06-23 13:50:00,F01,TRAP-A,32.03,65.3,6.69,0.0
2026-06-23 14:00:00,F01,TRAP-A,30.93,61.58,8.24,0.0
2026-06-23 14:10:00,F01,TRAP-A,32.43,62.32,7.59,0.0
2026-06-23 14:20:00,F01,TRAP-A,31.23,63.88,6.8,0.0
2026-06-23 14:30:00,F01,TRAP-A,30.46,64.92,10.86,0.0
2026-06-23 14:40:00,F01,TRAP-A,31.27,62.03,7.46,0.0
2026-06-23 14:50:00,F01,TRAP-A,32.52,63.87,5.51,0.0
2026-06-23 15:00:00,F01,TRAP-A,31.45,64.29,6.15,0.0
2026-06-23 15:10:00,F01,TRAP-A,31.27,67.03,15.86,0.0
2026-06-23 15:20:00,F01,TRAP-A,32.5,65.93,16.18,0.0
2026-06-23 15:30:00,F01,TRAP-A,29.97,60.53,5.65,0.0
2026-06-23 15:40:00,F01,TRAP-A,30.0,64.04,5.21,0.0
2026-06-23 15:50:00,F01,TRAP-A,29.64,62.56,6.63,0.0
2026-06-23 16:00:00,F01,TRAP-A,31.14,66.63,6.46,0.0
2026-06-23 16:10:00,F01,TRAP-A,30.86,67.87,5.99,0.0
2026-06-23 16:20:00,F01,TRAP-A,31.85,66.19,6.59,0.0
2026-06-23 16:30:00,F01,TRAP-A,30.69,65.67,5.06,0.0
2026-06-23 16:40:00,F01,TRAP-A,30.05,66.94,4.57,0.0
2026-06-23 16:50:00,F01,TRAP-A,30.24,67.73,6.69,0.0
2026-06-23 17:00:00,F01,TRAP-A,30.19,66.07,12.2,0.0
2026-06-23 17:10:00,F01,TRAP-A,28.62,65.11,4.52,0.0
2026-06-23 17:20:00,F01,TRAP-A,31.97,63.54,7.7,0.0
2026-06-23 17:30:00,F01,TRAP-A,30.06,72.35,5.75,0.0
2026-06-23 17:40:00,F01,TRAP-A,29.65,70.96,5.05,0.0
2026-06-23 17:50:00,F01,TRAP-A,29.81,71.18,9.75,0.0
2026-06-23 18:00:00,F01,TRAP-A,29.72,74.0,5.83,0.0
2026-06-23 18:10:00,F01,TRAP-A,28.86,68.28,6.64,0.0
2026-06-23 18:20:00,F01,TRAP-A,28.29,67.68,5.78,0.0
2026-06-23 18:30:00,F01,TRAP-A,29.09,73.58,4.3,0.0
2026-06-23 18:40:00,F01,TRAP-A,28.74,73.97,6.79,0.0
2026-06-23 18:50:00,F01,TRAP-A,27.59,69.54,5.75,0.0
2026-06-23 19:00:00,F01,TRAP-A,29.19,75.4,4.44,0.0
2026-06-23 19:10:00,F01,TRAP-A,28.09,74.14,6.94,0.0
2026-06-23 19:20:00,F01,TRAP-A,28.25,73.76,4.31,0.0
2026-06-23 19:30:00,F01,TRAP-A,28.58,75.6,5.05,0.0
2026-06-23 19:40:00,F01,TRAP-A,27.29,70.98,8.98,0.0
2026-06-23 19:50:00,F01,TRAP-A,27.33,76.26,4.62,0.0
2026-06-23 20:00:00,F01,TRAP-A,27.53,76.63,7.71,0.0
2026-06-23 20:10:00,F01,TRAP-A,26.11,80.44,13.65,0.0
2026-06-23 20:20:00,F01,TRAP-A,26.53,79.3,5.35,0.0
2026-06-23 20:30:00,F01,TRAP-A,26.4,81.94,6.51,0.0
2026-06-23 20:40:00,F01,TRAP-A,25.34,74.62,7.57,0.0
2026-06-23 20:50:00,F01,TRAP-A,27.77,79.53,6.92,0.0
2026-06-23 21:00:00,F01,TRAP-A,24.6,83.65,8.15,0.0
2026-06-23 21:10:00,F01,TRAP-A,24.5,82.11,6.93,0.0
2026-06-23 21:20:00,F01,TRAP-A,26.4,85.61,5.99,0.0
2026-06-23 21:30:00,F01,TRAP-A,25.74,79.59,5.93,0.0
2026-06-23 21:40:00,F01,TRAP-A,24.17,86.52,9.89,0.0
2026-06-23 21:50:00,F01,TRAP-A,25.3,83.67,6.76,0.0
2026-06-23 22:00:00,F01,TRAP-A,25.82,84.0,11.73,0.0
2026-06-23 22:10:00,F01,TRAP-A,24.46,88.87,10.32,0.0
2026-06-23 22:20:00,F01,TRAP-A,26.4,89.83,6.56,0.0
2026-06-23 22:30:00,F01,TRAP-A,22.79,90.03,7.24,0.0
2026-06-23 22:40:00,F01,TRAP-A,24.57,93.04,7.77,0.0
2026-06-23 22:50:00,F01,TRAP-A,24.81,91.59,9.61,0.21
2026-06-23 23:00:00,F01,TRAP-A,24.45,86.89,12.05,0.0
2026-06-23 23:10:00,F01,TRAP-A,23.44,89.67,7.42,0.0
2026-06-23 23:20:00,F01,TRAP-A,23.25,88.84,8.27,0.0
2026-06-23 23:30:00,F01,TRAP-A,23.71,95.21,9.0,0.0
2026-06-23 23:40:00,F01,TRAP-A,23.9,93.27,8.36,0.0
2026-06-23 23:50:00,F01,TRAP-A,23.62,90.39,10.29,0.0
2026-06-24 00:00:00,F01,TRAP-A,23.88,93.38,10.05,0.0
2026-06-24 00:10:00,F01,TRAP-A,22.14,88.4,9.42,0.0
2026-06-24 00:20:00,F01,TRAP-A,22.69,92.38,10.64,0.0
2026-06-24 00:30:00,F01,TRAP-A,22.05,89.66,9.95,1.97
2026-06-24 00:40:00,F01,TRAP-A,22.42,88.0,10.06,0.0
2026-06-24 00:50:00,F01,TRAP-A,23.49,94.38,9.89,0.0
2026-06-24 01:00:00,F01,TRAP-A,22.71,94.86,11.47,0.0
2026-06-24 01:10:00,F01,TRAP-A,24.67,93.87,11.06,0.0
2026-06-24 01:20:00,F01,TRAP-A,22.7,92.38,10.12,0.0
2026-06-24 01:30:00,F01,TRAP-A,22.57,89.75,9.67,0.0
2026-06-24 01:40:00,F01,TRAP-A,22.59,90.07,10.28,0.0
2026-06-24 01:50:00,F01,TRAP-A,21.99,90.57,10.07,0.0
2026-06-24 02:00:00,F01,TRAP-A,22.46,92.41,11.78,0.0
2026-06-24 02:10:00,F01,TRAP-A,23.41,95.65,11.0,0.0
2026-06-24 02:20:00,F01,TRAP-A,22.62,95.55,12.02,0.0
2026-06-24 02:30:00,F01,TRAP-A,21.92,88.69,11.72,0.0
2026-06-24 02:40:00,F01,TRAP-A,21.85,90.97,12.97,0.0
2026-06-24 02:50:00,F01,TRAP-A,22.27,90.75,14.64,0.0
2026-06-24 03:00:00,F01,TRAP-A,22.74,86.05,12.86,0.0
2026-06-24 03:10:00,F01,TRAP-A,23.7,93.6,11.21,0.0
2026-06-24 03:20:00,F01,TRAP-A,21.74,91.34,11.18,0.0
2026-06-24 03:30:00,F01,TRAP-A,22.63,91.42,11.96,0.0
2026-06-24 03:40:00,F01,TRAP-A,23.09,94.79,13.0,0.0
2026-06-24 03:50:00,F01,TRAP-A,21.6,91.34,11.57,0.0
2026-06-24 04:00:00,F01,TRAP-A,22.5,89.71,12.71,0.0
2026-06-24 04:10:00,F01,TRAP-A,22.73,91.87,18.14,0.0
2026-06-24 04:20:00,F01,TRAP-A,22.75,92.7,11.95,0.0
2026-06-24 04:30:00,F01,TRAP-A,23.66,90.4,20.63,0.0
2026-06-24 04:40:00,F01,TRAP-A,23.5,90.96,17.62,0.0
2026-06-24 04:50:00,F01,TRAP-A,23.32,88.43,17.19,0.0
2026-06-24 05:00:00,F01,TRAP-A,24.25,88.12,17.87,0.0
2026-06-24 05:10:00,F01,TRAP-A,25.43,88.12,12.18,0.0
2026-06-24 05:20:00,F01,TRAP-A,25.51,85.45,12.45,0.0
2026-06-24 05:30:00,F01,TRAP-A,22.82,85.4,12.41,0.0
2026-06-24 05:40:00,F01,TRAP-A,24.98,89.72,12.35,0.0
2026-06-24 05:50:00,F01,TRAP-A,24.54,90.74,13.19,0.0
2026-06-24 06:00:00,F01,TRAP-A,24.98,89.14,17.32,0.0
2026-06-24 06:10:00,F01,TRAP-A,24.71,81.27,12.86,0.0
2026-06-24 06:20:00,F01,TRAP-A,25.3,80.43,12.81,0.0
2026-06-24 06:30:00,F01,TRAP-A,25.51,80.4,15.33,0.0
2026-06-24 06:40:00,F01,TRAP-A,25.11,83.09,12.23,0.0
2026-06-24 06:50:00,F01,TRAP-A,25.04,75.11,13.22,0.0
2026-06-24 07:00:00,F01,TRAP-A,25.59,80.03,12.89,0.0
2026-06-24 07:10:00,F01,TRAP-A,26.33,84.38,17.42,0.0
2026-06-24 07:20:00,F01,TRAP-A,26.81,82.67,13.89,0.0
2026-06-24 07:30:00,F01,TRAP-A,27.21,78.29,14.77,0.0
2026-06-24 07:40:00,F01,TRAP-A,26.33,77.83,11.99,0.0
2026-06-24 07:50:00,F01,TRAP-A,27.15,79.68,19.43,0.0
2026-06-24 08:00:00,F01,TRAP-A,27.89,79.94,12.58,0.0
2026-06-24 08:10:00,F01,TRAP-A,28.25,75.62,15.0,0.0
2026-06-24 08:20:00,F01,TRAP-A,27.46,75.71,20.49,0.0
2026-06-24 08:30:00,F01,TRAP-A,27.53,74.24,13.24,0.0
2026-06-24 08:40:00,F01,TRAP-A,28.05,71.68,13.12,0.0
2026-06-24 08:50:00,F01,TRAP-A,27.17,73.82,11.25,0.0
2026-06-24 09:00:00,F01,TRAP-A,28.12,73.0,12.24,0.0
2026-06-24 09:10:00,F01,TRAP-A,29.06,69.96,16.36,0.0
2026-06-24 09:20:00,F01,TRAP-A,29.16,74.12,10.92,0.0
2026-06-24 09:30:00,F01,TRAP-A,28.61,73.1,17.84,0.0
2026-06-24 09:40:00,F01,TRAP-A,29.18,73.04,13.51,0.0
2026-06-24 09:50:00,F01,TRAP-A,28.52,68.81,11.7,0.0
2026-06-24 10:00:00,F01,TRAP-A,29.91,65.2,12.28,0.0
2026-06-24 10:10:00,F01,TRAP-A,29.45,70.78,10.24,0.0
2026-06-24 10:20:00,F01,TRAP-A,29.46,67.41,10.33,0.0
2026-06-24 10:30:00,F01,TRAP-A,29.54,66.33,10.45,0.0
2026-06-24 10:40:00,F01,TRAP-A,29.93,64.92,10.73,0.0
2026-06-24 10:50:00,F01,TRAP-A,29.77,66.89,16.52,0.0
2026-06-24 11:00:00,F01,TRAP-A,30.79,71.06,10.31,1.17
2026-06-24 11:10:00,F01,TRAP-A,30.08,65.41,10.99,0.0
2026-06-24 11:20:00,F01,TRAP-A,31.8,63.53,9.12,0.0
2026-06-24 11:30:00,F01,TRAP-A,31.81,67.49,12.41,0.0
2026-06-24 11:40:00,F01,TRAP-A,30.04,65.92,10.71,0.0
2026-06-24 11:50:00,F01,TRAP-A,30.91,59.84,9.81,0.0
2026-06-24 12:00:00,F01,TRAP-A,30.43,66.47,16.72,0.0
2026-06-24 12:10:00,F01,TRAP-A,30.78,69.84,14.36,0.0
2026-06-24 12:20:00,F01,TRAP-A,32.73,57.74,10.78,0.0
2026-06-24 12:30:00,F01,TRAP-A,30.96,60.91,15.02,0.18
2026-06-24 12:40:00,F01,TRAP-A,31.56,56.65,9.7,0.0
2026-06-24 12:50:00,F01,TRAP-A,31.76,63.39,12.29,0.0
2026-06-24 13:00:00,F01,TRAP-A,30.58,65.89,8.44,0.0
2026-06-24 13:10:00,F01,TRAP-A,30.73,63.54,6.97,0.0
2026-06-24 13:20:00,F01,TRAP-A,30.49,66.64,21.96,0.0
2026-06-24 13:30:00,F01,TRAP-A,30.77,65.16,6.92,0.0
2026-06-24 13:40:00,F01,TRAP-A,29.21,67.28,7.08,0.0
2026-06-24 13:50:00,F01,TRAP-A,31.94,65.9,6.59,0.0
2026-06-24 14:00:00,F01,TRAP-A,33.14,62.0,7.14,0.0
2026-06-24 14:10:00,F01,TRAP-A,31.61,63.2,6.79,0.0
2026-06-24 14:20:00,F01,TRAP-A,30.34,60.93,8.38,0.0
2026-06-24 14:30:00,F01,TRAP-A,30.93,62.61,22.41,0.0
2026-06-24 14:40:00,F01,TRAP-A,31.04,63.46,5.51,0.0
2026-06-24 14:50:00,F01,TRAP-A,30.55,63.23,9.74,0.0
2026-06-24 15:00:00,F01,TRAP-A,32.0,66.97,5.51,0.0
2026-06-24 15:10:00,F01,TRAP-A,31.9,62.99,5.04,0.0
2026-06-24 15:20:00,F01,TRAP-A,30.26,61.72,7.92,0.0
2026-06-24 15:30:00,F01,TRAP-A,31.69,62.12,10.96,0.0
2026-06-24 15:40:00,F01,TRAP-A,32.25,66.22,5.25,0.0
2026-06-24 15:50:00,F01,TRAP-A,32.46,61.38,5.82,0.0
2026-06-24 16:00:00,F01,TRAP-A,33.13,64.71,5.04,0.0
2026-06-24 16:10:00,F01,TRAP-A,30.01,68.89,11.51,0.0
2026-06-24 16:20:00,F01,TRAP-A,32.88,66.68,5.28,3.63
2026-06-24 16:30:00,F01,TRAP-A,30.21,66.16,6.03,0.0
2026-06-24 16:40:00,F01,TRAP-A,29.9,66.68,10.96,0.0
2026-06-24 16:50:00,F01,TRAP-A,30.5,64.64,6.57,0.0
2026-06-24 17:00:00,F01,TRAP-A,29.63,65.54,12.21,0.0
2026-06-24 17:10:00,F01,TRAP-A,30.27,67.68,11.9,0.0
2026-06-24 17:20:00,F01,TRAP-A,28.74,69.34,5.9,0.0
2026-06-24 17:30:00,F01,TRAP-A,29.45,71.56,6.64,0.0
2026-06-24 17:40:00,F01,TRAP-A,30.51,69.96,4.79,0.0
2026-06-24 17:50:00,F01,TRAP-A,29.27,73.66,17.98,0.0
2026-06-24 18:00:00,F01,TRAP-A,29.26,74.86,4.98,0.0
2026-06-24 18:10:00,F01,TRAP-A,29.35,73.42,8.6,0.0
2026-06-24 18:20:00,F01,TRAP-A,29.73,75.09,5.15,0.0
2026-06-24 18:30:00,F01,TRAP-A,27.29,70.15,5.18,0.0
2026-06-24 18:40:00,F01,TRAP-A,28.89,70.37,4.41,0.0
2026-06-24 18:50:00,F01,TRAP-A,28.02,75.17,6.58,0.0
2026-06-24 19:00:00,F01,TRAP-A,28.18,71.15,5.01,0.0
2026-06-24 19:10:00,F01,TRAP-A,28.7,74.42,4.7,0.0
2026-06-24 19:20:00,F01,TRAP-A,26.71,77.72,5.05,0.0
2026-06-24 19:30:00,F01,TRAP-A,26.66,79.97,5.21,0.0
2026-06-24 19:40:00,F01,TRAP-A,25.72,76.45,6.53,0.0
2026-06-24 19:50:00,F01,TRAP-A,26.64,76.12,5.97,0.0
2026-06-24 20:00:00,F01,TRAP-A,27.94,79.2,4.83,0.0
2026-06-24 20:10:00,F01,TRAP-A,26.59,76.37,6.99,0.0
2026-06-24 20:20:00,F01,TRAP-A,25.42,79.27,9.44,0.0
2026-06-24 20:30:00,F01,TRAP-A,25.91,80.33,7.45,0.0
2026-06-24 20:40:00,F01,TRAP-A,24.91,80.93,16.02,0.0
2026-06-24 20:50:00,F01,TRAP-A,25.01,81.86,5.44,0.0
2026-06-24 21:00:00,F01,TRAP-A,26.03,80.18,10.41,0.0
2026-06-24 21:10:00,F01,TRAP-A,24.59,81.07,7.49,0.0
2026-06-24 21:20:00,F01,TRAP-A,26.24,81.64,7.72,0.0
2026-06-24 21:30:00,F01,TRAP-A,25.11,80.06,7.85,0.0
2026-06-24 21:40:00,F01,TRAP-A,25.06,85.55,6.97,0.0
2026-06-24 21:50:00,F01,TRAP-A,24.59,87.51,7.12,3.9
2026-06-24 22:00:00,F01,TRAP-A,25.27,87.83,9.09,0.0
2026-06-24 22:10:00,F01,TRAP-A,25.11,85.74,6.39,0.0
2026-06-24 22:20:00,F01,TRAP-A,24.59,84.9,9.07,0.0
2026-06-24 22:30:00,F01,TRAP-A,24.62,89.31,10.44,0.0
2026-06-24 22:40:00,F01,TRAP-A,23.85,89.54,8.05,0.0
2026-06-24 22:50:00,F01,TRAP-A,24.31,88.97,7.63,0.0
2026-06-24 23:00:00,F01,TRAP-A,23.46,93.25,7.79,0.0
2026-06-24 23:10:00,F01,TRAP-A,23.6,89.26,7.49,0.0
2026-06-24 23:20:00,F01,TRAP-A,23.26,89.1,7.69,0.0
2026-06-24 23:30:00,F01,TRAP-A,22.99,89.14,8.13,0.0
2026-06-24 23:40:00,F01,TRAP-A,22.7,86.61,7.82,0.0
2026-06-24 23:50:00,F01,TRAP-A,23.52,92.51,8.86,0.0
2026-06-25 00:00:00,F01,TRAP-A,24.09,90.92,9.2,0.0
2026-06-25 00:10:00,F01,TRAP-A,23.89,92.76,24.31,0.0
2026-06-25 00:20:00,F01,TRAP-A,21.87,96.36,22.82,0.0
2026-06-25 00:30:00,F01,TRAP-A,23.83,91.03,9.25,0.0
2026-06-25 00:40:00,F01,TRAP-A,22.48,86.38,9.52,0.0
2026-06-25 00:50:00,F01,TRAP-A,23.15,93.62,11.0,0.0
2026-06-25 01:00:00,F01,TRAP-A,21.9,93.0,9.62,0.0
2026-06-25 01:10:00,F01,TRAP-A,22.7,90.89,11.41,0.0
2026-06-25 01:20:00,F01,TRAP-A,22.8,93.83,11.0,0.0
2026-06-25 01:30:00,F01,TRAP-A,21.34,94.88,10.81,0.14
2026-06-25 01:40:00,F01,TRAP-A,22.99,90.61,14.97,0.0
2026-06-25 01:50:00,F01,TRAP-A,23.58,92.24,15.22,0.0
2026-06-25 02:00:00,F01,TRAP-A,22.36,96.69,23.33,0.0
2026-06-25 02:10:00,F01,TRAP-A,23.6,91.16,11.0,0.0
2026-06-25 02:20:00,F01,TRAP-A,22.38,93.07,16.96,0.0
2026-06-25 02:30:00,F01,TRAP-A,23.24,86.25,12.83,0.0
2026-06-25 02:40:00,F01,TRAP-A,20.82,88.99,13.34,0.0
2026-06-25 02:50:00,F01,TRAP-A,24.57,92.95,17.58,0.0
2026-06-25 03:00:00,F01,TRAP-A,23.88,95.45,19.48,0.0
2026-06-25 03:10:00,F01,TRAP-A,22.52,88.78,14.91,0.0
2026-06-25 03:20:00,F01,TRAP-A,21.24,92.14,12.41,0.0
2026-06-25 03:30:00,F01,TRAP-A,23.12,90.76,13.26,0.0
2026-06-25 03:40:00,F01,TRAP-A,21.82,93.8,14.2,0.0
2026-06-25 03:50:00,F01,TRAP-A,23.42,88.07,16.72,0.0
2026-06-25 04:00:00,F01,TRAP-A,23.49,91.86,14.73,0.0
2026-06-25 04:10:00,F01,TRAP-A,22.52,88.8,12.96,0.0
2026-06-25 04:20:00,F01,TRAP-A,24.28,90.61,13.29,0.0
2026-06-25 04:30:00,F01,TRAP-A,24.15,89.82,11.89,0.0
2026-06-25 04:40:00,F01,TRAP-A,24.41,88.6,19.54,0.0
2026-06-25 04:50:00,F01,TRAP-A,23.77,89.98,12.12,0.0
2026-06-25 05:00:00,F01,TRAP-A,22.77,88.43,14.49,0.0
2026-06-25 05:10:00,F01,TRAP-A,24.83,87.5,18.09,0.0
2026-06-25 05:20:00,F01,TRAP-A,23.98,86.44,13.6,0.0
2026-06-25 05:30:00,F01,TRAP-A,23.25,87.0,16.81,0.0
2026-06-25 05:40:00,F01,TRAP-A,25.6,86.83,16.88,1.02
2026-06-25 05:50:00,F01,TRAP-A,26.36,83.24,12.18,0.0
2026-06-25 06:00:00,F01,TRAP-A,24.82,84.28,13.59,0.0
2026-06-25 06:10:00,F01,TRAP-A,26.76,81.93,15.51,0.0
2026-06-25 06:20:00,F01,TRAP-A,25.28,83.87,13.62,0.0
2026-06-25 06:30:00,F01,TRAP-A,25.09,81.89,14.31,0.0
2026-06-25 06:40:00,F01,TRAP-A,25.07,84.68,14.63,0.0
2026-06-25 06:50:00,F01,TRAP-A,27.07,83.81,12.37,0.0
2026-06-25 07:00:00,F01,TRAP-A,25.33,79.19,13.43,0.0
2026-06-25 07:10:00,F01,TRAP-A,26.73,80.85,11.87,0.0
2026-06-25 07:20:00,F01,TRAP-A,25.89,81.8,12.21,0.0
2026-06-25 07:30:00,F01,TRAP-A,26.16,79.12,13.81,0.0
2026-06-25 07:40:00,F01,TRAP-A,27.55,77.09,14.14,0.0
2026-06-25 07:50:00,F01,TRAP-A,26.62,75.52,11.97,0.0
2026-06-25 08:00:00,F01,TRAP-A,26.8,79.73,15.64,0.0
2026-06-25 08:10:00,F01,TRAP-A,28.22,79.2,12.72,0.0
2026-06-25 08:20:00,F01,TRAP-A,28.79,75.77,18.82,0.0
2026-06-25 08:30:00,F01,TRAP-A,28.22,77.56,12.58,0.0
2026-06-25 08:40:00,F01,TRAP-A,27.38,67.59,11.48,0.0
2026-06-25 08:50:00,F01,TRAP-A,27.68,77.68,15.13,0.0
2026-06-25 09:00:00,F01,TRAP-A,28.34,73.34,13.27,0.0
2026-06-25 09:10:00,F01,TRAP-A,28.72,73.46,12.09,0.0
2026-06-25 09:20:00,F01,TRAP-A,27.86,71.69,11.81,1.13
2026-06-25 09:30:00,F01,TRAP-A,29.41,75.38,10.84,0.0
2026-06-25 09:40:00,F01,TRAP-A,29.08,68.65,11.46,0.0
2026-06-25 09:50:00,F01,TRAP-A,27.81,74.41,10.15,0.0
2026-06-25 10:00:00,F01,TRAP-A,28.61,71.14,12.0,0.0
2026-06-25 10:10:00,F01,TRAP-A,29.12,71.16,16.56,0.0
2026-06-25 10:20:00,F01,TRAP-A,29.62,68.25,14.35,0.0
2026-06-25 10:30:00,F01,TRAP-A,31.35,65.28,9.52,0.0
2026-06-25 10:40:00,F01,TRAP-A,30.17,70.38,15.66,0.0
2026-06-25 10:50:00,F01,TRAP-A,29.46,68.35,10.91,0.0
2026-06-25 11:00:00,F01,TRAP-A,30.44,70.52,9.57,0.0
2026-06-25 11:10:00,F01,TRAP-A,30.12,66.19,12.95,0.0
2026-06-25 11:20:00,F01,TRAP-A,30.78,65.21,9.76,0.0
2026-06-25 11:30:00,F01,TRAP-A,31.11,69.33,9.29,0.0
2026-06-25 11:40:00,F01,TRAP-A,31.72,70.27,8.77,0.0
2026-06-25 11:50:00,F01,TRAP-A,30.84,65.16,10.07,0.0
2026-06-25 12:00:00,F01,TRAP-A,32.27,62.93,8.19,0.0
2026-06-25 12:10:00,F01,TRAP-A,31.77,66.54,12.34,0.0
2026-06-25 12:20:00,F01,TRAP-A,30.56,63.6,9.45,0.0
2026-06-25 12:30:00,F01,TRAP-A,32.97,65.49,9.15,0.0
2026-06-25 12:40:00,F01,TRAP-A,31.53,63.12,7.21,0.0
2026-06-25 12:50:00,F01,TRAP-A,30.66,67.49,12.14,1.56
2026-06-25 13:00:00,F01,TRAP-A,32.7,61.66,8.9,0.0
2026-06-25 13:10:00,F01,TRAP-A,33.08,64.47,8.43,0.0
2026-06-25 13:20:00,F01,TRAP-A,31.42,61.94,10.83,0.0
2026-06-25 13:30:00,F01,TRAP-A,31.07,62.38,6.57,0.0
2026-06-25 13:40:00,F01,TRAP-A,31.35,62.0,7.58,0.0
2026-06-25 13:50:00,F01,TRAP-A,32.07,64.85,8.63,0.0
2026-06-25 14:00:00,F01,TRAP-A,32.52,65.3,7.76,0.0
2026-06-25 14:10:00,F01,TRAP-A,31.95,64.43,6.36,0.0
2026-06-25 14:20:00,F01,TRAP-A,31.55,62.83,6.69,0.0
2026-06-25 14:30:00,F01,TRAP-A,32.64,63.54,6.55,0.0
2026-06-25 14:40:00,F01,TRAP-A,31.16,65.55,19.82,0.0
2026-06-25 14:50:00,F01,TRAP-A,32.19,65.77,6.4,0.0
2026-06-25 15:00:00,F01,TRAP-A,31.08,56.9,5.79,0.0
2026-06-25 15:10:00,F01,TRAP-A,31.6,63.14,10.17,0.0
2026-06-25 15:20:00,F01,TRAP-A,31.09,63.49,6.51,0.0
2026-06-25 15:30:00,F01,TRAP-A,31.06,65.97,6.52,0.0
2026-06-25 15:40:00,F01,TRAP-A,30.72,64.41,7.05,0.0
2026-06-25 15:50:00,F01,TRAP-A,32.01,66.68,7.29,2.7
2026-06-25 16:00:00,F01,TRAP-A,30.25,62.52,7.16,0.0
2026-06-25 16:10:00,F01,TRAP-A,30.14,66.22,4.51,0.0
2026-06-25 16:20:00,F01,TRAP-A,32.31,68.2,9.46,0.0
2026-06-25 16:30:00,F01,TRAP-A,31.28,62.66,4.91,0.0
2026-06-25 16:40:00,F01,TRAP-A,28.46,73.06,5.24,0.0
2026-06-25 16:50:00,F01,TRAP-A,29.78,70.2,4.73,0.0
2026-06-25 17:00:00,F01,TRAP-A,28.65,67.69,8.48,0.0
2026-06-25 17:10:00,F01,TRAP-A,29.19,66.1,6.7,0.0
2026-06-25 17:20:00,F01,TRAP-A,27.29,68.23,8.27,0.0
2026-06-25 17:30:00,F01,TRAP-A,29.53,69.4,7.2,1.54
2026-06-25 17:40:00,F01,TRAP-A,28.57,70.83,4.34,0.0
2026-06-25 17:50:00,F01,TRAP-A,29.36,74.04,5.08,1.3
2026-06-25 18:00:00,F01,TRAP-A,27.84,69.66,6.12,0.0
2026-06-25 18:10:00,F01,TRAP-A,29.04,72.84,5.1,0.0
2026-06-25 18:20:00,F01,TRAP-A,28.46,68.8,4.72,0.02
2026-06-25 18:30:00,F01,TRAP-A,29.81,71.6,10.17,0.0
2026-06-25 18:40:00,F01,TRAP-A,29.55,74.19,8.21,0.0
2026-06-25 18:50:00,F01,TRAP-A,28.86,75.61,5.39,0.0
2026-06-25 19:00:00,F01,TRAP-A,27.79,72.63,8.51,0.0
2026-06-25 19:10:00,F01,TRAP-A,29.44,74.05,7.18,0.0
2026-06-25 19:20:00,F01,TRAP-A,26.42,79.45,4.29,0.0
2026-06-25 19:30:00,F01,TRAP-A,26.34,79.35,5.78,0.0
2026-06-25 19:40:00,F01,TRAP-A,27.2,77.62,5.45,0.0
2026-06-25 19:50:00,F01,TRAP-A,28.88,72.16,5.24,0.0
2026-06-25 20:00:00,F01,TRAP-A,26.72,84.68,5.46,0.0
2026-06-25 20:10:00,F01,TRAP-A,26.54,79.01,13.25,0.0
2026-06-25 20:20:00,F01,TRAP-A,25.33,78.93,6.79,0.0
2026-06-25 20:30:00,F01,TRAP-A,27.05,79.05,10.54,0.0
2026-06-25 20:40:00,F01,TRAP-A,26.86,81.94,5.73,0.0
2026-06-25 20:50:00,F01,TRAP-A,26.54,82.61,5.7,0.0
2026-06-25 21:00:00,F01,TRAP-A,25.21,84.65,11.84,0.0
2026-06-25 21:10:00,F01,TRAP-A,24.97,80.58,7.43,0.0
2026-06-25 21:20:00,F01,TRAP-A,24.31,82.73,12.28,0.0
2026-06-25 21:30:00,F01,TRAP-A,25.23,89.19,5.85,0.0
2026-06-25 21:40:00,F01,TRAP-A,24.12,85.27,13.24,0.0
2026-06-25 21:50:00,F01,TRAP-A,23.87,84.85,7.55,0.0
2026-06-25 22:00:00,F01,TRAP-A,24.31,83.5,6.6,1.18
2026-06-25 22:10:00,F01,TRAP-A,24.09,87.66,9.7,0.0
2026-06-25 22:20:00,F01,TRAP-A,23.89,89.51,11.19,0.0
2026-06-25 22:30:00,F01,TRAP-A,24.54,89.64,6.72,0.0
2026-06-25 22:40:00,F01,TRAP-A,24.08,87.3,19.81,0.0
2026-06-25 22:50:00,F01,TRAP-A,23.64,89.33,10.48,0.0
2026-06-25 23:00:00,F01,TRAP-A,23.88,93.07,8.23,0.0
2026-06-25 23:10:00,F01,TRAP-A,22.81,92.01,7.73,0.0
2026-06-25 23:20:00,F01,TRAP-A,23.56,87.79,8.91,0.0
2026-06-25 23:30:00,F01,TRAP-A,23.48,83.78,8.33,0.0
2026-06-25 23:40:00,F01,TRAP-A,22.04,91.26,9.8,0.0
2026-06-25 23:50:00,F01,TRAP-A,23.94,92.86,12.5,0.0
2026-06-26 00:00:00,F01,TRAP-A,22.34,88.47,11.35,0.0
2026-06-26 00:10:00,F01,TRAP-A,23.03,91.47,10.0,0.0
2026-06-26 00:20:00,F01,TRAP-A,23.8,91.1,8.84,0.0
2026-06-26 00:30:00,F01,TRAP-A,23.54,92.27,18.08,0.0
2026-06-26 00:40:00,F01,TRAP-A,22.76,90.87,9.75,0.0
2026-06-26 00:50:00,F01,TRAP-A,22.38,95.65,9.95,0.0
2026-06-26 01:00:00,F01,TRAP-A,23.38,92.96,12.25,0.0
2026-06-26 01:10:00,F01,TRAP-A,23.12,90.53,13.72,0.0
2026-06-26 01:20:00,F01,TRAP-A,22.05,95.13,21.9,1.78
2026-06-26 01:30:00,F01,TRAP-A,21.89,89.76,20.07,0.0
2026-06-26 01:40:00,F01,TRAP-A,20.85,96.18,17.14,0.0
2026-06-26 01:50:00,F01,TRAP-A,22.62,95.48,11.66,0.0
2026-06-26 02:00:00,F01,TRAP-A,22.44,96.47,10.64,0.0
2026-06-26 02:10:00,F01,TRAP-A,23.42,92.57,12.87,0.0
2026-06-26 02:20:00,F01,TRAP-A,22.82,91.66,10.43,0.0
2026-06-26 02:30:00,F01,TRAP-A,23.62,93.02,11.18,0.0
2026-06-26 02:40:00,F01,TRAP-A,22.03,92.48,10.66,0.0
2026-06-26 02:50:00,F01,TRAP-A,23.55,90.92,11.38,0.0
2026-06-26 03:00:00,F01,TRAP-A,22.26,90.99,12.84,0.0
2026-06-26 03:10:00,F01,TRAP-A,23.37,91.26,12.52,1.52
2026-06-26 03:20:00,F01,TRAP-A,21.65,89.03,12.52,0.0
2026-06-26 03:30:00,F01,TRAP-A,23.08,93.39,16.57,0.0
2026-06-26 03:40:00,F01,TRAP-A,21.39,91.29,14.71,0.0
2026-06-26 03:50:00,F01,TRAP-A,22.85,90.34,19.7,0.0
2026-06-26 04:00:00,F01,TRAP-A,23.52,88.01,13.29,0.0
2026-06-26 04:10:00,F01,TRAP-A,22.86,87.53,12.55,0.0
2026-06-26 04:20:00,F01,TRAP-A,22.55,94.89,12.06,0.0
2026-06-26 04:30:00,F01,TRAP-A,24.18,88.08,15.08,0.0
2026-06-26 04:40:00,F01,TRAP-A,23.55,90.75,17.33,0.0
2026-06-26 04:50:00,F01,TRAP-A,23.37,89.19,12.46,0.0
2026-06-26 05:00:00,F01,TRAP-A,23.94,81.38,18.22,0.0
2026-06-26 05:10:00,F01,TRAP-A,26.16,92.31,14.17,0.0
2026-06-26 05:20:00,F01,TRAP-A,25.13,89.04,12.42,0.0
2026-06-26 05:30:00,F01,TRAP-A,25.29,84.88,15.07,0.0
2026-06-26 05:40:00,F01,TRAP-A,24.87,86.19,14.2,0.0
2026-06-26 05:50:00,F01,TRAP-A,24.82,82.84,12.09,0.0
2026-06-26 06:00:00,F01,TRAP-A,22.94,89.71,13.53,0.0
2026-06-26 06:10:00,F01,TRAP-A,24.49,82.29,16.6,0.0
2026-06-26 06:20:00,F01,TRAP-A,24.83,82.66,14.41,0.0
2026-06-26 06:30:00,F01,TRAP-A,23.89,81.54,12.94,0.0
2026-06-26 06:40:00,F01,TRAP-A,24.65,82.94,19.84,0.0
2026-06-26 06:50:00,F01,TRAP-A,24.18,85.54,12.69,0.0
2026-06-26 07:00:00,F01,TRAP-A,25.92,85.96,12.71,0.0
2026-06-26 07:10:00,F01,TRAP-A,26.8,79.85,13.09,0.0
2026-06-26 07:20:00,F01,TRAP-A,27.23,81.15,18.47,0.0
2026-06-26 07:30:00,F01,TRAP-A,26.87,79.76,13.78,0.0
2026-06-26 07:40:00,F01,TRAP-A,25.96,76.44,15.02,0.0
2026-06-26 07:50:00,F01,TRAP-A,25.38,84.3,22.72,0.0
2026-06-26 08:00:00,F01,TRAP-A,25.72,81.0,16.0,0.0
2026-06-26 08:10:00,F01,TRAP-A,26.3,77.41,11.88,0.0
2026-06-26 08:20:00,F01,TRAP-A,26.8,80.24,15.87,0.0
2026-06-26 08:30:00,F01,TRAP-A,27.58,78.67,15.24,0.0
2026-06-26 08:40:00,F01,TRAP-A,27.09,75.2,11.79,0.0
2026-06-26 08:50:00,F01,TRAP-A,28.36,75.17,12.05,0.0
2026-06-26 09:00:00,F01,TRAP-A,28.1,77.5,14.47,0.0
2026-06-26 09:10:00,F01,TRAP-A,28.48,70.73,11.44,0.0
2026-06-26 09:20:00,F01,TRAP-A,29.57,76.67,11.19,0.0
2026-06-26 09:30:00,F01,TRAP-A,27.89,71.32,13.99,0.0
2026-06-26 09:40:00,F01,TRAP-A,29.35,75.1,16.58,0.0
2026-06-26 09:50:00,F01,TRAP-A,29.18,70.7,10.29,0.0
2026-06-26 10:00:00,F01,TRAP-A,29.09,70.99,11.68,0.0
2026-06-26 10:10:00,F01,TRAP-A,30.23,69.51,12.55,0.0
2026-06-26 10:20:00,F01,TRAP-A,30.38,67.73,12.97,0.0
2026-06-26 10:30:00,F01,TRAP-A,29.08,67.87,26.14,0.0
2026-06-26 10:40:00,F01,TRAP-A,29.84,71.5,12.71,0.0
2026-06-26 10:50:00,F01,TRAP-A,30.35,61.78,12.0,0.0
2026-06-26 11:00:00,F01,TRAP-A,30.05,64.01,22.67,0.0
2026-06-26 11:10:00,F01,TRAP-A,30.87,64.85,8.95,0.0
2026-06-26 11:20:00,F01,TRAP-A,30.75,63.55,8.82,0.0
2026-06-26 11:30:00,F01,TRAP-A,32.11,69.63,10.88,0.0
2026-06-26 11:40:00,F01,TRAP-A,29.53,68.63,9.57,0.0
2026-06-26 11:50:00,F01,TRAP-A,30.76,66.61,8.37,0.32
2026-06-26 12:00:00,F01,TRAP-A,30.23,63.21,8.99,0.0
2026-06-26 12:10:00,F01,TRAP-A,31.53,67.85,11.08,0.0
2026-06-26 12:20:00,F01,TRAP-A,29.84,60.27,13.92,0.19
2026-06-26 12:30:00,F01,TRAP-A,31.48,69.34,7.67,0.0
2026-06-26 12:40:00,F01,TRAP-A,30.77,62.06,9.53,0.0
2026-06-26 12:50:00,F01,TRAP-A,30.74,62.92,8.08,0.0
2026-06-26 13:00:00,F01,TRAP-A,30.22,62.34,10.16,0.0
2026-06-26 13:10:00,F01,TRAP-A,31.05,60.59,9.08,0.0
2026-06-26 13:20:00,F01,TRAP-A,32.32,67.97,14.37,0.0
2026-06-26 13:30:00,F01,TRAP-A,31.46,65.05,6.48,0.0
2026-06-26 13:40:00,F01,TRAP-A,31.99,66.07,8.12,0.0
2026-06-26 13:50:00,F01,TRAP-A,32.83,59.94,6.7,0.0
2026-06-26 14:00:00,F01,TRAP-A,31.71,63.46,8.21,0.0
2026-06-26 14:10:00,F01,TRAP-A,31.04,64.34,11.52,0.0
2026-06-26 14:20:00,F01,TRAP-A,31.84,63.78,12.88,0.0
2026-06-26 14:30:00,F01,TRAP-A,31.01,60.29,7.0,0.0
2026-06-26 14:40:00,F01,TRAP-A,31.0,65.99,10.36,0.0
2026-06-26 14:50:00,F01,TRAP-A,30.15,63.75,6.21,0.0
2026-06-26 15:00:00,F01,TRAP-A,32.05,61.24,5.11,2.68
2026-06-26 15:10:00,F01,TRAP-A,30.94,59.19,10.78,0.0
2026-06-26 15:20:00,F01,TRAP-A,31.33,65.57,5.25,0.0
2026-06-26 15:30:00,F01,TRAP-A,30.28,70.43,4.81,0.0
2026-06-26 15:40:00,F01,TRAP-A,31.37,62.05,5.97,0.0
2026-06-26 15:50:00,F01,TRAP-A,30.32,65.32,6.0,0.0
2026-06-26 16:00:00,F01,TRAP-A,30.72,68.0,4.72,0.0
2026-06-26 16:10:00,F01,TRAP-A,31.43,62.4,9.45,0.0
2026-06-26 16:20:00,F01,TRAP-A,31.25,64.75,5.89,0.0
2026-06-26 16:30:00,F01,TRAP-A,30.48,64.2,6.28,0.0
2026-06-26 16:40:00,F01,TRAP-A,28.95,69.24,5.13,0.0
2026-06-26 16:50:00,F01,TRAP-A,32.63,70.54,6.3,0.0
2026-06-26 17:00:00,F01,TRAP-A,31.49,68.09,8.48,0.0
2026-06-26 17:10:00,F01,TRAP-A,30.53,66.07,11.17,0.0
2026-06-26 17:20:00,F01,TRAP-A,29.19,67.57,14.62,0.0
2026-06-26 17:30:00,F01,TRAP-A,29.55,67.62,5.69,0.0
2026-06-26 17:40:00,F01,TRAP-A,29.04,67.29,17.83,0.0
2026-06-26 17:50:00,F01,TRAP-A,30.32,70.04,5.05,0.0
2026-06-26 18:00:00,F01,TRAP-A,29.35,72.3,4.02,0.0
2026-06-26 18:10:00,F01,TRAP-A,28.34,72.67,8.39,0.0
2026-06-26 18:20:00,F01,TRAP-A,28.41,72.02,4.62,0.0
2026-06-26 18:30:00,F01,TRAP-A,29.5,72.79,4.21,0.0
2026-06-26 18:40:00,F01,TRAP-A,29.7,73.06,11.81,0.0
2026-06-26 18:50:00,F01,TRAP-A,29.46,70.64,8.83,0.0
2026-06-26 19:00:00,F01,TRAP-A,28.65,74.92,4.49,0.0
2026-06-26 19:10:00,F01,TRAP-A,27.65,73.7,8.72,0.0
2026-06-26 19:20:00,F01,TRAP-A,25.07,72.43,9.85,0.0
2026-06-26 19:30:00,F01,TRAP-A,27.7,77.38,11.42,0.0
2026-06-26 19:40:00,F01,TRAP-A,27.27,75.58,6.78,0.0
2026-06-26 19:50:00,F01,TRAP-A,27.18,78.33,8.15,0.0
2026-06-26 20:00:00,F01,TRAP-A,26.92,80.53,8.9,5.13
2026-06-26 20:10:00,F01,TRAP-A,25.62,76.69,8.19,0.0
2026-06-26 20:20:00,F01,TRAP-A,26.93,79.95,7.91,0.0
2026-06-26 20:30:00,F01,TRAP-A,26.8,75.84,7.27,1.11
2026-06-26 20:40:00,F01,TRAP-A,26.64,84.84,6.97,0.0
2026-06-26 20:50:00,F01,TRAP-A,26.66,78.25,21.79,0.0
2026-06-26 21:00:00,F01,TRAP-A,26.2,80.99,6.49,0.0
2026-06-26 21:10:00,F01,TRAP-A,25.2,86.25,5.66,0.0
2026-06-26 21:20:00,F01,TRAP-A,25.29,82.93,9.86,0.0
2026-06-26 21:30:00,F01,TRAP-A,25.24,81.13,6.38,0.0
2026-06-26 21:40:00,F01,TRAP-A,25.07,86.49,8.08,0.0
2026-06-26 21:50:00,F01,TRAP-A,25.61,87.02,6.25,0.0
2026-06-26 22:00:00,F01,TRAP-A,25.16,84.27,8.99,6.67
2026-06-26 22:10:00,F01,TRAP-A,26.14,85.09,14.9,0.0
2026-06-26 22:20:00,F01,TRAP-A,26.08,85.85,10.26,0.0
2026-06-26 22:30:00,F01,TRAP-A,24.23,86.94,7.3,0.0
2026-06-26 22:40:00,F01,TRAP-A,20.94,83.22,17.37,0.0
2026-06-26 22:50:00,F01,TRAP-A,24.86,87.98,8.0,0.82
2026-06-26 23:00:00,F01,TRAP-A,23.3,93.36,8.79,0.0
2026-06-26 23:10:00,F01,TRAP-A,22.96,87.09,9.31,0.0
2026-06-26 23:20:00,F01,TRAP-A,23.16,88.29,21.45,0.0
2026-06-26 23:30:00,F01,TRAP-A,23.0,87.19,7.8,0.0
2026-06-26 23:40:00,F01,TRAP-A,23.73,92.05,11.34,0.0
2026-06-26 23:50:00,F01,TRAP-A,21.89,93.88,9.28,0.0
2026-06-27 00:00:00,F01,TRAP-A,22.18,94.14,8.36,0.0
2026-06-27 00:10:00,F01,TRAP-A,23.23,88.37,16.49,0.0
2026-06-27 00:20:00,F01,TRAP-A,23.37,93.01,11.13,0.0
2026-06-27 00:30:00,F01,TRAP-A,23.31,95.6,12.83,0.0
2026-06-27 00:40:00,F01,TRAP-A,22.1,93.51,9.63,0.0
2026-06-27 00:50:00,F01,TRAP-A,21.89,93.62,13.27,0.0
2026-06-27 01:00:00,F01,TRAP-A,22.22,91.41,14.43,0.0
2026-06-27 01:10:00,F01,TRAP-A,22.77,93.28,11.0,0.0
2026-06-27 01:20:00,F01,TRAP-A,23.74,95.93,12.02,0.0
2026-06-27 01:30:00,F01,TRAP-A,20.89,93.74,20.35,0.0
2026-06-27 01:40:00,F01,TRAP-A,22.33,89.85,15.42,0.0
2026-06-27 01:50:00,F01,TRAP-A,21.43,91.86,11.71,0.0
2026-06-27 02:00:00,F01,TRAP-A,21.18,96.02,13.37,0.0
2026-06-27 02:10:00,F01,TRAP-A,23.29,93.77,14.84,0.0
2026-06-27 02:20:00,F01,TRAP-A,22.97,93.2,10.46,0.0
2026-06-27 02:30:00,F01,TRAP-A,22.92,91.43,13.18,0.0
2026-06-27 02:40:00,F01,TRAP-A,23.33,95.67,23.16,0.0
2026-06-27 02:50:00,F01,TRAP-A,22.25,96.7,19.61,0.0
2026-06-27 03:00:00,F01,TRAP-A,22.34,95.53,16.26,0.0
2026-06-27 03:10:00,F01,TRAP-A,24.5,95.78,11.36,0.0
2026-06-27 03:20:00,F01,TRAP-A,22.62,91.05,26.5,0.0
2026-06-27 03:30:00,F01,TRAP-A,23.48,90.44,14.06,0.0
2026-06-27 03:40:00,F01,TRAP-A,22.98,91.02,12.1,0.0
2026-06-27 03:50:00,F01,TRAP-A,21.59,91.2,14.8,0.0
2026-06-27 04:00:00,F01,TRAP-A,21.53,94.36,17.34,0.0
2026-06-27 04:10:00,F01,TRAP-A,22.81,93.34,11.96,0.0
2026-06-27 04:20:00,F01,TRAP-A,24.23,91.39,19.12,0.0
2026-06-27 04:30:00,F01,TRAP-A,24.14,86.06,19.32,1.34
2026-06-27 04:40:00,F01,TRAP-A,24.37,85.0,11.84,0.0
2026-06-27 04:50:00,F01,TRAP-A,22.98,89.38,18.76,0.0
2026-06-27 05:00:00,F01,TRAP-A,25.2,90.51,20.69,0.0
2026-06-27 05:10:00,F01,TRAP-A,23.28,87.62,12.04,0.0
2026-06-27 05:20:00,F01,TRAP-A,24.37,92.11,13.0,0.0
2026-06-27 05:30:00,F01,TRAP-A,24.35,84.09,13.38,0.0
2026-06-27 05:40:00,F01,TRAP-A,24.38,83.24,13.28,0.0
2026-06-27 05:50:00,F01,TRAP-A,25.76,84.04,16.27,0.0
2026-06-27 06:00:00,F01,TRAP-A,24.29,83.38,13.33,0.0
2026-06-27 06:10:00,F01,TRAP-A,23.95,85.87,21.4,0.0
2026-06-27 06:20:00,F01,TRAP-A,25.23,82.91,27.86,0.0
2026-06-27 06:30:00,F01,TRAP-A,25.07,79.48,13.09,0.0
2026-06-27 06:40:00,F01,TRAP-A,28.28,84.97,14.05,0.0
2026-06-27 06:50:00,F01,TRAP-A,26.31,77.71,14.33,0.0
2026-06-27 07:00:00,F01,TRAP-A,25.63,78.8,14.43,0.0
2026-06-27 07:10:00,F01,TRAP-A,25.3,76.78,13.19,0.0
2026-06-27 07:20:00,F01,TRAP-A,24.84,80.71,12.26,0.0
2026-06-27 07:30:00,F01,TRAP-A,25.72,80.01,11.82,0.0
2026-06-27 07:40:00,F01,TRAP-A,26.82,83.68,11.91,0.0
2026-06-27 07:50:00,F01,TRAP-A,28.07,80.52,18.44,0.0
2026-06-27 08:00:00,F01,TRAP-A,28.02,81.19,12.39,0.0
2026-06-27 08:10:00,F01,TRAP-A,27.5,77.65,11.55,0.0
2026-06-27 08:20:00,F01,TRAP-A,27.26,73.84,14.14,2.58
2026-06-27 08:30:00,F01,TRAP-A,27.93,75.95,11.34,0.0
2026-06-27 08:40:00,F01,TRAP-A,27.49,76.47,11.21,0.0
2026-06-27 08:50:00,F01,TRAP-A,29.47,76.11,13.79,0.0
2026-06-27 09:00:00,F01,TRAP-A,28.13,72.54,13.43,0.0
2026-06-27 09:10:00,F01,TRAP-A,28.4,74.32,10.75,0.0
2026-06-27 09:20:00,F01,TRAP-A,26.88,70.15,12.34,0.0
2026-06-27 09:30:00,F01,TRAP-A,28.68,69.27,12.06,0.86
2026-06-27 09:40:00,F01,TRAP-A,29.68,68.5,12.58,0.0
2026-06-27 09:50:00,F01,TRAP-A,28.33,70.77,14.07,0.0
2026-06-27 10:00:00,F01,TRAP-A,28.76,67.2,10.9,0.0
2026-06-27 10:10:00,F01,TRAP-A,30.16,68.53,11.45,0.0
2026-06-27 10:20:00,F01,TRAP-A,28.5,71.31,14.31,0.27
2026-06-27 10:30:00,F01,TRAP-A,30.68,65.97,17.1,0.0
2026-06-27 10:40:00,F01,TRAP-A,29.56,66.78,15.92,0.0
2026-06-27 10:50:00,F01,TRAP-A,29.82,67.74,11.04,0.0
2026-06-27 11:00:00,F01,TRAP-A,29.37,67.72,11.13,0.0
2026-06-27 11:10:00,F01,TRAP-A,30.7,65.41,11.02,0.0
2026-06-27 11:20:00,F01,TRAP-A,32.49,68.21,14.68,0.0
2026-06-27 11:30:00,F01,TRAP-A,31.27,67.33,13.91,0.0
2026-06-27 11:40:00,F01,TRAP-A,30.07,68.33,9.36,0.0
2026-06-27 11:50:00,F01,TRAP-A,31.77,64.93,8.6,0.0
2026-06-27 12:00:00,F01,TRAP-A,30.7,63.52,9.32,0.0
2026-06-27 12:10:00,F01,TRAP-A,32.15,62.8,8.73,0.0
2026-06-27 12:20:00,F01,TRAP-A,31.78,65.0,16.57,0.0
2026-06-27 12:30:00,F01,TRAP-A,28.85,63.04,8.29,0.0
2026-06-27 12:40:00,F01,TRAP-A,30.47,62.34,7.8,0.0
2026-06-27 12:50:00,F01,TRAP-A,32.08,62.45,13.92,0.0
2026-06-27 13:00:00,F01,TRAP-A,31.5,61.7,7.13,0.0
2026-06-27 13:10:00,F01,TRAP-A,30.6,63.77,7.6,0.0
2026-06-27 13:20:00,F01,TRAP-A,30.94,59.63,8.26,0.0
2026-06-27 13:30:00,F01,TRAP-A,29.95,63.84,9.08,1.69
2026-06-27 13:40:00,F01,TRAP-A,31.42,64.72,7.4,0.0
2026-06-27 13:50:00,F01,TRAP-A,33.27,61.55,8.11,0.0
2026-06-27 14:00:00,F01,TRAP-A,32.14,67.81,6.57,0.0
2026-06-27 14:10:00,F01,TRAP-A,33.24,63.08,8.32,0.0
2026-06-27 14:20:00,F01,TRAP-A,32.18,59.2,7.19,0.0
2026-06-27 14:30:00,F01,TRAP-A,32.27,62.49,11.15,0.0
2026-06-27 14:40:00,F01,TRAP-A,32.99,63.46,6.96,0.0
2026-06-27 14:50:00,F01,TRAP-A,31.67,64.57,6.98,4.46
2026-06-27 15:00:00,F01,TRAP-A,31.16,62.98,7.78,0.0
2026-06-27 15:10:00,F01,TRAP-A,32.08,61.3,5.37,0.0
2026-06-27 15:20:00,F01,TRAP-A,32.35,61.32,5.38,0.0
2026-06-27 15:30:00,F01,TRAP-A,30.72,62.67,9.45,0.0
2026-06-27 15:40:00,F01,TRAP-A,30.45,63.19,5.62,0.0
2026-06-27 15:50:00,F01,TRAP-A,31.04,62.06,8.03,0.0
2026-06-27 16:00:00,F01,TRAP-A,31.5,63.39,4.79,0.0
2026-06-27 16:10:00,F01,TRAP-A,31.36,67.23,9.58,9.61
2026-06-27 16:20:00,F01,TRAP-A,29.47,70.08,17.66,0.0
2026-06-27 16:30:00,F01,TRAP-A,32.02,68.25,5.67,0.0
2026-06-27 16:40:00,F01,TRAP-A,29.85,70.05,6.32,0.0
2026-06-27 16:50:00,F01,TRAP-A,30.02,69.66,5.91,0.0
2026-06-27 17:00:00,F01,TRAP-A,29.37,69.78,10.85,1.35
2026-06-27 17:10:00,F01,TRAP-A,32.1,67.34,4.1,0.0
2026-06-27 17:20:00,F01,TRAP-A,29.99,69.04,7.22,0.0
2026-06-27 17:30:00,F01,TRAP-A,28.96,68.15,7.19,0.0
2026-06-27 17:40:00,F01,TRAP-A,30.17,69.2,5.45,0.0
2026-06-27 17:50:00,F01,TRAP-A,29.93,70.47,4.74,0.0
2026-06-27 18:00:00,F01,TRAP-A,28.99,72.65,4.82,0.0
2026-06-27 18:10:00,F01,TRAP-A,29.64,72.51,8.85,0.0
2026-06-27 18:20:00,F01,TRAP-A,28.13,71.64,4.23,0.0
2026-06-27 18:30:00,F01,TRAP-A,28.21,72.79,6.54,0.0
2026-06-27 18:40:00,F01,TRAP-A,26.81,74.35,5.18,0.0
2026-06-27 18:50:00,F01,TRAP-A,27.17,75.56,5.05,0.0
2026-06-27 19:00:00,F01,TRAP-A,29.49,70.73,6.28,0.0
2026-06-27 19:10:00,F01,TRAP-A,29.16,72.47,11.06,0.0
2026-06-27 19:20:00,F01,TRAP-A,27.71,78.58,7.17,0.0
2026-06-27 19:30:00,F01,TRAP-A,28.79,76.31,9.01,0.0
2026-06-27 19:40:00,F01,TRAP-A,27.14,76.05,7.18,0.0
2026-06-27 19:50:00,F01,TRAP-A,26.88,77.11,8.09,0.0
2026-06-27 20:00:00,F01,TRAP-A,26.92,77.76,6.29,0.0
2026-06-27 20:10:00,F01,TRAP-A,26.58,80.47,12.5,1.2
2026-06-27 20:20:00,F01,TRAP-A,26.31,76.96,6.88,0.0
2026-06-27 20:30:00,F01,TRAP-A,27.2,80.44,7.3,0.0
2026-06-27 20:40:00,F01,TRAP-A,26.21,81.63,7.24,0.0
2026-06-27 20:50:00,F01,TRAP-A,26.47,82.65,6.27,0.0
2026-06-27 21:00:00,F01,TRAP-A,26.54,82.84,6.04,0.0
2026-06-27 21:10:00,F01,TRAP-A,25.84,84.2,5.61,0.0
2026-06-27 21:20:00,F01,TRAP-A,24.57,82.09,9.32,0.0
2026-06-27 21:30:00,F01,TRAP-A,24.08,81.77,6.68,0.0
2026-06-27 21:40:00,F01,TRAP-A,25.1,90.86,7.28,0.0
2026-06-27 21:50:00,F01,TRAP-A,24.67,84.54,13.52,3.58
2026-06-27 22:00:00,F01,TRAP-A,24.71,85.4,8.61,0.0
2026-06-27 22:10:00,F01,TRAP-A,24.46,88.11,6.56,0.0
2026-06-27 22:20:00,F01,TRAP-A,26.38,90.94,11.23,0.0
2026-06-27 22:30:00,F01,TRAP-A,23.1,86.1,7.46,0.0
2026-06-27 22:40:00,F01,TRAP-A,22.42,85.46,9.15,0.0
2026-06-27 22:50:00,F01,TRAP-A,24.13,85.34,9.04,0.0
2026-06-27 23:00:00,F01,TRAP-A,23.43,92.88,7.89,0.0
2026-06-27 23:10:00,F01,TRAP-A,23.85,86.74,7.61,0.0
2026-06-27 23:20:00,F01,TRAP-A,23.94,89.69,8.13,0.0
2026-06-27 23:30:00,F01,TRAP-A,24.38,87.71,7.9,0.0
2026-06-27 23:40:00,F01,TRAP-A,22.04,86.9,8.73,0.0
2026-06-27 23:50:00,F01,TRAP-A,22.69,90.14,25.68,0.0
2026-06-28 00:00:00,F01,TRAP-A,23.38,88.85,9.66,0.0
2026-06-28 00:10:00,F01,TRAP-A,23.57,89.77,14.27,0.0
2026-06-28 00:20:00,F01,TRAP-A,24.62,96.78,10.85,0.0
2026-06-28 00:30:00,F01,TRAP-A,23.56,93.08,11.93,0.0
2026-06-28 00:40:00,F01,TRAP-A,22.68,94.56,9.32,0.0
2026-06-28 00:50:00,F01,TRAP-A,21.96,94.49,9.94,0.0
2026-06-28 01:00:00,F01,TRAP-A,22.17,92.34,11.29,0.0
2026-06-28 01:10:00,F01,TRAP-A,22.11,91.63,15.7,1.33
2026-06-28 01:20:00,F01,TRAP-A,23.07,93.46,9.6,0.0
2026-06-28 01:30:00,F01,TRAP-A,22.73,93.34,11.76,0.0
2026-06-28 01:40:00,F01,TRAP-A,21.45,91.55,9.95,0.0
2026-06-28 01:50:00,F01,TRAP-A,22.15,93.32,11.78,0.0
2026-06-28 02:00:00,F01,TRAP-A,23.2,91.23,13.07,0.0
2026-06-28 02:10:00,F01,TRAP-A,22.79,92.53,14.34,0.0
2026-06-28 02:20:00,F01,TRAP-A,22.98,92.06,10.83,0.0
2026-06-28 02:30:00,F01,TRAP-A,22.86,89.64,11.07,0.0
2026-06-28 02:40:00,F01,TRAP-A,23.89,86.81,12.56,0.0
2026-06-28 02:50:00,F01,TRAP-A,22.82,90.2,29.48,0.0
2026-06-28 03:00:00,F01,TRAP-A,22.38,96.88,12.23,0.0
2026-06-28 03:10:00,F01,TRAP-A,22.02,91.4,12.7,0.0
2026-06-28 03:20:00,F01,TRAP-A,23.02,93.89,12.83,0.0
2026-06-28 03:30:00,F01,TRAP-A,20.94,86.38,11.49,0.0
2026-06-28 03:40:00,F01,TRAP-A,22.83,88.89,15.8,0.0
2026-06-28 03:50:00,F01,TRAP-A,22.9,87.72,12.31,0.0
2026-06-28 04:00:00,F01,TRAP-A,22.08,90.27,15.17,0.0
2026-06-28 04:10:00,F01,TRAP-A,22.53,96.47,13.53,0.0
2026-06-28 04:20:00,F01,TRAP-A,24.04,91.19,14.51,0.0
2026-06-28 04:30:00,F01,TRAP-A,23.69,93.88,11.9,0.0
2026-06-28 04:40:00,F01,TRAP-A,23.72,88.58,18.42,0.0
2026-06-28 04:50:00,F01,TRAP-A,24.01,92.18,12.69,0.0
2026-06-28 05:00:00,F01,TRAP-A,23.98,93.49,15.22,0.0
2026-06-28 05:10:00,F01,TRAP-A,25.05,87.54,16.73,0.0
2026-06-28 05:20:00,F01,TRAP-A,24.3,85.97,14.29,0.0
2026-06-28 05:30:00,F01,TRAP-A,23.2,83.5,13.21,0.0
2026-06-28 05:40:00,F01,TRAP-A,25.83,85.48,23.43,0.0
2026-06-28 05:50:00,F01,TRAP-A,24.99,85.9,12.98,0.0
2026-06-28 06:00:00,F01,TRAP-A,24.39,90.21,20.91,0.0
2026-06-28 06:10:00,F01,TRAP-A,24.03,81.31,12.5,0.0
2026-06-28 06:20:00,F01,TRAP-A,25.53,84.1,13.45,0.0
2026-06-28 06:30:00,F01,TRAP-A,25.3,78.81,12.4,0.0
2026-06-28 06:40:00,F01,TRAP-A,26.84,81.66,11.92,0.0
2026-06-28 06:50:00,F01,TRAP-A,25.49,82.88,12.78,0.0
2026-06-28 07:00:00,F01,TRAP-A,25.29,82.75,12.11,0.0
2026-06-28 07:10:00,F01,TRAP-A,26.87,82.3,24.66,0.0
2026-06-28 07:20:00,F01,TRAP-A,27.08,81.18,16.02,0.0
2026-06-28 07:30:00,F01,TRAP-A,26.67,80.99,11.66,0.0
2026-06-28 07:40:00,F01,TRAP-A,27.28,79.0,12.34,0.0
2026-06-28 07:50:00,F01,TRAP-A,26.9,75.61,14.82,0.0
2026-06-28 08:00:00,F01,TRAP-A,27.31,72.95,12.93,0.0
2026-06-28 08:10:00,F01,TRAP-A,28.26,75.56,16.66,0.0
2026-06-28 08:20:00,F01,TRAP-A,28.02,75.93,13.32,0.0
2026-06-28 08:30:00,F01,TRAP-A,27.58,78.76,14.28,0.0
2026-06-28 08:40:00,F01,TRAP-A,28.99,74.73,13.72,0.0
2026-06-28 08:50:00,F01,TRAP-A,26.21,73.85,13.92,0.0
2026-06-28 09:00:00,F01,TRAP-A,29.93,74.67,11.53,0.0
2026-06-28 09:10:00,F01,TRAP-A,27.11,72.41,12.02,0.0
2026-06-28 09:20:00,F01,TRAP-A,28.16,74.5,10.64,0.0
2026-06-28 09:30:00,F01,TRAP-A,28.81,76.82,13.0,0.0
2026-06-28 09:40:00,F01,TRAP-A,28.9,76.76,12.05,0.0
2026-06-28 09:50:00,F01,TRAP-A,30.0,70.94,14.34,0.0
2026-06-28 10:00:00,F01,TRAP-A,28.51,70.98,10.59,0.0
2026-06-28 10:10:00,F01,TRAP-A,29.73,73.53,11.47,0.0
2026-06-28 10:20:00,F01,TRAP-A,29.22,68.68,10.19,0.0
2026-06-28 10:30:00,F01,TRAP-A,30.08,70.23,12.28,0.0
2026-06-28 10:40:00,F01,TRAP-A,29.94,65.2,14.91,0.0
2026-06-28 10:50:00,F01,TRAP-A,30.21,66.78,13.44,0.0
2026-06-28 11:00:00,F01,TRAP-A,29.83,69.99,17.58,0.0
2026-06-28 11:10:00,F01,TRAP-A,29.99,64.86,19.45,0.0
2026-06-28 11:20:00,F01,TRAP-A,30.76,65.92,13.02,0.0
2026-06-28 11:30:00,F01,TRAP-A,31.4,61.91,9.42,0.0
2026-06-28 11:40:00,F01,TRAP-A,30.28,70.49,8.98,0.0
2026-06-28 11:50:00,F01,TRAP-A,30.17,68.28,9.84,0.0
2026-06-28 12:00:00,F01,TRAP-A,31.45,65.27,23.18,0.0
2026-06-28 12:10:00,F01,TRAP-A,31.02,65.77,9.31,0.0
2026-06-28 12:20:00,F01,TRAP-A,31.8,65.22,8.2,0.0
2026-06-28 12:30:00,F01,TRAP-A,30.48,67.45,16.03,0.0
2026-06-28 12:40:00,F01,TRAP-A,29.85,62.47,8.66,0.0
2026-06-28 12:50:00,F01,TRAP-A,30.9,65.4,10.55,0.0
2026-06-28 13:00:00,F01,TRAP-A,30.76,66.1,11.51,0.0
2026-06-28 13:10:00,F01,TRAP-A,31.36,66.31,12.25,0.0
2026-06-28 13:20:00,F01,TRAP-A,30.94,57.51,11.69,0.0
2026-06-28 13:30:00,F01,TRAP-A,32.07,61.58,11.79,0.0
2026-06-28 13:40:00,F01,TRAP-A,31.26,60.48,9.51,0.0
2026-06-28 13:50:00,F01,TRAP-A,31.62,63.38,7.6,0.0
2026-06-28 14:00:00,F01,TRAP-A,31.62,57.97,9.2,0.0
2026-06-28 14:10:00,F01,TRAP-A,31.64,57.92,11.19,0.0
2026-06-28 14:20:00,F01,TRAP-A,31.45,68.53,6.91,0.0
2026-06-28 14:30:00,F01,TRAP-A,31.85,64.73,6.53,0.0
2026-06-28 14:40:00,F01,TRAP-A,30.77,63.61,6.61,0.0
2026-06-28 14:50:00,F01,TRAP-A,32.48,64.36,7.62,0.0
2026-06-28 15:00:00,F01,TRAP-A,31.12,63.99,5.25,0.0
2026-06-28 15:10:00,F01,TRAP-A,30.2,66.32,9.5,0.0
2026-06-28 15:20:00,F01,TRAP-A,31.33,62.48,5.31,0.0
2026-06-28 15:30:00,F01,TRAP-A,30.43,64.78,5.19,0.0
2026-06-28 15:40:00,F01,TRAP-A,31.55,65.16,5.32,0.0
2026-06-28 15:50:00,F01,TRAP-A,32.7,62.28,7.15,0.0
2026-06-28 16:00:00,F01,TRAP-A,30.2,68.42,5.49,0.0
2026-06-28 16:10:00,F01,TRAP-A,30.99,64.47,5.78,0.0
2026-06-28 16:20:00,F01,TRAP-A,29.21,68.51,12.38,0.0
2026-06-28 16:30:00,F01,TRAP-A,30.85,66.65,9.9,0.0
2026-06-28 16:40:00,F01,TRAP-A,29.65,70.87,9.94,0.0
2026-06-28 16:50:00,F01,TRAP-A,29.73,64.63,6.74,0.0
2026-06-28 17:00:00,F01,TRAP-A,29.21,64.99,10.15,0.0
2026-06-28 17:10:00,F01,TRAP-A,30.53,65.92,8.59,0.0
2026-06-28 17:20:00,F01,TRAP-A,30.6,69.02,13.23,0.0
2026-06-28 17:30:00,F01,TRAP-A,29.66,73.06,4.22,0.0
2026-06-28 17:40:00,F01,TRAP-A,28.78,73.73,4.09,0.0
2026-06-28 17:50:00,F01,TRAP-A,30.58,64.53,4.58,0.0
2026-06-28 18:00:00,F01,TRAP-A,28.54,71.5,11.94,0.0
2026-06-28 18:10:00,F01,TRAP-A,27.23,63.42,6.8,0.0
2026-06-28 18:20:00,F01,TRAP-A,29.15,74.04,5.69,0.0
2026-06-28 18:30:00,F01,TRAP-A,27.72,75.45,6.21,0.0
2026-06-28 18:40:00,F01,TRAP-A,29.21,73.17,9.39,0.0
2026-06-28 18:50:00,F01,TRAP-A,27.93,74.11,12.06,0.0
2026-06-28 19:00:00,F01,TRAP-A,28.52,74.72,8.09,1.57
2026-06-28 19:10:00,F01,TRAP-A,28.97,73.21,8.5,0.0
2026-06-28 19:20:00,F01,TRAP-A,26.69,76.9,5.44,0.0
2026-06-28 19:30:00,F01,TRAP-A,27.01,75.89,6.24,0.0
2026-06-28 19:40:00,F01,TRAP-A,27.2,79.45,10.92,0.0
2026-06-28 19:50:00,F01,TRAP-A,28.3,77.49,9.13,0.0
2026-06-28 20:00:00,F01,TRAP-A,26.34,76.28,8.05,0.0
2026-06-28 20:10:00,F01,TRAP-A,26.2,75.24,4.89,0.0
2026-06-28 20:20:00,F01,TRAP-A,26.86,75.07,4.91,0.0
2026-06-28 20:30:00,F01,TRAP-A,25.82,83.66,5.32,0.0
2026-06-28 20:40:00,F01,TRAP-A,26.21,79.88,7.62,0.0
2026-06-28 20:50:00,F01,TRAP-A,24.66,82.51,7.44,0.0
2026-06-28 21:00:00,F01,TRAP-A,27.48,86.75,13.83,0.0
2026-06-28 21:10:00,F01,TRAP-A,24.45,81.51,8.94,0.0
2026-06-28 21:20:00,F01,TRAP-A,25.08,81.96,6.56,0.0
2026-06-28 21:30:00,F01,TRAP-A,25.13,83.8,6.18,0.0
2026-06-28 21:40:00,F01,TRAP-A,26.51,84.8,11.48,0.0
2026-06-28 21:50:00,F01,TRAP-A,23.75,90.02,7.79,0.0
2026-06-28 22:00:00,F01,TRAP-A,26.23,89.78,9.28,0.0
2026-06-28 22:10:00,F01,TRAP-A,25.08,87.97,8.75,0.0
2026-06-28 22:20:00,F01,TRAP-A,24.65,90.57,6.75,0.0
2026-06-28 22:30:00,F01,TRAP-A,23.37,87.02,6.75,0.0
2026-06-28 22:40:00,F01,TRAP-A,24.47,88.71,8.16,0.0
2026-06-28 22:50:00,F01,TRAP-A,23.29,87.69,8.25,0.0
2026-06-28 23:00:00,F01,TRAP-A,24.74,85.68,10.44,0.0
2026-06-28 23:10:00,F01,TRAP-A,22.82,92.35,10.25,0.0
2026-06-28 23:20:00,F01,TRAP-A,23.38,91.09,17.83,0.0
2026-06-28 23:30:00,F01,TRAP-A,22.91,90.2,13.45,0.0
2026-06-28 23:40:00,F01,TRAP-A,22.45,90.52,9.82,0.0
2026-06-28 23:50:00,F01,TRAP-A,23.73,87.11,10.02,0.0
2026-06-29 00:00:00,F01,TRAP-A,23.47,88.76,11.48,0.0
2026-06-29 00:10:00,F01,TRAP-A,23.92,92.34,8.65,0.0
2026-06-29 00:20:00,F01,TRAP-A,21.44,90.45,30.0,0.0
2026-06-29 00:30:00,F01,TRAP-A,23.65,91.47,10.83,0.0
2026-06-29 00:40:00,F01,TRAP-A,24.73,91.97,16.03,0.0
2026-06-29 00:50:00,F01,TRAP-A,22.31,90.72,19.24,0.0
2026-06-29 01:00:00,F01,TRAP-A,24.14,90.17,11.76,0.0
2026-06-29 01:10:00,F01,TRAP-A,22.37,88.7,9.64,0.0
2026-06-29 01:20:00,F01,TRAP-A,21.45,92.47,12.03,0.0
2026-06-29 01:30:00,F01,TRAP-A,22.28,94.47,12.37,0.0
2026-06-29 01:40:00,F01,TRAP-A,23.35,88.87,14.46,0.0
2026-06-29 01:50:00,F01,TRAP-A,21.83,92.94,10.1,0.0
2026-06-29 02:00:00,F01,TRAP-A,22.02,93.7,11.98,0.0
2026-06-29 02:10:00,F01,TRAP-A,22.99,90.49,17.93,0.0
2026-06-29 02:20:00,F01,TRAP-A,22.53,96.45,24.62,0.0
2026-06-29 02:30:00,F01,TRAP-A,23.02,91.85,11.16,0.0
2026-06-29 02:40:00,F01,TRAP-A,22.78,92.44,16.79,0.0
2026-06-29 02:50:00,F01,TRAP-A,23.02,92.14,11.26,0.0
2026-06-29 03:00:00,F01,TRAP-A,22.34,87.94,16.43,0.0
2026-06-29 03:10:00,F01,TRAP-A,22.93,94.69,12.0,0.0
2026-06-29 03:20:00,F01,TRAP-A,22.08,89.55,20.77,0.0
2026-06-29 03:30:00,F01,TRAP-A,23.92,91.1,14.81,0.0
2026-06-29 03:40:00,F01,TRAP-A,22.47,92.9,12.87,0.0
2026-06-29 03:50:00,F01,TRAP-A,23.97,94.75,12.42,0.0
2026-06-29 04:00:00,F01,TRAP-A,22.98,88.07,12.32,0.0
2026-06-29 04:10:00,F01,TRAP-A,23.44,89.3,15.03,0.0
2026-06-29 04:20:00,F01,TRAP-A,22.99,93.49,18.46,0.0
2026-06-29 04:30:00,F01,TRAP-A,22.7,90.79,15.96,0.0
2026-06-29 04:40:00,F01,TRAP-A,22.24,90.89,17.2,1.05
2026-06-29 04:50:00,F01,TRAP-A,22.93,86.14,16.41,0.0
2026-06-29 05:00:00,F01,TRAP-A,23.65,87.35,23.5,0.0
2026-06-29 05:10:00,F01,TRAP-A,24.23,87.39,16.18,0.0
2026-06-29 05:20:00,F01,TRAP-A,25.02,85.16,12.67,0.0
2026-06-29 05:30:00,F01,TRAP-A,24.01,82.6,16.68,0.0
2026-06-29 05:40:00,F01,TRAP-A,23.82,84.97,13.16,0.0
2026-06-29 05:50:00,F01,TRAP-A,23.54,89.08,28.42,0.0
2026-06-29 06:00:00,F01,TRAP-A,25.25,85.27,13.42,0.0
2026-06-29 06:10:00,F01,TRAP-A,26.14,87.98,13.03,0.0
2026-06-29 06:20:00,F01,TRAP-A,26.23,84.39,12.79,0.0
2026-06-29 06:30:00,F01,TRAP-A,25.97,81.43,15.17,0.0
2026-06-29 06:40:00,F01,TRAP-A,26.09,85.92,12.26,0.0
2026-06-29 06:50:00,F01,TRAP-A,27.13,82.63,21.09,0.0
2026-06-29 07:00:00,F01,TRAP-A,26.23,83.87,12.88,0.0
2026-06-29 07:10:00,F01,TRAP-A,26.67,78.15,12.83,0.0
2026-06-29 07:20:00,F01,TRAP-A,26.09,82.78,11.86,0.0
2026-06-29 07:30:00,F01,TRAP-A,25.45,82.2,12.5,0.0
2026-06-29 07:40:00,F01,TRAP-A,26.19,79.6,13.2,0.0
2026-06-29 07:50:00,F01,TRAP-A,26.93,76.21,12.88,0.0
2026-06-29 08:00:00,F01,TRAP-A,27.18,77.45,12.36,0.0
2026-06-29 08:10:00,F01,TRAP-A,28.87,78.44,11.44,0.0
2026-06-29 08:20:00,F01,TRAP-A,27.59,76.85,12.28,0.0
2026-06-29 08:30:00,F01,TRAP-A,28.66,77.12,15.62,0.0
2026-06-29 08:40:00,F01,TRAP-A,27.56,77.5,12.72,0.0
2026-06-29 08:50:00,F01,TRAP-A,27.85,72.71,11.9,0.0
2026-06-29 09:00:00,F01,TRAP-A,27.23,70.81,11.84,0.0
2026-06-29 09:10:00,F01,TRAP-A,27.88,72.99,13.04,0.0
2026-06-29 09:20:00,F01,TRAP-A,29.08,71.64,11.56,0.0
2026-06-29 09:30:00,F01,TRAP-A,28.85,73.83,13.33,0.0
2026-06-29 09:40:00,F01,TRAP-A,29.77,68.59,23.86,0.0
2026-06-29 09:50:00,F01,TRAP-A,29.34,73.24,10.18,0.0
2026-06-29 10:00:00,F01,TRAP-A,29.08,73.51,10.45,0.0
2026-06-29 10:10:00,F01,TRAP-A,31.24,69.58,10.34,0.0
2026-06-29 10:20:00,F01,TRAP-A,29.61,69.2,11.36,0.0
2026-06-29 10:30:00,F01,TRAP-A,30.77,66.61,9.55,0.0
2026-06-29 10:40:00,F01,TRAP-A,29.67,66.67,11.21,0.0
2026-06-29 10:50:00,F01,TRAP-A,30.7,66.53,17.02,0.0
2026-06-29 11:00:00,F01,TRAP-A,31.01,70.7,8.96,0.0
2026-06-29 11:10:00,F01,TRAP-A,30.57,66.47,10.11,0.0
2026-06-29 11:20:00,F01,TRAP-A,28.65,62.93,12.87,0.0
2026-06-29 11:30:00,F01,TRAP-A,30.66,66.48,8.91,0.0
2026-06-29 11:40:00,F01,TRAP-A,31.74,67.54,8.48,0.0
2026-06-29 11:50:00,F01,TRAP-A,31.29,65.06,11.05,0.0
2026-06-29 12:00:00,F01,TRAP-A,31.32,68.47,7.91,0.0
2026-06-29 12:10:00,F01,TRAP-A,29.67,66.44,12.57,0.0
2026-06-29 12:20:00,F01,TRAP-A,30.56,61.61,7.74,0.0
2026-06-29 12:30:00,F01,TRAP-A,31.53,62.6,9.59,0.0
2026-06-29 12:40:00,F01,TRAP-A,31.6,64.33,11.23,0.0
2026-06-29 12:50:00,F01,TRAP-A,32.3,59.4,7.85,0.0
2026-06-29 13:00:00,F01,TRAP-A,31.26,64.25,7.18,0.0
2026-06-29 13:10:00,F01,TRAP-A,31.74,58.86,7.27,0.0
2026-06-29 13:20:00,F01,TRAP-A,31.47,65.72,12.31,0.0
2026-06-29 13:30:00,F01,TRAP-A,30.69,65.35,10.03,0.0
2026-06-29 13:40:00,F01,TRAP-A,29.69,64.29,6.87,0.0
2026-06-29 13:50:00,F01,TRAP-A,31.84,61.31,9.83,0.0
2026-06-29 14:00:00,F01,TRAP-A,31.64,63.43,9.6,0.0
2026-06-29 14:10:00,F01,TRAP-A,30.99,61.76,24.01,0.0
2026-06-29 14:20:00,F01,TRAP-A,30.17,60.52,7.1,0.0
2026-06-29 14:30:00,F01,TRAP-A,31.95,62.34,11.48,0.0
2026-06-29 14:40:00,F01,TRAP-A,31.19,65.05,7.12,0.0
2026-06-29 14:50:00,F01,TRAP-A,31.81,63.57,12.05,0.0
2026-06-29 15:00:00,F01,TRAP-A,32.8,67.26,5.38,0.0
2026-06-29 15:10:00,F01,TRAP-A,29.54,65.75,5.55,0.0
2026-06-29 15:20:00,F01,TRAP-A,30.62,65.71,10.55,0.0
2026-06-29 15:30:00,F01,TRAP-A,30.94,60.29,9.89,0.0
2026-06-29 15:40:00,F01,TRAP-A,32.19,63.88,5.75,0.0
2026-06-29 15:50:00,F01,TRAP-A,29.62,62.24,7.29,0.0
2026-06-29 16:00:00,F01,TRAP-A,32.38,64.77,5.93,0.0
2026-06-29 16:10:00,F01,TRAP-A,30.83,63.85,4.43,0.0
2026-06-29 16:20:00,F01,TRAP-A,30.53,65.02,4.41,0.0
2026-06-29 16:30:00,F01,TRAP-A,30.33,69.02,4.43,0.0
2026-06-29 16:40:00,F01,TRAP-A,30.01,67.98,6.91,0.0
2026-06-29 16:50:00,F01,TRAP-A,31.07,69.76,5.13,0.0
2026-06-29 17:00:00,F01,TRAP-A,29.23,63.7,4.57,0.0
2026-06-29 17:10:00,F01,TRAP-A,30.22,68.34,12.57,0.0
2026-06-29 17:20:00,F01,TRAP-A,29.48,71.11,4.43,0.0
2026-06-29 17:30:00,F01,TRAP-A,29.03,72.98,7.38,0.0
2026-06-29 17:40:00,F01,TRAP-A,31.54,65.89,10.74,4.76
2026-06-29 17:50:00,F01,TRAP-A,29.64,69.43,4.54,0.0
2026-06-29 18:00:00,F01,TRAP-A,29.63,73.46,4.73,0.0
2026-06-29 18:10:00,F01,TRAP-A,29.87,70.98,6.57,0.0
2026-06-29 18:20:00,F01,TRAP-A,27.65,69.78,6.16,0.0
2026-06-29 18:30:00,F01,TRAP-A,30.0,68.79,6.26,0.0
2026-06-29 18:40:00,F01,TRAP-A,26.41,70.91,6.51,0.0
2026-06-29 18:50:00,F01,TRAP-A,27.61,69.68,13.1,0.0
2026-06-29 19:00:00,F01,TRAP-A,27.67,74.69,4.33,0.0
2026-06-29 19:10:00,F01,TRAP-A,28.31,77.42,8.51,0.0
2026-06-29 19:20:00,F01,TRAP-A,27.83,72.67,5.08,0.0
2026-06-29 19:30:00,F01,TRAP-A,27.32,77.12,5.75,0.0
2026-06-29 19:40:00,F01,TRAP-A,27.25,79.24,4.71,0.0
2026-06-29 19:50:00,F01,TRAP-A,26.28,77.77,6.28,0.0
2026-06-29 20:00:00,F01,TRAP-A,25.67,74.41,9.49,0.0
2026-06-29 20:10:00,F01,TRAP-A,27.25,80.05,5.0,2.38
2026-06-29 20:20:00,F01,TRAP-A,27.03,79.6,5.76,0.0
2026-06-29 20:30:00,F01,TRAP-A,27.55,80.0,6.3,0.0
2026-06-29 20:40:00,F01,TRAP-A,25.46,79.67,5.34,0.0
2026-06-29 20:50:00,F01,TRAP-A,26.45,81.89,9.44,0.0
2026-06-29 21:00:00,F01,TRAP-A,25.48,83.58,9.89,0.0
2026-06-29 21:10:00,F01,TRAP-A,26.48,88.9,10.81,0.0
2026-06-29 21:20:00,F01,TRAP-A,26.16,83.82,8.15,0.0
2026-06-29 21:30:00,F01,TRAP-A,25.33,87.92,7.78,0.0
2026-06-29 21:40:00,F01,TRAP-A,24.71,85.63,6.72,0.0
2026-06-29 21:50:00,F01,TRAP-A,25.58,85.06,9.14,0.0
2026-06-29 22:00:00,F01,TRAP-A,25.16,86.25,7.87,0.0
2026-06-29 22:10:00,F01,TRAP-A,23.93,83.37,16.86,0.0
2026-06-29 22:20:00,F01,TRAP-A,23.25,87.72,16.76,0.0
2026-06-29 22:30:00,F01,TRAP-A,23.93,82.49,13.65,0.0
2026-06-29 22:40:00,F01,TRAP-A,25.22,85.81,8.08,0.0
2026-06-29 22:50:00,F01,TRAP-A,24.78,88.73,8.29,0.0
2026-06-29 23:00:00,F01,TRAP-A,22.84,91.9,12.82,0.0
2026-06-29 23:10:00,F01,TRAP-A,22.66,92.93,11.17,0.27
2026-06-29 23:20:00,F01,TRAP-A,24.49,89.17,11.08,0.0
2026-06-29 23:30:00,F01,TRAP-A,22.44,90.55,8.58,0.0
2026-06-29 23:40:00,F01,TRAP-A,23.65,92.99,13.14,0.0
2026-06-29 23:50:00,F01,TRAP-A,22.64,87.56,10.54,0.0
2026-06-30 00:00:00,F01,TRAP-A,24.33,92.21,9.89,0.0
2026-06-30 00:10:00,F01,TRAP-A,22.33,89.43,14.31,0.0
2026-06-30 00:20:00,F01,TRAP-A,23.78,91.34,9.97,0.0
2026-06-30 00:30:00,F01,TRAP-A,22.94,90.87,11.82,0.0
2026-06-30 00:40:00,F01,TRAP-A,22.93,93.33,10.69,0.0
2026-06-30 00:50:00,F01,TRAP-A,21.09,93.81,11.67,0.0
2026-06-30 01:00:00,F01,TRAP-A,20.86,94.82,9.27,0.0
2026-06-30 01:10:00,F01,TRAP-A,22.4,93.6,11.17,0.0
2026-06-30 01:20:00,F01,TRAP-A,22.75,93.27,11.92,0.0
2026-06-30 01:30:00,F01,TRAP-A,21.62,97.56,11.67,0.0
2026-06-30 01:40:00,F01,TRAP-A,21.64,89.16,15.44,0.0
2026-06-30 01:50:00,F01,TRAP-A,22.95,97.24,11.07,0.0
2026-06-30 02:00:00,F01,TRAP-A,22.95,92.27,16.56,0.0
2026-06-30 02:10:00,F01,TRAP-A,22.4,94.39,11.8,0.0
2026-06-30 02:20:00,F01,TRAP-A,23.15,92.08,13.95,0.0
2026-06-30 02:30:00,F01,TRAP-A,21.62,91.05,10.8,0.0
2026-06-30 02:40:00,F01,TRAP-A,22.31,93.9,11.33,0.0
2026-06-30 02:50:00,F01,TRAP-A,23.96,95.15,15.08,0.0
2026-06-30 03:00:00,F01,TRAP-A,22.74,93.55,10.95,0.0
2026-06-30 03:10:00,F01,TRAP-A,22.85,90.81,21.4,0.0
2026-06-30 03:20:00,F01,TRAP-A,24.66,98.0,11.77,0.0
2026-06-30 03:30:00,F01,TRAP-A,21.78,94.68,18.19,0.0
2026-06-30 03:40:00,F01,TRAP-A,23.62,93.74,13.52,0.0
2026-06-30 03:50:00,F01,TRAP-A,24.4,90.22,13.93,0.0
2026-06-30 04:00:00,F01,TRAP-A,22.91,89.2,11.78,0.0
2026-06-30 04:10:00,F01,TRAP-A,23.96,89.71,12.96,0.0
2026-06-30 04:20:00,F01,TRAP-A,22.61,92.73,12.18,0.0
2026-06-30 04:30:00,F01,TRAP-A,22.96,87.15,13.98,0.0
2026-06-30 04:40:00,F01,TRAP-A,23.95,86.53,14.2,0.0
2026-06-30 04:50:00,F01,TRAP-A,24.41,90.11,15.56,2.31
2026-06-30 05:00:00,F01,TRAP-A,24.81,89.09,18.21,0.0
2026-06-30 05:10:00,F01,TRAP-A,25.31,85.88,13.82,0.0
2026-06-30 05:20:00,F01,TRAP-A,24.16,84.57,12.76,0.0
2026-06-30 05:30:00,F01,TRAP-A,25.32,90.37,13.2,0.0
2026-06-30 05:40:00,F01,TRAP-A,24.25,87.13,17.63,0.0
2026-06-30 05:50:00,F01,TRAP-A,25.42,82.28,12.47,0.0
2026-06-30 06:00:00,F01,TRAP-A,25.03,81.88,14.96,0.0
2026-06-30 06:10:00,F01,TRAP-A,25.4,83.63,12.03,0.0
2026-06-30 06:20:00,F01,TRAP-A,25.56,85.77,12.82,0.0
2026-06-30 06:30:00,F01,TRAP-A,24.12,84.82,14.63,0.0
2026-06-30 06:40:00,F01,TRAP-A,24.69,85.55,13.75,0.0
2026-06-30 06:50:00,F01,TRAP-A,25.85,78.36,13.92,0.0
2026-06-30 07:00:00,F01,TRAP-A,24.61,82.02,15.07,0.0
2026-06-30 07:10:00,F01,TRAP-A,26.82,84.38,12.58,0.0
2026-06-30 07:20:00,F01,TRAP-A,27.05,83.5,12.71,3.31
2026-06-30 07:30:00,F01,TRAP-A,26.81,80.42,15.11,0.0
2026-06-30 07:40:00,F01,TRAP-A,25.84,84.74,13.89,0.0
2026-06-30 07:50:00,F01,TRAP-A,28.04,79.74,11.54,0.0
2026-06-30 08:00:00,F01,TRAP-A,28.76,80.17,14.73,0.0
2026-06-30 08:10:00,F01,TRAP-A,27.45,77.02,14.21,0.0
2026-06-30 08:20:00,F01,TRAP-A,27.93,74.3,11.45,0.0
2026-06-30 08:30:00,F01,TRAP-A,27.88,73.42,15.23,0.0
2026-06-30 08:40:00,F01,TRAP-A,28.34,75.42,13.2,0.0
2026-06-30 08:50:00,F01,TRAP-A,28.01,73.8,11.56,0.0
2026-06-30 09:00:00,F01,TRAP-A,28.26,69.27,13.2,0.0
2026-06-30 09:10:00,F01,TRAP-A,29.2,70.51,13.33,0.0
2026-06-30 09:20:00,F01,TRAP-A,30.54,71.66,18.06,0.0
2026-06-30 09:30:00,F01,TRAP-A,27.72,73.67,14.41,0.0
2026-06-30 09:40:00,F01,TRAP-A,28.94,71.23,11.28,0.0
2026-06-30 09:50:00,F01,TRAP-A,28.25,70.51,10.43,0.0
2026-06-30 10:00:00,F01,TRAP-A,30.64,67.66,15.65,0.0
2026-06-30 10:10:00,F01,TRAP-A,29.06,69.63,15.36,0.0
2026-06-30 10:20:00,F01,TRAP-A,28.53,72.34,10.16,0.0
2026-06-30 10:30:00,F01,TRAP-A,30.35,68.91,9.61,0.0
2026-06-30 10:40:00,F01,TRAP-A,31.39,64.26,12.99,0.0
2026-06-30 10:50:00,F01,TRAP-A,30.67,64.42,12.94,0.0
2026-06-30 11:00:00,F01,TRAP-A,30.44,68.56,9.51,0.0
2026-06-30 11:10:00,F01,TRAP-A,30.73,66.09,12.06,0.0
2026-06-30 11:20:00,F01,TRAP-A,31.66,66.05,9.56,0.0
2026-06-30 11:30:00,F01,TRAP-A,29.95,64.31,9.31,0.0
2026-06-30 11:40:00,F01,TRAP-A,30.67,66.72,9.41,0.0
2026-06-30 11:50:00,F01,TRAP-A,30.5,64.37,10.26,0.0
2026-06-30 12:00:00,F01,TRAP-A,30.03,64.33,12.78,0.0
2026-06-30 12:10:00,F01,TRAP-A,30.79,62.37,9.78,0.0
2026-06-30 12:20:00,F01,TRAP-A,32.02,66.53,8.6,0.0
2026-06-30 12:30:00,F01,TRAP-A,31.66,63.43,13.82,0.0
2026-06-30 12:40:00,F01,TRAP-A,31.79,65.28,7.36,0.0
2026-06-30 12:50:00,F01,TRAP-A,31.45,60.58,11.81,0.0
2026-06-30 13:00:00,F01,TRAP-A,31.8,67.74,11.45,0.0
2026-06-30 13:10:00,F01,TRAP-A,30.78,66.46,7.56,0.0
2026-06-30 13:20:00,F01,TRAP-A,31.21,58.38,7.19,0.0
2026-06-30 13:30:00,F01,TRAP-A,31.63,61.07,12.59,0.0
2026-06-30 13:40:00,F01,TRAP-A,31.71,64.22,8.66,0.0
2026-06-30 13:50:00,F01,TRAP-A,31.76,59.7,6.19,0.0
2026-06-30 14:00:00,F01,TRAP-A,31.39,62.68,12.54,0.0
2026-06-30 14:10:00,F01,TRAP-A,31.19,64.11,7.04,0.0
2026-06-30 14:20:00,F01,TRAP-A,34.0,62.64,6.87,0.0
2026-06-30 14:30:00,F01,TRAP-A,32.17,64.54,8.57,0.0
2026-06-30 14:40:00,F01,TRAP-A,31.74,61.58,8.59,0.0
2026-06-30 14:50:00,F01,TRAP-A,31.18,57.85,6.52,0.0
2026-06-30 15:00:00,F01,TRAP-A,30.95,66.09,5.55,0.0
2026-06-30 15:10:00,F01,TRAP-A,31.15,66.27,7.38,0.0
2026-06-30 15:20:00,F01,TRAP-A,31.42,70.32,7.81,0.0
2026-06-30 15:30:00,F01,TRAP-A,29.6,58.8,10.66,0.0
2026-06-30 15:40:00,F01,TRAP-A,29.77,66.47,6.64,0.0
2026-06-30 15:50:00,F01,TRAP-A,30.42,59.98,7.68,0.0
2026-06-30 16:00:00,F01,TRAP-A,30.99,69.63,4.65,0.0
2026-06-30 16:10:00,F01,TRAP-A,30.53,66.81,11.15,0.0
2026-06-30 16:20:00,F01,TRAP-A,31.79,63.59,5.52,0.0
2026-06-30 16:30:00,F01,TRAP-A,29.3,68.32,7.26,0.0
2026-06-30 16:40:00,F01,TRAP-A,29.76,65.42,11.64,0.0
2026-06-30 16:50:00,F01,TRAP-A,31.44,67.99,9.14,4.53
2026-06-30 17:00:00,F01,TRAP-A,30.19,68.23,7.15,0.0
2026-06-30 17:10:00,F01,TRAP-A,30.65,72.56,7.72,0.0
2026-06-30 17:20:00,F01,TRAP-A,31.43,73.24,11.65,0.0
2026-06-30 17:30:00,F01,TRAP-A,29.08,67.73,9.04,0.0
2026-06-30 17:40:00,F01,TRAP-A,29.39,72.41,6.83,0.0
2026-06-30 17:50:00,F01,TRAP-A,29.09,71.2,7.23,0.0
2026-06-30 18:00:00,F01,TRAP-A,27.57,67.35,4.48,0.0
2026-06-30 18:10:00,F01,TRAP-A,28.71,69.73,5.92,0.0
2026-06-30 18:20:00,F01,TRAP-A,29.49,77.9,5.1,0.0
2026-06-30 18:30:00,F01,TRAP-A,29.03,73.57,5.75,0.0
2026-06-30 18:40:00,F01,TRAP-A,28.91,75.79,7.34,0.0
2026-06-30 18:50:00,F01,TRAP-A,27.93,73.38,4.61,0.0
2026-06-30 19:00:00,F01,TRAP-A,27.51,73.2,4.22,0.0
2026-06-30 19:10:00,F01,TRAP-A,28.86,75.25,5.74,0.0
2026-06-30 19:20:00,F01,TRAP-A,27.25,75.17,5.45,0.0
2026-06-30 19:30:00,F01,TRAP-A,27.69,72.75,5.99,1.23
2026-06-30 19:40:00,F01,TRAP-A,27.39,74.63,12.46,0.23
2026-06-30 19:50:00,F01,TRAP-A,28.23,79.56,8.19,0.0
2026-06-30 20:00:00,F01,TRAP-A,27.64,77.49,5.79,0.0
2026-06-30 20:10:00,F01,TRAP-A,25.63,79.16,5.28,0.0
2026-06-30 20:20:00,F01,TRAP-A,25.53,80.33,7.68,0.0
2026-06-30 20:30:00,F01,TRAP-A,26.74,81.18,8.11,0.0
2026-06-30 20:40:00,F01,TRAP-A,26.04,83.91,7.0,1.11
2026-06-30 20:50:00,F01,TRAP-A,25.53,78.93,5.85,0.0
2026-06-30 21:00:00,F01,TRAP-A,26.52,83.73,5.34,0.0
2026-06-30 21:10:00,F01,TRAP-A,25.67,84.82,6.31,0.0
2026-06-30 21:20:00,F01,TRAP-A,25.38,86.01,7.35,0.0
2026-06-30 21:30:00,F01,TRAP-A,25.78,80.61,10.31,0.0
2026-06-30 21:40:00,F01,TRAP-A,24.68,85.37,11.57,0.0
2026-06-30 21:50:00,F01,TRAP-A,26.06,89.61,7.55,0.0
2026-06-30 22:00:00,F01,TRAP-A,24.01,85.63,10.87,0.0
2026-06-30 22:10:00,F01,TRAP-A,25.0,87.64,21.3,0.0
2026-06-30 22:20:00,F01,TRAP-A,25.46,88.91,10.2,0.0
2026-06-30 22:30:00,F01,TRAP-A,23.05,84.92,10.49,0.0
2026-06-30 22:40:00,F01,TRAP-A,23.73,92.56,13.95,0.0
2026-06-30 22:50:00,F01,TRAP-A,24.78,89.7,8.15,0.0
2026-06-30 23:00:00,F01,TRAP-A,24.65,90.21,7.11,0.0
2026-06-30 23:10:00,F01,TRAP-A,23.46,85.2,20.27,0.0
2026-06-30 23:20:00,F01,TRAP-A,22.88,91.76,9.44,0.0
2026-06-30 23:30:00,F01,TRAP-A,24.12,91.43,12.22,0.0
2026-06-30 23:40:00,F01,TRAP-A,24.19,94.6,12.79,0.0
2026-06-30 23:50:00,F01,TRAP-A,22.2,90.11,9.46,0.0
2026-07-01 00:00:00,F01,TRAP-A,22.07,88.74,10.46,0.0
2026-07-01 00:10:00,F01,TRAP-A,23.13,89.8,10.62,0.0
2026-07-01 00:20:00,F01,TRAP-A,23.37,90.51,9.21,0.0
2026-07-01 00:30:00,F01,TRAP-A,22.55,89.22,9.01,0.0
2026-07-01 00:40:00,F01,TRAP-A,23.27,95.47,11.16,0.0
2026-07-01 00:50:00,F01,TRAP-A,22.1,95.75,9.36,0.0
2026-07-01 01:00:00,F01,TRAP-A,20.93,92.11,10.42,0.0
2026-07-01 01:10:00,F01,TRAP-A,22.24,91.75,9.93,0.0
2026-07-01 01:20:00,F01,TRAP-A,22.6,88.3,13.16,0.0
2026-07-01 01:30:00,F01,TRAP-A,22.3,94.66,15.81,0.0
2026-07-01 01:40:00,F01,TRAP-A,21.58,97.11,12.38,0.0
2026-07-01 01:50:00,F01,TRAP-A,21.05,91.41,11.53,0.0
2026-07-01 02:00:00,F01,TRAP-A,22.09,92.7,27.19,0.0
2026-07-01 02:10:00,F01,TRAP-A,23.23,94.05,10.31,0.0
2026-07-01 02:20:00,F01,TRAP-A,23.54,97.21,11.48,0.0
2026-07-01 02:30:00,F01,TRAP-A,23.51,93.31,11.51,0.0
2026-07-01 02:40:00,F01,TRAP-A,21.94,93.18,11.98,0.0
2026-07-01 02:50:00,F01,TRAP-A,21.71,92.99,11.57,0.0
2026-07-01 03:00:00,F01,TRAP-A,23.09,88.8,11.83,0.0
2026-07-01 03:10:00,F01,TRAP-A,23.26,88.55,11.92,0.0
2026-07-01 03:20:00,F01,TRAP-A,23.14,89.92,13.25,0.0
2026-07-01 03:30:00,F01,TRAP-A,21.28,94.21,12.73,0.0
2026-07-01 03:40:00,F01,TRAP-A,22.29,90.56,14.4,0.0
2026-07-01 03:50:00,F01,TRAP-A,23.05,89.77,13.6,0.0
2026-07-01 04:00:00,F01,TRAP-A,23.56,89.39,12.13,0.0
2026-07-01 04:10:00,F01,TRAP-A,23.89,90.06,16.58,1.11
2026-07-01 04:20:00,F01,TRAP-A,23.51,94.28,13.59,0.0
2026-07-01 04:30:00,F01,TRAP-A,23.78,89.25,12.24,0.0
2026-07-01 04:40:00,F01,TRAP-A,23.71,87.23,12.35,0.0
2026-07-01 04:50:00,F01,TRAP-A,24.32,88.82,16.63,0.0
2026-07-01 05:00:00,F01,TRAP-A,24.16,92.67,15.53,0.0
2026-07-01 05:10:00,F01,TRAP-A,24.11,86.54,14.05,0.0
2026-07-01 05:20:00,F01,TRAP-A,24.0,84.34,13.05,0.0
2026-07-01 05:30:00,F01,TRAP-A,24.43,85.52,13.83,0.0
2026-07-01 05:40:00,F01,TRAP-A,24.92,86.56,15.03,0.0
2026-07-01 05:50:00,F01,TRAP-A,24.91,87.4,18.34,0.0
2026-07-01 06:00:00,F01,TRAP-A,25.17,87.63,14.43,0.0
2026-07-01 06:10:00,F01,TRAP-A,26.12,81.91,12.96,0.0
2026-07-01 06:20:00,F01,TRAP-A,25.43,81.56,12.1,0.0
2026-07-01 06:30:00,F01,TRAP-A,24.88,82.52,12.53,0.0
2026-07-01 06:40:00,F01,TRAP-A,26.29,84.42,15.07,0.0
2026-07-01 06:50:00,F01,TRAP-A,24.68,78.93,12.4,0.0
2026-07-01 07:00:00,F01,TRAP-A,25.1,79.93,13.8,0.0
2026-07-01 07:10:00,F01,TRAP-A,26.43,79.33,15.38,0.0
2026-07-01 07:20:00,F01,TRAP-A,26.76,82.52,12.82,0.0
2026-07-01 07:30:00,F01,TRAP-A,25.55,80.84,14.97,0.46
2026-07-01 07:40:00,F01,TRAP-A,26.43,81.12,14.18,0.0
2026-07-01 07:50:00,F01,TRAP-A,26.45,81.56,13.23,0.0
2026-07-01 08:00:00,F01,TRAP-A,26.74,76.79,18.23,0.0
2026-07-01 08:10:00,F01,TRAP-A,28.08,73.93,14.84,0.0
2026-07-01 08:20:00,F01,TRAP-A,28.09,73.3,12.55,0.0
2026-07-01 08:30:00,F01,TRAP-A,27.7,71.01,15.99,0.0
2026-07-01 08:40:00,F01,TRAP-A,27.48,73.81,15.01,0.0
2026-07-01 08:50:00,F01,TRAP-A,27.02,73.36,15.57,0.0
2026-07-01 09:00:00,F01,TRAP-A,29.43,75.66,13.82,0.0
2026-07-01 09:10:00,F01,TRAP-A,28.95,73.11,12.04,0.0
2026-07-01 09:20:00,F01,TRAP-A,28.1,71.23,11.76,0.0
2026-07-01 09:30:00,F01,TRAP-A,29.42,71.56,13.52,0.0
2026-07-01 09:40:00,F01,TRAP-A,28.97,68.66,10.62,0.0
2026-07-01 09:50:00,F01,TRAP-A,28.97,73.24,15.19,0.0
2026-07-01 10:00:00,F01,TRAP-A,29.71,68.15,11.28,0.0
2026-07-01 10:10:00,F01,TRAP-A,28.94,66.72,12.73,0.0
2026-07-01 10:20:00,F01,TRAP-A,29.41,71.08,11.66,0.0
2026-07-01 10:30:00,F01,TRAP-A,29.94,69.95,11.62,0.0
2026-07-01 10:40:00,F01,TRAP-A,29.59,63.71,13.27,0.0
2026-07-01 10:50:00,F01,TRAP-A,30.67,69.68,12.04,0.0
2026-07-01 11:00:00,F01,TRAP-A,31.77,65.23,9.78,0.0
2026-07-01 11:10:00,F01,TRAP-A,29.8,65.71,8.98,0.0
2026-07-01 11:20:00,F01,TRAP-A,29.2,66.69,14.08,0.0
2026-07-01 11:30:00,F01,TRAP-A,29.05,67.3,14.89,0.0
2026-07-01 11:40:00,F01,TRAP-A,30.64,66.58,8.77,0.0
2026-07-01 11:50:00,F01,TRAP-A,30.34,64.99,9.17,0.0
2026-07-01 12:00:00,F01,TRAP-A,31.13,63.73,8.88,0.0
2026-07-01 12:10:00,F01,TRAP-A,31.16,65.52,16.02,0.0
2026-07-01 12:20:00,F01,TRAP-A,29.85,63.93,8.22,0.0
2026-07-01 12:30:00,F01,TRAP-A,29.76,68.49,7.91,0.0
2026-07-01 12:40:00,F01,TRAP-A,31.51,65.22,7.79,0.0
2026-07-01 12:50:00,F01,TRAP-A,31.44,61.26,10.94,0.0
2026-07-01 13:00:00,F01,TRAP-A,31.04,62.21,13.42,0.0
2026-07-01 13:10:00,F01,TRAP-A,30.09,63.39,8.18,0.0
2026-07-01 13:20:00,F01,TRAP-A,31.83,66.41,6.96,0.0
2026-07-01 13:30:00,F01,TRAP-A,32.49,66.6,9.0,0.0
2026-07-01 13:40:00,F01,TRAP-A,31.71,62.03,6.91,1.04
2026-07-01 13:50:00,F01,TRAP-A,30.82,60.67,6.25,0.0
2026-07-01 14:00:00,F01,TRAP-A,31.53,60.35,12.42,0.0
2026-07-01 14:10:00,F01,TRAP-A,30.39,63.67,11.89,0.0
2026-07-01 14:20:00,F01,TRAP-A,32.32,68.86,16.79,0.0
2026-07-01 14:30:00,F01,TRAP-A,31.51,64.54,7.4,0.0
2026-07-01 14:40:00,F01,TRAP-A,29.99,59.33,6.38,0.0
2026-07-01 14:50:00,F01,TRAP-A,31.12,61.64,9.62,2.69
2026-07-01 15:00:00,F01,TRAP-A,31.68,62.07,5.69,0.0
2026-07-01 15:10:00,F01,TRAP-A,30.98,61.78,5.81,0.0
2026-07-01 15:20:00,F01,TRAP-A,30.96,63.09,5.75,0.0
2026-07-01 15:30:00,F01,TRAP-A,30.12,65.24,13.84,0.0
2026-07-01 15:40:00,F01,TRAP-A,31.47,66.31,8.58,0.0
2026-07-01 15:50:00,F01,TRAP-A,30.41,67.64,4.99,0.0
2026-07-01 16:00:00,F01,TRAP-A,29.1,66.55,4.77,1.48
2026-07-01 16:10:00,F01,TRAP-A,30.42,60.71,9.95,0.0
2026-07-01 16:20:00,F01,TRAP-A,31.39,63.33,9.19,0.0
2026-07-01 16:30:00,F01,TRAP-A,30.18,65.98,7.6,0.0
2026-07-01 16:40:00,F01,TRAP-A,31.75,67.17,4.86,0.0
2026-07-01 16:50:00,F01,TRAP-A,30.57,69.4,6.11,0.0
2026-07-01 17:00:00,F01,TRAP-A,30.36,67.82,6.88,0.0
2026-07-01 17:10:00,F01,TRAP-A,29.84,68.33,12.14,0.0
2026-07-01 17:20:00,F01,TRAP-A,29.73,69.3,4.6,0.0
2026-07-01 17:30:00,F01,TRAP-A,29.42,68.59,6.19,0.0
2026-07-01 17:40:00,F01,TRAP-A,29.23,69.99,4.52,0.0
2026-07-01 17:50:00,F01,TRAP-A,29.73,73.14,5.76,0.0
2026-07-01 18:00:00,F01,TRAP-A,28.38,70.68,4.67,0.0
2026-07-01 18:10:00,F01,TRAP-A,28.1,71.4,9.44,0.0
2026-07-01 18:20:00,F01,TRAP-A,27.88,71.99,4.91,0.0
2026-07-01 18:30:00,F01,TRAP-A,30.23,75.92,5.67,0.0
2026-07-01 18:40:00,F01,TRAP-A,28.84,70.52,5.66,0.0
2026-07-01 18:50:00,F01,TRAP-A,28.47,78.36,10.16,0.0
2026-07-01 19:00:00,F01,TRAP-A,27.19,71.61,8.42,0.0
2026-07-01 19:10:00,F01,TRAP-A,28.34,73.56,4.4,0.0
2026-07-01 19:20:00,F01,TRAP-A,27.56,77.7,4.49,0.0
2026-07-01 19:30:00,F01,TRAP-A,27.62,79.06,6.76,0.0
2026-07-01 19:40:00,F01,TRAP-A,26.48,73.63,6.1,0.0
2026-07-01 19:50:00,F01,TRAP-A,27.19,75.06,5.48,0.0
2026-07-01 20:00:00,F01,TRAP-A,26.53,79.14,9.32,0.0
2026-07-01 20:10:00,F01,TRAP-A,26.06,84.96,5.11,0.0
2026-07-01 20:20:00,F01,TRAP-A,27.06,82.87,15.75,0.0
2026-07-01 20:30:00,F01,TRAP-A,25.05,79.78,4.97,0.0
2026-07-01 20:40:00,F01,TRAP-A,26.54,75.0,5.39,0.0
2026-07-01 20:50:00,F01,TRAP-A,26.44,81.89,6.25,0.0
2026-07-01 21:00:00,F01,TRAP-A,25.0,83.22,7.39,0.0
2026-07-01 21:10:00,F01,TRAP-A,24.86,81.98,6.12,0.0
2026-07-01 21:20:00,F01,TRAP-A,25.16,81.42,9.52,0.0
2026-07-01 21:30:00,F01,TRAP-A,25.38,84.55,6.99,0.0
2026-07-01 21:40:00,F01,TRAP-A,24.85,82.39,5.92,0.0
2026-07-01 21:50:00,F01,TRAP-A,25.15,90.0,12.26,0.0
2026-07-01 22:00:00,F01,TRAP-A,26.04,89.68,14.74,0.0
2026-07-01 22:10:00,F01,TRAP-A,24.06,88.08,9.15,0.0
2026-07-01 22:20:00,F01,TRAP-A,22.94,87.19,11.35,0.0
2026-07-01 22:30:00,F01,TRAP-A,24.82,85.83,6.97,0.0
2026-07-01 22:40:00,F01,TRAP-A,25.35,87.93,7.68,0.0
2026-07-01 22:50:00,F01,TRAP-A,24.18,92.56,8.09,0.0
2026-07-01 23:00:00,F01,TRAP-A,22.85,91.09,16.79,0.0
2026-07-01 23:10:00,F01,TRAP-A,23.49,89.87,9.41,0.0
2026-07-01 23:20:00,F01,TRAP-A,22.57,92.09,7.45,5.11
2026-07-01 23:30:00,F01,TRAP-A,23.86,91.53,9.03,0.0
2026-07-01 23:40:00,F01,TRAP-A,22.16,91.53,7.79,0.0
2026-07-01 23:50:00,F01,TRAP-A,22.89,93.34,8.76,0.0
2026-07-02 00:00:00,F01,TRAP-A,22.23,92.5,9.94,0.0
2026-07-02 00:10:00,F01,TRAP-A,23.05,93.65,9.47,0.0
2026-07-02 00:20:00,F01,TRAP-A,22.57,92.18,8.57,0.0
2026-07-02 00:30:00,F01,TRAP-A,22.93,91.39,9.01,0.0
2026-07-02 00:40:00,F01,TRAP-A,22.74,90.87,11.21,0.0
2026-07-02 00:50:00,F01,TRAP-A,21.88,90.77,12.55,0.0
2026-07-02 01:00:00,F01,TRAP-A,23.12,88.59,10.71,0.0
2026-07-02 01:10:00,F01,TRAP-A,22.54,90.46,13.26,0.0
2026-07-02 01:20:00,F01,TRAP-A,21.76,90.49,10.02,0.0
2026-07-02 01:30:00,F01,TRAP-A,24.32,91.66,10.03,0.0
2026-07-02 01:40:00,F01,TRAP-A,22.89,96.88,15.29,0.0
2026-07-02 01:50:00,F01,TRAP-A,22.38,92.6,11.2,0.0
2026-07-02 02:00:00,F01,TRAP-A,23.63,93.6,11.8,0.0
2026-07-02 02:10:00,F01,TRAP-A,23.99,93.64,19.1,0.0
2026-07-02 02:20:00,F01,TRAP-A,22.41,96.87,12.05,0.0
2026-07-02 02:30:00,F01,TRAP-A,22.84,91.37,10.54,0.0
2026-07-02 02:40:00,F01,TRAP-A,21.8,92.13,19.0,0.0
2026-07-02 02:50:00,F01,TRAP-A,22.52,92.27,10.83,0.0
2026-07-02 03:00:00,F01,TRAP-A,22.53,95.21,14.17,0.0
2026-07-02 03:10:00,F01,TRAP-A,22.9,95.52,12.2,0.0
2026-07-02 03:20:00,F01,TRAP-A,23.09,93.12,13.05,0.0
2026-07-02 03:30:00,F01,TRAP-A,23.34,94.76,13.62,0.0
2026-07-02 03:40:00,F01,TRAP-A,23.17,91.84,12.92,0.0
2026-07-02 03:50:00,F01,TRAP-A,22.1,90.66,15.9,0.0
2026-07-02 04:00:00,F01,TRAP-A,22.42,93.71,19.53,0.0
2026-07-02 04:10:00,F01,TRAP-A,22.84,91.62,11.87,0.0
2026-07-02 04:20:00,F01,TRAP-A,23.17,88.18,16.51,0.0
2026-07-02 04:30:00,F01,TRAP-A,24.35,92.11,12.15,0.0
2026-07-02 04:40:00,F01,TRAP-A,22.71,88.67,12.05,0.0
2026-07-02 04:50:00,F01,TRAP-A,23.49,87.92,21.21,0.0
2026-07-02 05:00:00,F01,TRAP-A,24.68,90.51,13.91,0.0
2026-07-02 05:10:00,F01,TRAP-A,23.82,87.57,12.43,0.0
2026-07-02 05:20:00,F01,TRAP-A,24.58,88.26,14.49,0.0
2026-07-02 05:30:00,F01,TRAP-A,24.26,88.42,12.9,0.0
2026-07-02 05:40:00,F01,TRAP-A,24.74,84.27,13.87,0.0
2026-07-02 05:50:00,F01,TRAP-A,24.51,86.64,14.94,0.0
2026-07-02 06:00:00,F01,TRAP-A,25.4,88.48,18.1,0.0
2026-07-02 06:10:00,F01,TRAP-A,23.81,82.13,12.0,0.0
2026-07-02 06:20:00,F01,TRAP-A,24.93,85.05,12.7,0.0
2026-07-02 06:30:00,F01,TRAP-A,25.64,81.25,12.25,0.0
2026-07-02 06:40:00,F01,TRAP-A,26.02,85.26,12.22,0.0
2026-07-02 06:50:00,F01,TRAP-A,26.97,84.61,20.62,0.0
2026-07-02 07:00:00,F01,TRAP-A,25.65,80.56,20.08,0.0
2026-07-02 07:10:00,F01,TRAP-A,27.34,86.33,15.93,0.0
2026-07-02 07:20:00,F01,TRAP-A,25.83,82.92,14.81,0.0
2026-07-02 07:30:00,F01,TRAP-A,27.61,81.28,17.3,0.0
2026-07-02 07:40:00,F01,TRAP-A,27.4,80.48,11.75,0.0
2026-07-02 07:50:00,F01,TRAP-A,26.21,80.66,11.87,0.0
2026-07-02 08:00:00,F01,TRAP-A,27.38,75.06,12.55,0.0
2026-07-02 08:10:00,F01,TRAP-A,27.29,77.38,16.67,0.0
2026-07-02 08:20:00,F01,TRAP-A,28.03,77.2,13.12,0.0
2026-07-02 08:30:00,F01,TRAP-A,27.54,74.59,13.2,0.0
2026-07-02 08:40:00,F01,TRAP-A,27.67,76.11,11.77,0.0
2026-07-02 08:50:00,F01,TRAP-A,29.2,77.39,14.0,0.0
2026-07-02 09:00:00,F01,TRAP-A,28.22,72.63,17.31,0.0
2026-07-02 09:10:00,F01,TRAP-A,29.14,72.92,11.81,0.0
2026-07-02 09:20:00,F01,TRAP-A,28.49,70.39,13.37,0.0
2026-07-02 09:30:00,F01,TRAP-A,30.18,67.38,11.55,0.0
2026-07-02 09:40:00,F01,TRAP-A,28.48,73.2,14.92,0.0
2026-07-02 09:50:00,F01,TRAP-A,28.71,70.61,11.98,0.0
2026-07-02 10:00:00,F01,TRAP-A,30.59,70.23,11.14,0.0
2026-07-02 10:10:00,F01,TRAP-A,29.18,67.09,11.37,0.0
2026-07-02 10:20:00,F01,TRAP-A,30.97,68.56,9.87,0.0
2026-07-02 10:30:00,F01,TRAP-A,30.56,71.25,15.45,0.0
2026-07-02 10:40:00,F01,TRAP-A,29.87,68.02,18.77,3.03
2026-07-02 10:50:00,F01,TRAP-A,28.69,67.61,11.03,0.0
2026-07-02 11:00:00,F01,TRAP-A,30.26,67.6,9.67,0.0
2026-07-02 11:10:00,F01,TRAP-A,30.49,63.55,12.02,0.0
2026-07-02 11:20:00,F01,TRAP-A,31.47,67.78,10.38,0.0
2026-07-02 11:30:00,F01,TRAP-A,31.92,62.69,9.27,0.0
2026-07-02 11:40:00,F01,TRAP-A,30.21,63.11,8.35,0.0
2026-07-02 11:50:00,F01,TRAP-A,31.51,62.49,14.67,0.0
2026-07-02 12:00:00,F01,TRAP-A,31.58,64.35,12.66,0.0
2026-07-02 12:10:00,F01,TRAP-A,31.91,63.61,13.0,0.0
2026-07-02 12:20:00,F01,TRAP-A,31.53,64.22,9.27,0.0
2026-07-02 12:30:00,F01,TRAP-A,29.65,61.71,11.56,0.0
2026-07-02 12:40:00,F01,TRAP-A,31.15,66.27,9.8,0.0
2026-07-02 12:50:00,F01,TRAP-A,30.41,65.65,8.43,0.0
2026-07-02 13:00:00,F01,TRAP-A,31.22,62.97,12.4,0.0
2026-07-02 13:10:00,F01,TRAP-A,32.2,62.07,26.75,0.0
2026-07-02 13:20:00,F01,TRAP-A,31.7,61.71,13.4,0.0
2026-07-02 13:30:00,F01,TRAP-A,32.4,62.3,10.85,0.0
2026-07-02 13:40:00,F01,TRAP-A,31.77,59.52,10.33,0.0
2026-07-02 13:50:00,F01,TRAP-A,30.46,60.6,9.2,0.0
2026-07-02 14:00:00,F01,TRAP-A,29.48,65.16,11.66,0.0
2026-07-02 14:10:00,F01,TRAP-A,31.61,63.8,7.79,0.0
2026-07-02 14:20:00,F01,TRAP-A,31.3,67.19,6.21,0.86
2026-07-02 14:30:00,F01,TRAP-A,30.66,62.45,9.85,0.0
2026-07-02 14:40:00,F01,TRAP-A,30.05,62.41,12.9,0.0
2026-07-02 14:50:00,F01,TRAP-A,30.77,62.44,6.46,0.0
2026-07-02 15:00:00,F01,TRAP-A,31.15,62.84,9.67,0.0
2026-07-02 15:10:00,F01,TRAP-A,31.78,62.19,5.93,0.0
2026-07-02 15:20:00,F01,TRAP-A,31.33,64.74,13.43,0.0
2026-07-02 15:30:00,F01,TRAP-A,32.39,64.4,8.21,0.0
2026-07-02 15:40:00,F01,TRAP-A,30.19,63.33,7.18,0.0
2026-07-02 15:50:00,F01,TRAP-A,31.63,68.04,9.1,0.0
2026-07-02 16:00:00,F01,TRAP-A,30.86,69.98,9.51,0.0
2026-07-02 16:10:00,F01,TRAP-A,31.28,68.52,11.08,0.0
2026-07-02 16:20:00,F01,TRAP-A,30.26,67.38,11.27,0.0
2026-07-02 16:30:00,F01,TRAP-A,31.34,68.29,4.42,0.0
2026-07-02 16:40:00,F01,TRAP-A,30.59,71.45,4.59,0.0
2026-07-02 16:50:00,F01,TRAP-A,29.68,69.15,9.4,0.0
2026-07-02 17:00:00,F01,TRAP-A,30.07,66.26,12.87,0.0
2026-07-02 17:10:00,F01,TRAP-A,29.75,69.19,5.17,0.0
2026-07-02 17:20:00,F01,TRAP-A,30.18,70.28,4.07,0.0
2026-07-02 17:30:00,F01,TRAP-A,28.69,66.75,5.19,0.0
2026-07-02 17:40:00,F01,TRAP-A,29.44,69.06,5.45,0.0
2026-07-02 17:50:00,F01,TRAP-A,29.62,73.08,8.29,0.0
2026-07-02 18:00:00,F01,TRAP-A,29.16,66.34,4.15,0.0
2026-07-02 18:10:00,F01,TRAP-A,30.03,68.36,4.73,0.0
2026-07-02 18:20:00,F01,TRAP-A,29.4,71.64,10.76,0.0
2026-07-02 18:30:00,F01,TRAP-A,28.59,73.57,4.56,0.0
2026-07-02 18:40:00,F01,TRAP-A,28.58,69.91,8.36,0.0
2026-07-02 18:50:00,F01,TRAP-A,28.46,73.61,5.47,0.0
2026-07-02 19:00:00,F01,TRAP-A,28.35,77.44,7.43,0.0
2026-07-02 19:10:00,F01,TRAP-A,26.38,75.37,4.45,0.0
2026-07-02 19:20:00,F01,TRAP-A,27.4,78.19,5.3,0.0
2026-07-02 19:30:00,F01,TRAP-A,26.26,75.02,6.01,0.0
2026-07-02 19:40:00,F01,TRAP-A,28.28,75.12,10.27,0.0
2026-07-02 19:50:00,F01,TRAP-A,27.01,79.92,7.0,0.0
2026-07-02 20:00:00,F01,TRAP-A,26.71,79.38,4.74,0.0
2026-07-02 20:10:00,F01,TRAP-A,27.38,76.15,9.55,0.0
2026-07-02 20:20:00,F01,TRAP-A,26.81,77.76,4.96,0.0
2026-07-02 20:30:00,F01,TRAP-A,25.37,84.32,13.07,0.0
2026-07-02 20:40:00,F01,TRAP-A,26.03,78.74,5.73,0.0
2026-07-02 20:50:00,F01,TRAP-A,25.62,84.03,7.14,0.0
2026-07-02 21:00:00,F01,TRAP-A,24.31,81.13,5.48,0.0
2026-07-02 21:10:00,F01,TRAP-A,24.96,82.94,7.86,0.0
2026-07-02 21:20:00,F01,TRAP-A,25.19,84.29,7.59,0.0
2026-07-02 21:30:00,F01,TRAP-A,25.06,78.91,7.25,0.0
2026-07-02 21:40:00,F01,TRAP-A,23.79,81.09,5.92,0.0
2026-07-02 21:50:00,F01,TRAP-A,25.72,85.54,12.29,0.0
2026-07-02 22:00:00,F01,TRAP-A,24.55,84.08,10.97,0.0
2026-07-02 22:10:00,F01,TRAP-A,24.5,88.93,9.27,0.0
2026-07-02 22:20:00,F01,TRAP-A,24.63,82.96,8.97,0.0
2026-07-02 22:30:00,F01,TRAP-A,23.52,88.9,10.14,0.0
2026-07-02 22:40:00,F01,TRAP-A,24.37,84.55,7.21,0.0
2026-07-02 22:50:00,F01,TRAP-A,23.57,87.59,15.01,0.1
2026-07-02 23:00:00,F01,TRAP-A,23.01,86.26,8.09,0.0
2026-07-02 23:10:00,F01,TRAP-A,24.05,94.12,10.46,0.0
2026-07-02 23:20:00,F01,TRAP-A,24.66,86.43,10.23,0.0
2026-07-02 23:30:00,F01,TRAP-A,23.93,89.87,10.64,0.0
2026-07-02 23:40:00,F01,TRAP-A,23.98,86.23,14.11,0.0
2026-07-02 23:50:00,F01,TRAP-A,22.72,94.89,9.0,0.51
2026-07-03 00:00:00,F01,TRAP-A,21.76,92.22,12.27,0.0
2026-07-03 00:10:00,F01,TRAP-A,24.14,91.85,11.03,0.0
2026-07-03 00:20:00,F01,TRAP-A,24.51,95.47,8.71,0.0
2026-07-03 00:30:00,F01,TRAP-A,24.03,92.4,10.25,0.0
2026-07-03 00:40:00,F01,TRAP-A,22.46,92.79,14.27,0.0
2026-07-03 00:50:00,F01,TRAP-A,21.75,92.77,10.12,0.0
2026-07-03 01:00:00,F01,TRAP-A,21.77,94.01,11.13,0.0
2026-07-03 01:10:00,F01,TRAP-A,21.23,91.51,11.33,0.0
2026-07-03 01:20:00,F01,TRAP-A,22.46,92.31,12.37,0.0
2026-07-03 01:30:00,F01,TRAP-A,23.81,94.95,16.11,0.0
2026-07-03 01:40:00,F01,TRAP-A,22.39,93.67,10.37,0.0
2026-07-03 01:50:00,F01,TRAP-A,22.74,92.71,12.06,0.0
2026-07-03 02:00:00,F01,TRAP-A,23.6,89.49,11.76,0.0
2026-07-03 02:10:00,F01,TRAP-A,22.19,96.7,11.3,0.0
2026-07-03 02:20:00,F01,TRAP-A,24.16,91.24,17.96,0.0
2026-07-03 02:30:00,F01,TRAP-A,24.15,95.27,10.56,0.0
2026-07-03 02:40:00,F01,TRAP-A,22.49,93.12,11.05,0.0
2026-07-03 02:50:00,F01,TRAP-A,22.18,89.3,14.76,0.0
2026-07-03 03:00:00,F01,TRAP-A,23.25,95.49,11.83,0.0
2026-07-03 03:10:00,F01,TRAP-A,22.47,92.8,14.88,0.0
2026-07-03 03:20:00,F01,TRAP-A,21.9,95.27,16.5,0.0
2026-07-03 03:30:00,F01,TRAP-A,23.92,91.22,12.13,0.0
2026-07-03 03:40:00,F01,TRAP-A,23.95,93.15,11.98,0.0
2026-07-03 03:50:00,F01,TRAP-A,23.2,86.68,11.91,0.0
2026-07-03 04:00:00,F01,TRAP-A,22.16,89.5,12.19,0.0
2026-07-03 04:10:00,F01,TRAP-A,22.3,87.22,12.54,0.0
2026-07-03 04:20:00,F01,TRAP-A,23.48,89.08,17.77,0.0
2026-07-03 04:30:00,F01,TRAP-A,23.12,90.79,16.15,0.0
2026-07-03 04:40:00,F01,TRAP-A,23.37,87.68,11.8,0.0
2026-07-03 04:50:00,F01,TRAP-A,24.59,90.9,18.07,0.0
2026-07-03 05:00:00,F01,TRAP-A,24.5,86.14,12.14,0.0
2026-07-03 05:10:00,F01,TRAP-A,25.17,90.0,15.12,0.0
2026-07-03 05:20:00,F01,TRAP-A,23.42,90.56,12.45,0.0
2026-07-03 05:30:00,F01,TRAP-A,24.1,89.3,12.17,0.0
2026-07-03 05:40:00,F01,TRAP-A,25.14,85.36,16.27,0.0
2026-07-03 05:50:00,F01,TRAP-A,25.06,80.35,13.89,0.0
2026-07-03 06:00:00,F01,TRAP-A,26.1,86.55,14.74,0.0
2026-07-03 06:10:00,F01,TRAP-A,25.38,84.2,13.65,0.0
2026-07-03 06:20:00,F01,TRAP-A,26.7,81.47,12.18,0.0
2026-07-03 06:30:00,F01,TRAP-A,25.84,81.92,15.98,0.0
2026-07-03 06:40:00,F01,TRAP-A,26.44,86.28,17.07,0.0
2026-07-03 06:50:00,F01,TRAP-A,25.52,79.23,12.0,0.0
2026-07-03 07:00:00,F01,TRAP-A,25.98,82.61,13.24,0.0
2026-07-03 07:10:00,F01,TRAP-A,26.89,81.34,14.22,0.0
2026-07-03 07:20:00,F01,TRAP-A,27.65,79.26,14.5,0.0
2026-07-03 07:30:00,F01,TRAP-A,27.13,81.11,14.24,0.0
2026-07-03 07:40:00,F01,TRAP-A,26.68,82.93,15.11,6.4
2026-07-03 07:50:00,F01,TRAP-A,28.04,77.45,21.71,0.0
2026-07-03 08:00:00,F01,TRAP-A,25.38,76.93,12.89,0.0
2026-07-03 08:10:00,F01,TRAP-A,26.2,78.44,13.75,0.0
2026-07-03 08:20:00,F01,TRAP-A,28.07,78.53,14.81,0.0
2026-07-03 08:30:00,F01,TRAP-A,27.74,75.27,13.79,0.0
2026-07-03 08:40:00,F01,TRAP-A,28.4,74.18,12.45,0.0
2026-07-03 08:50:00,F01,TRAP-A,28.16,68.76,13.8,0.0
2026-07-03 09:00:00,F01,TRAP-A,28.75,71.73,13.89,0.0
2026-07-03 09:10:00,F01,TRAP-A,27.83,70.2,13.25,0.0
2026-07-03 09:20:00,F01,TRAP-A,29.12,74.15,11.16,0.0
2026-07-03 09:30:00,F01,TRAP-A,29.64,71.23,12.45,0.0
2026-07-03 09:40:00,F01,TRAP-A,30.0,70.54,16.66,0.0
2026-07-03 09:50:00,F01,TRAP-A,30.81,70.65,16.13,0.0
2026-07-03 10:00:00,F01,TRAP-A,29.56,67.93,14.06,0.0
2026-07-03 10:10:00,F01,TRAP-A,29.75,73.44,13.32,0.0
2026-07-03 10:20:00,F01,TRAP-A,28.47,72.27,10.08,0.0
2026-07-03 10:30:00,F01,TRAP-A,29.42,72.55,11.26,0.0
2026-07-03 10:40:00,F01,TRAP-A,29.84,69.72,9.6,0.0
2026-07-03 10:50:00,F01,TRAP-A,30.98,67.46,14.18,0.0
2026-07-03 11:00:00,F01,TRAP-A,29.79,71.11,9.95,0.0
2026-07-03 11:10:00,F01,TRAP-A,31.05,64.93,13.11,0.0
2026-07-03 11:20:00,F01,TRAP-A,30.53,64.04,13.63,0.0
2026-07-03 11:30:00,F01,TRAP-A,30.51,64.32,15.09,0.0
2026-07-03 11:40:00,F01,TRAP-A,30.96,66.76,12.43,0.0
2026-07-03 11:50:00,F01,TRAP-A,30.55,63.2,10.55,0.0
2026-07-03 12:00:00,F01,TRAP-A,30.62,64.4,10.61,0.0
2026-07-03 12:10:00,F01,TRAP-A,29.69,60.48,8.86,0.0
2026-07-03 12:20:00,F01,TRAP-A,30.94,65.42,8.11,0.0
2026-07-03 12:30:00,F01,TRAP-A,30.82,60.18,7.78,0.0
2026-07-03 12:40:00,F01,TRAP-A,30.86,61.42,7.79,0.0
2026-07-03 12:50:00,F01,TRAP-A,31.66,66.61,15.17,0.0
2026-07-03 13:00:00,F01,TRAP-A,31.91,66.35,7.39,0.0
2026-07-03 13:10:00,F01,TRAP-A,31.61,64.2,10.54,0.0
2026-07-03 13:20:00,F01,TRAP-A,32.25,63.84,7.13,0.0
2026-07-03 13:30:00,F01,TRAP-A,31.94,61.75,17.46,0.0
2026-07-03 13:40:00,F01,TRAP-A,31.26,61.09,7.57,0.0
2026-07-03 13:50:00,F01,TRAP-A,31.13,62.1,7.64,0.0
2026-07-03 14:00:00,F01,TRAP-A,31.75,59.22,7.45,0.0
2026-07-03 14:10:00,F01,TRAP-A,31.95,63.67,10.83,0.0
2026-07-03 14:20:00,F01,TRAP-A,32.59,63.23,6.34,0.0
2026-07-03 14:30:00,F01,TRAP-A,32.39,60.86,10.8,0.0
2026-07-03 14:40:00,F01,TRAP-A,30.97,67.24,8.55,0.0
2026-07-03 14:50:00,F01,TRAP-A,31.28,64.98,5.95,0.0
2026-07-03 15:00:00,F01,TRAP-A,31.85,65.37,5.29,0.0
2026-07-03 15:10:00,F01,TRAP-A,32.1,62.62,9.44,0.0
2026-07-03 15:20:00,F01,TRAP-A,31.93,64.07,5.6,0.0
2026-07-03 15:30:00,F01,TRAP-A,31.05,65.89,11.35,0.0
2026-07-03 15:40:00,F01,TRAP-A,30.01,64.99,5.07,3.0
2026-07-03 15:50:00,F01,TRAP-A,30.13,68.92,7.44,0.0
2026-07-03 16:00:00,F01,TRAP-A,31.04,64.74,8.01,0.0
2026-07-03 16:10:00,F01,TRAP-A,30.99,64.34,7.61,0.0
2026-07-03 16:20:00,F01,TRAP-A,29.73,67.57,5.46,0.0
2026-07-03 16:30:00,F01,TRAP-A,30.52,63.23,10.51,0.0
2026-07-03 16:40:00,F01,TRAP-A,30.86,69.12,8.61,0.0
2026-07-03 16:50:00,F01,TRAP-A,29.3,64.01,6.29,0.36
2026-07-03 17:00:00,F01,TRAP-A,30.97,69.32,6.88,0.0
2026-07-03 17:10:00,F01,TRAP-A,29.63,66.59,6.58,0.0
2026-07-03 17:20:00,F01,TRAP-A,30.79,69.91,12.84,0.0
2026-07-03 17:30:00,F01,TRAP-A,29.2,71.51,10.82,0.0
2026-07-03 17:40:00,F01,TRAP-A,28.64,70.16,4.81,0.0
2026-07-03 17:50:00,F01,TRAP-A,28.93,67.34,4.91,0.0
2026-07-03 18:00:00,F01,TRAP-A,29.05,68.66,15.96,1.95
2026-07-03 18:10:00,F01,TRAP-A,28.64,69.67,4.82,0.0
2026-07-03 18:20:00,F01,TRAP-A,28.6,67.35,13.23,0.0
2026-07-03 18:30:00,F01,TRAP-A,28.86,75.51,7.2,7.52
2026-07-03 18:40:00,F01,TRAP-A,28.27,73.58,4.24,0.0
2026-07-03 18:50:00,F01,TRAP-A,28.17,71.1,5.35,0.0
2026-07-03 19:00:00,F01,TRAP-A,26.66,78.21,6.11,0.0
2026-07-03 19:10:00,F01,TRAP-A,28.15,73.45,9.6,0.0
2026-07-03 19:20:00,F01,TRAP-A,27.57,76.48,5.48,0.0
2026-07-03 19:30:00,F01,TRAP-A,28.74,74.44,5.47,0.0
2026-07-03 19:40:00,F01,TRAP-A,26.5,72.11,12.02,0.0
2026-07-03 19:50:00,F01,TRAP-A,25.61,74.4,4.76,0.0
2026-07-03 20:00:00,F01,TRAP-A,27.36,77.34,7.01,0.0
2026-07-03 20:10:00,F01,TRAP-A,26.94,81.36,6.8,0.0
2026-07-03 20:20:00,F01,TRAP-A,25.66,80.64,4.97,0.0
2026-07-03 20:30:00,F01,TRAP-A,25.05,80.77,5.18,0.0
2026-07-03 20:40:00,F01,TRAP-A,27.31,76.04,6.46,0.0
2026-07-03 20:50:00,F01,TRAP-A,27.02,84.87,5.57,0.0
2026-07-03 21:00:00,F01,TRAP-A,23.71,82.89,7.21,0.0
2026-07-03 21:10:00,F01,TRAP-A,25.15,82.65,8.21,0.0
2026-07-03 21:20:00,F01,TRAP-A,26.66,86.4,9.05,0.0
2026-07-03 21:30:00,F01,TRAP-A,24.77,87.29,8.04,0.0
2026-07-03 21:40:00,F01,TRAP-A,24.58,87.64,7.24,0.0
2026-07-03 21:50:00,F01,TRAP-A,24.57,84.72,6.37,0.0
2026-07-03 22:00:00,F01,TRAP-A,23.73,83.39,6.96,0.0
2026-07-03 22:10:00,F01,TRAP-A,23.1,88.92,7.9,0.0
2026-07-03 22:20:00,F01,TRAP-A,25.15,83.57,14.16,0.0
2026-07-03 22:30:00,F01,TRAP-A,22.68,92.36,7.26,0.0
2026-07-03 22:40:00,F01,TRAP-A,24.2,88.06,8.35,0.0
2026-07-03 22:50:00,F01,TRAP-A,24.57,85.82,10.87,0.0
2026-07-03 23:00:00,F01,TRAP-A,22.56,85.85,10.75,0.0
2026-07-03 23:10:00,F01,TRAP-A,22.85,86.17,17.36,0.0
2026-07-03 23:20:00,F01,TRAP-A,24.44,90.14,8.06,0.0
2026-07-03 23:30:00,F01,TRAP-A,23.77,90.16,7.65,0.0
2026-07-03 23:40:00,F01,TRAP-A,22.74,87.46,8.94,0.0
2026-07-03 23:50:00,F01,TRAP-A,24.09,90.0,8.44,0.0
2026-07-04 00:00:00,F01,TRAP-A,24.0,87.8,10.51,0.0
2026-07-04 00:10:00,F01,TRAP-A,23.16,92.99,15.17,0.0
2026-07-04 00:20:00,F01,TRAP-A,22.14,91.65,11.97,0.0
2026-07-04 00:30:00,F01,TRAP-A,22.46,91.08,9.08,0.0
2026-07-04 00:40:00,F01,TRAP-A,22.95,89.03,9.19,0.0
2026-07-04 00:50:00,F01,TRAP-A,22.52,91.69,16.26,0.0
2026-07-04 01:00:00,F01,TRAP-A,23.37,91.57,11.16,0.0
2026-07-04 01:10:00,F01,TRAP-A,21.35,93.53,17.04,0.0
2026-07-04 01:20:00,F01,TRAP-A,21.35,93.26,13.48,0.0
2026-07-04 01:30:00,F01,TRAP-A,22.67,94.91,24.68,0.0
2026-07-04 01:40:00,F01,TRAP-A,22.11,91.76,15.95,0.0
2026-07-04 01:50:00,F01,TRAP-A,22.0,88.35,11.56,0.0
2026-07-04 02:00:00,F01,TRAP-A,21.09,95.47,14.37,0.0
2026-07-04 02:10:00,F01,TRAP-A,22.53,90.62,12.16,0.0
2026-07-04 02:20:00,F01,TRAP-A,22.49,90.13,11.19,0.0
2026-07-04 02:30:00,F01,TRAP-A,23.08,92.7,11.36,0.0
2026-07-04 02:40:00,F01,TRAP-A,22.65,93.44,12.18,0.0
2026-07-04 02:50:00,F01,TRAP-A,22.53,91.21,11.15,0.0
2026-07-04 03:00:00,F01,TRAP-A,23.63,91.01,11.5,0.0
2026-07-04 03:10:00,F01,TRAP-A,21.7,91.18,13.11,0.0
2026-07-04 03:20:00,F01,TRAP-A,23.25,95.47,20.37,0.0
2026-07-04 03:30:00,F01,TRAP-A,21.56,91.67,13.83,0.0
2026-07-04 03:40:00,F01,TRAP-A,22.31,88.97,12.92,0.0
2026-07-04 03:50:00,F01,TRAP-A,22.1,88.69,12.27,0.0
2026-07-04 04:00:00,F01,TRAP-A,23.8,90.12,12.18,0.0
2026-07-04 04:10:00,F01,TRAP-A,23.23,90.99,14.83,0.0
2026-07-04 04:20:00,F01,TRAP-A,23.39,91.22,17.33,0.0
2026-07-04 04:30:00,F01,TRAP-A,22.63,89.92,13.27,0.0
2026-07-04 04:40:00,F01,TRAP-A,23.4,87.08,14.2,0.0
2026-07-04 04:50:00,F01,TRAP-A,23.17,87.68,15.53,0.0
2026-07-04 05:00:00,F01,TRAP-A,24.23,90.11,12.07,0.0
2026-07-04 05:10:00,F01,TRAP-A,23.27,84.92,13.23,0.0
2026-07-04 05:20:00,F01,TRAP-A,25.28,86.12,15.88,0.0
2026-07-04 05:30:00,F01,TRAP-A,23.03,88.25,15.44,0.0
2026-07-04 05:40:00,F01,TRAP-A,23.89,88.41,12.16,0.0
2026-07-04 05:50:00,F01,TRAP-A,26.04,85.18,12.81,0.0
2026-07-04 06:00:00,F01,TRAP-A,24.52,84.06,15.42,0.0
2026-07-04 06:10:00,F01,TRAP-A,24.0,81.2,12.94,0.0
2026-07-04 06:20:00,F01,TRAP-A,25.4,85.23,17.02,0.0
2026-07-04 06:30:00,F01,TRAP-A,25.03,86.6,12.04,0.0
2026-07-04 06:40:00,F01,TRAP-A,24.92,89.1,12.55,0.0
2026-07-04 06:50:00,F01,TRAP-A,24.9,83.03,12.87,0.0
2026-07-04 07:00:00,F01,TRAP-A,28.19,81.3,19.61,0.0
2026-07-04 07:10:00,F01,TRAP-A,25.96,78.49,16.55,0.0
2026-07-04 07:20:00,F01,TRAP-A,24.82,75.45,18.18,0.0
2026-07-04 07:30:00,F01,TRAP-A,27.75,79.94,13.39,5.05
2026-07-04 07:40:00,F01,TRAP-A,27.24,84.72,16.76,0.0
2026-07-04 07:50:00,F01,TRAP-A,26.33,81.36,17.25,0.0
2026-07-04 08:00:00,F01,TRAP-A,26.39,80.32,12.93,0.0
2026-07-04 08:10:00,F01,TRAP-A,27.88,77.49,26.89,0.0
2026-07-04 08:20:00,F01,TRAP-A,27.33,77.13,16.92,1.48
2026-07-04 08:30:00,F01,TRAP-A,26.19,69.52,22.06,0.0
2026-07-04 08:40:00,F01,TRAP-A,29.35,76.84,17.02,0.0
2026-07-04 08:50:00,F01,TRAP-A,27.76,72.85,15.35,0.0
2026-07-04 09:00:00,F01,TRAP-A,29.5,71.91,19.38,0.0
2026-07-04 09:10:00,F01,TRAP-A,29.51,72.24,12.24,0.0
2026-07-04 09:20:00,F01,TRAP-A,27.87,71.54,15.06,0.0
2026-07-04 09:30:00,F01,TRAP-A,29.68,70.04,11.05,0.0
2026-07-04 09:40:00,F01,TRAP-A,28.51,71.27,14.15,0.0
2026-07-04 09:50:00,F01,TRAP-A,27.71,69.27,14.66,0.0
2026-07-04 10:00:00,F01,TRAP-A,29.03,70.35,13.67,0.0
2026-07-04 10:10:00,F01,TRAP-A,29.85,65.83,15.42,0.0
2026-07-04 10:20:00,F01,TRAP-A,29.32,68.48,11.18,0.0
2026-07-04 10:30:00,F01,TRAP-A,29.6,65.76,11.78,0.0
2026-07-04 10:40:00,F01,TRAP-A,30.91,66.4,9.28,0.0
2026-07-04 10:50:00,F01,TRAP-A,30.23,67.88,9.56,0.0
2026-07-04 11:00:00,F01,TRAP-A,29.61,63.06,12.01,0.0
2026-07-04 11:10:00,F01,TRAP-A,30.97,64.57,11.22,0.0
2026-07-04 11:20:00,F01,TRAP-A,30.69,67.64,9.23,3.36
2026-07-04 11:30:00,F01,TRAP-A,28.64,62.29,9.23,0.0
2026-07-04 11:40:00,F01,TRAP-A,31.11,69.89,9.49,2.61
2026-07-04 11:50:00,F01,TRAP-A,31.18,68.11,11.83,0.0
2026-07-04 12:00:00,F01,TRAP-A,30.98,63.55,10.7,0.0
2026-07-04 12:10:00,F01,TRAP-A,31.77,62.52,7.92,0.0
2026-07-04 12:20:00,F01,TRAP-A,30.6,64.72,11.81,0.0
2026-07-04 12:30:00,F01,TRAP-A,31.48,60.35,8.27,0.0
2026-07-04 12:40:00,F01,TRAP-A,30.02,58.75,10.52,0.0
2026-07-04 12:50:00,F01,TRAP-A,31.66,62.41,7.41,0.0
2026-07-04 13:00:00,F01,TRAP-A,32.94,63.06,25.37,0.0
2026-07-04 13:10:00,F01,TRAP-A,30.63,63.5,6.93,0.0
2026-07-04 13:20:00,F01,TRAP-A,30.85,61.62,10.58,0.0
2026-07-04 13:30:00,F01,TRAP-A,30.91,66.26,8.69,0.0
2026-07-04 13:40:00,F01,TRAP-A,31.6,59.29,6.47,0.0
2026-07-04 13:50:00,F01,TRAP-A,30.65,60.16,6.12,0.0
2026-07-04 14:00:00,F01,TRAP-A,31.83,64.22,7.24,0.0
2026-07-04 14:10:00,F01,TRAP-A,32.16,60.14,10.61,0.0
2026-07-04 14:20:00,F01,TRAP-A,31.9,60.1,5.73,0.0
2026-07-04 14:30:00,F01,TRAP-A,30.03,63.51,9.12,0.0
2026-07-04 14:40:00,F01,TRAP-A,32.2,60.68,8.53,0.0
2026-07-04 14:50:00,F01,TRAP-A,32.11,63.13,6.13,0.0
2026-07-04 15:00:00,F01,TRAP-A,31.97,61.89,5.33,0.0
2026-07-04 15:10:00,F01,TRAP-A,31.55,61.69,12.37,0.0
2026-07-04 15:20:00,F01,TRAP-A,31.35,58.82,5.93,0.0
2026-07-04 15:30:00,F01,TRAP-A,31.93,64.68,5.11,0.0
2026-07-04 15:40:00,F01,TRAP-A,32.56,61.49,8.09,0.0
2026-07-04 15:50:00,F01,TRAP-A,30.16,64.5,5.29,0.53
2026-07-04 16:00:00,F01,TRAP-A,31.69,63.97,6.41,0.0
2026-07-04 16:10:00,F01,TRAP-A,30.65,65.09,4.55,0.0
2026-07-04 16:20:00,F01,TRAP-A,30.5,65.61,19.2,0.0
2026-07-04 16:30:00,F01,TRAP-A,29.25,66.88,6.04,0.0
2026-07-04 16:40:00,F01,TRAP-A,30.13,65.0,25.27,0.0
2026-07-04 16:50:00,F01,TRAP-A,29.42,70.37,5.61,0.0
2026-07-04 17:00:00,F01,TRAP-A,29.71,63.11,5.39,0.0
2026-07-04 17:10:00,F01,TRAP-A,29.06,67.65,11.45,0.0
2026-07-04 17:20:00,F01,TRAP-A,29.42,70.81,5.24,0.0
2026-07-04 17:30:00,F01,TRAP-A,29.3,70.44,5.72,0.0
2026-07-04 17:40:00,F01,TRAP-A,29.54,67.35,4.25,0.0
2026-07-04 17:50:00,F01,TRAP-A,28.01,68.32,13.33,0.0
2026-07-04 18:00:00,F01,TRAP-A,27.97,68.39,4.27,0.0
2026-07-04 18:10:00,F01,TRAP-A,29.24,72.99,8.44,0.0
2026-07-04 18:20:00,F01,TRAP-A,28.13,70.24,6.35,0.0
2026-07-04 18:30:00,F01,TRAP-A,29.45,73.34,4.24,0.0
2026-07-04 18:40:00,F01,TRAP-A,28.59,73.98,4.09,0.0
2026-07-04 18:50:00,F01,TRAP-A,28.7,79.86,12.35,0.0
2026-07-04 19:00:00,F01,TRAP-A,29.16,75.36,8.24,0.0
2026-07-04 19:10:00,F01,TRAP-A,27.59,73.19,7.7,0.0
2026-07-04 19:20:00,F01,TRAP-A,27.18,72.21,6.02,0.0
2026-07-04 19:30:00,F01,TRAP-A,28.14,75.82,5.17,0.0
2026-07-04 19:40:00,F01,TRAP-A,27.66,76.87,7.85,0.0
2026-07-04 19:50:00,F01,TRAP-A,26.91,72.29,7.32,0.0
2026-07-04 20:00:00,F01,TRAP-A,27.97,76.69,8.49,0.0
2026-07-04 20:10:00,F01,TRAP-A,26.49,79.87,6.06,0.0
2026-07-04 20:20:00,F01,TRAP-A,26.49,78.45,17.81,0.0
2026-07-04 20:30:00,F01,TRAP-A,26.29,82.85,5.11,0.0
2026-07-04 20:40:00,F01,TRAP-A,25.33,77.17,5.27,0.0
2026-07-04 20:50:00,F01,TRAP-A,25.95,83.4,12.6,0.0
2026-07-04 21:00:00,F01,TRAP-A,26.82,84.62,8.39,0.0
2026-07-04 21:10:00,F01,TRAP-A,25.87,85.35,6.58,0.0
2026-07-04 21:20:00,F01,TRAP-A,25.35,79.66,9.83,0.0
2026-07-04 21:30:00,F01,TRAP-A,25.02,84.96,7.47,0.0
2026-07-04 21:40:00,F01,TRAP-A,25.24,83.09,5.87,0.0
2026-07-04 21:50:00,F01,TRAP-A,25.4,81.83,9.12,0.0
2026-07-04 22:00:00,F01,TRAP-A,25.12,84.87,6.95,1.52
2026-07-04 22:10:00,F01,TRAP-A,24.2,84.19,6.63,0.0
2026-07-04 22:20:00,F01,TRAP-A,24.56,89.29,7.19,0.0
2026-07-04 22:30:00,F01,TRAP-A,24.53,88.78,8.53,2.47
2026-07-04 22:40:00,F01,TRAP-A,23.19,85.12,6.9,0.0
2026-07-04 22:50:00,F01,TRAP-A,23.99,86.67,13.36,0.0
2026-07-04 23:00:00,F01,TRAP-A,21.99,87.98,9.55,0.0
2026-07-04 23:10:00,F01,TRAP-A,23.97,89.19,8.3,0.0
2026-07-04 23:20:00,F01,TRAP-A,23.99,92.3,10.91,0.0
2026-07-04 23:30:00,F01,TRAP-A,23.94,91.91,12.5,0.0
2026-07-04 23:40:00,F01,TRAP-A,22.92,90.68,10.63,0.0
2026-07-04 23:50:00,F01,TRAP-A,23.38,90.25,8.63,0.0
2026-07-05 00:00:00,F01,TRAP-A,24.17,86.79,8.48,4.44
2026-07-05 00:10:00,F01,TRAP-A,24.08,94.75,14.2,0.0
2026-07-05 00:20:00,F01,TRAP-A,22.84,90.67,9.28,4.23
2026-07-05 00:30:00,F01,TRAP-A,22.9,95.92,8.71,0.0
2026-07-05 00:40:00,F01,TRAP-A,23.61,92.74,11.91,0.0
2026-07-05 00:50:00,F01,TRAP-A,21.47,97.5,9.49,0.0
2026-07-05 01:00:00,F01,TRAP-A,22.36,94.12,23.28,0.0
2026-07-05 01:10:00,F01,TRAP-A,23.65,89.16,15.44,0.0
2026-07-05 01:20:00,F01,TRAP-A,23.33,91.31,12.3,0.0
2026-07-05 01:30:00,F01,TRAP-A,22.82,92.5,15.03,0.0
2026-07-05 01:40:00,F01,TRAP-A,21.3,90.79,11.71,0.0
2026-07-05 01:50:00,F01,TRAP-A,22.46,92.06,14.62,0.0
2026-07-05 02:00:00,F01,TRAP-A,22.03,89.58,13.23,0.0
2026-07-05 02:10:00,F01,TRAP-A,22.78,92.97,10.34,0.0
2026-07-05 02:20:00,F01,TRAP-A,21.88,93.49,19.31,0.95
2026-07-05 02:30:00,F01,TRAP-A,21.74,90.29,16.45,0.0
2026-07-05 02:40:00,F01,TRAP-A,20.94,97.53,19.87,0.0
2026-07-05 02:50:00,F01,TRAP-A,23.62,92.69,14.74,0.0
2026-07-05 03:00:00,F01,TRAP-A,22.37,90.32,12.51,0.0
2026-07-05 03:10:00,F01,TRAP-A,22.88,88.08,11.73,0.0
2026-07-05 03:20:00,F01,TRAP-A,22.82,92.08,11.74,0.0
2026-07-05 03:30:00,F01,TRAP-A,22.05,91.02,11.72,0.0
2026-07-05 03:40:00,F01,TRAP-A,21.98,93.35,12.1,0.0
2026-07-05 03:50:00,F01,TRAP-A,22.27,90.72,13.84,0.0
2026-07-05 04:00:00,F01,TRAP-A,22.6,87.76,14.98,0.0
2026-07-05 04:10:00,F01,TRAP-A,23.58,94.57,12.74,0.0
2026-07-05 04:20:00,F01,TRAP-A,22.76,91.1,14.06,0.0
2026-07-05 04:30:00,F01,TRAP-A,24.92,88.97,12.99,0.0
2026-07-05 04:40:00,F01,TRAP-A,24.47,89.59,15.38,0.0
2026-07-05 04:50:00,F01,TRAP-A,24.43,89.92,25.24,0.0
2026-07-05 05:00:00,F01,TRAP-A,23.82,84.69,15.4,0.0
2026-07-05 05:10:00,F01,TRAP-A,25.28,88.17,12.11,0.0
2026-07-05 05:20:00,F01,TRAP-A,24.04,86.15,13.91,0.0
2026-07-05 05:30:00,F01,TRAP-A,24.35,88.02,16.39,0.0
2026-07-05 05:40:00,F01,TRAP-A,24.67,84.36,14.34,0.0
2026-07-05 05:50:00,F01,TRAP-A,25.26,84.14,21.05,0.0
2026-07-05 06:00:00,F01,TRAP-A,25.38,89.24,12.17,0.0
2026-07-05 06:10:00,F01,TRAP-A,24.67,87.58,13.02,0.0
2026-07-05 06:20:00,F01,TRAP-A,24.8,75.67,12.72,0.0
2026-07-05 06:30:00,F01,TRAP-A,25.92,86.19,16.33,0.0
2026-07-05 06:40:00,F01,TRAP-A,26.17,82.5,14.14,0.0
2026-07-05 06:50:00,F01,TRAP-A,25.47,80.29,12.32,0.0
2026-07-05 07:00:00,F01,TRAP-A,24.7,78.9,12.84,0.0
2026-07-05 07:10:00,F01,TRAP-A,26.0,78.41,13.99,0.0
2026-07-05 07:20:00,F01,TRAP-A,26.86,78.44,28.38,0.0
2026-07-05 07:30:00,F01,TRAP-A,28.0,76.67,13.0,0.0
2026-07-05 07:40:00,F01,TRAP-A,25.79,75.45,12.08,3.24
2026-07-05 07:50:00,F01,TRAP-A,26.6,75.58,13.55,0.0
2026-07-05 08:00:00,F01,TRAP-A,26.83,78.33,12.51,0.0
2026-07-05 08:10:00,F01,TRAP-A,28.42,77.0,13.81,0.0
2026-07-05 08:20:00,F01,TRAP-A,27.51,77.61,13.09,0.0
2026-07-05 08:30:00,F01,TRAP-A,27.0,75.41,14.6,0.0
2026-07-05 08:40:00,F01,TRAP-A,28.37,71.66,18.35,0.0
2026-07-05 08:50:00,F01,TRAP-A,27.79,75.53,11.53,0.0
2026-07-05 09:00:00,F01,TRAP-A,27.32,71.15,15.9,0.0
2026-07-05 09:10:00,F01,TRAP-A,27.77,74.65,19.55,0.0
2026-07-05 09:20:00,F01,TRAP-A,30.06,69.51,11.88,0.0
2026-07-05 09:30:00,F01,TRAP-A,29.16,70.1,10.7,0.0
2026-07-05 09:40:00,F01,TRAP-A,29.12,70.33,15.37,0.0
2026-07-05 09:50:00,F01,TRAP-A,29.0,72.34,13.66,0.0
2026-07-05 10:00:00,F01,TRAP-A,29.61,70.53,10.61,0.0
2026-07-05 10:10:00,F01,TRAP-A,29.76,69.59,11.5,0.0
2026-07-05 10:20:00,F01,TRAP-A,29.93,73.73,12.16,0.0
2026-07-05 10:30:00,F01,TRAP-A,29.94,63.9,9.97,0.0
2026-07-05 10:40:00,F01,TRAP-A,30.7,65.4,13.01,0.0
2026-07-05 10:50:00,F01,TRAP-A,30.16,64.82,12.59,0.0
2026-07-05 11:00:00,F01,TRAP-A,29.5,62.64,15.46,0.0
2026-07-05 11:10:00,F01,TRAP-A,29.92,64.83,11.25,0.0
2026-07-05 11:20:00,F01,TRAP-A,28.95,67.93,11.13,0.0
2026-07-05 11:30:00,F01,TRAP-A,32.28,64.34,11.29,0.0
2026-07-05 11:40:00,F01,TRAP-A,31.46,64.61,9.18,0.0
2026-07-05 11:50:00,F01,TRAP-A,30.21,60.79,12.31,0.0
2026-07-05 12:00:00,F01,TRAP-A,30.74,62.79,11.13,0.0
2026-07-05 12:10:00,F01,TRAP-A,30.55,63.33,13.18,0.0
2026-07-05 12:20:00,F01,TRAP-A,32.37,65.82,11.92,0.0
2026-07-05 12:30:00,F01,TRAP-A,30.07,59.78,10.41,0.0
2026-07-05 12:40:00,F01,TRAP-A,31.37,62.61,7.71,0.0
2026-07-05 12:50:00,F01,TRAP-A,31.25,66.28,14.56,0.0
2026-07-05 13:00:00,F01,TRAP-A,32.04,62.28,8.22,0.0
2026-07-05 13:10:00,F01,TRAP-A,31.34,57.97,16.67,0.0
2026-07-05 13:20:00,F01,TRAP-A,30.05,66.35,8.06,0.0
2026-07-05 13:30:00,F01,TRAP-A,31.28,64.91,6.83,1.37
2026-07-05 13:40:00,F01,TRAP-A,30.72,65.2,12.68,0.0
2026-07-05 13:50:00,F01,TRAP-A,31.56,58.64,10.8,0.0
2026-07-05 14:00:00,F01,TRAP-A,32.65,66.79,10.52,0.0
2026-07-05 14:10:00,F01,TRAP-A,30.1,61.11,6.03,0.0
2026-07-05 14:20:00,F01,TRAP-A,30.83,61.83,11.95,0.0
2026-07-05 14:30:00,F01,TRAP-A,31.0,61.44,8.19,0.0
2026-07-05 14:40:00,F01,TRAP-A,31.1,65.69,7.24,0.0
2026-07-05 14:50:00,F01,TRAP-A,31.95,63.02,12.54,0.0
2026-07-05 15:00:00,F01,TRAP-A,31.17,64.85,8.37,0.0
2026-07-05 15:10:00,F01,TRAP-A,31.58,64.03,5.39,0.0
2026-07-05 15:20:00,F01,TRAP-A,30.68,63.84,7.05,0.0
2026-07-05 15:30:00,F01,TRAP-A,31.28,61.96,7.79,0.0
2026-07-05 15:40:00,F01,TRAP-A,31.64,69.14,11.52,0.0
2026-07-05 15:50:00,F01,TRAP-A,30.34,61.26,5.54,0.0
2026-07-05 16:00:00,F01,TRAP-A,31.45,66.29,9.22,0.0
2026-07-05 16:10:00,F01,TRAP-A,30.76,66.55,9.22,0.0
2026-07-05 16:20:00,F01,TRAP-A,31.44,68.88,4.73,0.0
2026-07-05 16:30:00,F01,TRAP-A,30.32,69.87,4.31,0.0
2026-07-05 16:40:00,F01,TRAP-A,30.66,66.48,6.81,0.0
2026-07-05 16:50:00,F01,TRAP-A,30.19,68.6,8.82,0.0
2026-07-05 17:00:00,F01,TRAP-A,30.0,72.15,6.53,0.0
2026-07-05 17:10:00,F01,TRAP-A,30.14,68.06,9.1,0.0
2026-07-05 17:20:00,F01,TRAP-A,30.21,66.06,6.96,0.0
2026-07-05 17:30:00,F01,TRAP-A,28.62,68.29,7.2,0.0
2026-07-05 17:40:00,F01,TRAP-A,30.61,66.53,4.09,0.0
2026-07-05 17:50:00,F01,TRAP-A,27.81,71.28,4.28,0.0
2026-07-05 18:00:00,F01,TRAP-A,28.58,73.58,7.88,3.31
2026-07-05 18:10:00,F01,TRAP-A,28.87,71.2,8.33,0.0
2026-07-05 18:20:00,F01,TRAP-A,29.1,68.04,6.37,0.0
2026-07-05 18:30:00,F01,TRAP-A,29.85,75.26,6.73,0.0
2026-07-05 18:40:00,F01,TRAP-A,26.92,68.88,6.94,0.0
2026-07-05 18:50:00,F01,TRAP-A,27.81,70.08,4.46,3.38
2026-07-05 19:00:00,F01,TRAP-A,26.32,74.14,7.48,0.81
2026-07-05 19:10:00,F01,TRAP-A,27.86,75.85,6.18,0.0
2026-07-05 19:20:00,F01,TRAP-A,27.86,76.92,7.05,0.0
2026-07-05 19:30:00,F01,TRAP-A,28.72,76.35,6.84,0.0
2026-07-05 19:40:00,F01,TRAP-A,27.35,81.57,8.75,0.0
2026-07-05 19:50:00,F01,TRAP-A,27.89,77.99,5.66,0.0
2026-07-05 20:00:00,F01,TRAP-A,27.32,81.07,6.0,0.0
2026-07-05 20:10:00,F01,TRAP-A,26.31,81.1,6.19,0.0
2026-07-05 20:20:00,F01,TRAP-A,25.34,76.55,9.11,0.0
2026-07-05 20:30:00,F01,TRAP-A,26.49,80.01,6.6,0.0
2026-07-05 20:40:00,F01,TRAP-A,24.88,86.38,5.6,0.0
2026-07-05 20:50:00,F01,TRAP-A,26.92,80.45,17.37,0.0
2026-07-05 21:00:00,F01,TRAP-A,25.57,80.66,7.3,0.0
2026-07-05 21:10:00,F01,TRAP-A,26.47,83.39,5.74,0.0
2026-07-05 21:20:00,F01,TRAP-A,24.94,82.41,8.86,0.0
2026-07-05 21:30:00,F01,TRAP-A,25.36,82.2,9.7,0.0
2026-07-05 21:40:00,F01,TRAP-A,25.14,83.56,7.89,0.0
2026-07-05 21:50:00,F01,TRAP-A,24.76,88.93,9.08,0.0
2026-07-05 22:00:00,F01,TRAP-A,24.28,85.57,6.68,0.0
2026-07-05 22:10:00,F01,TRAP-A,24.78,83.14,7.64,0.0
2026-07-05 22:20:00,F01,TRAP-A,23.56,83.21,6.96,0.0
2026-07-05 22:30:00,F01,TRAP-A,23.18,93.02,8.06,0.0
2026-07-05 22:40:00,F01,TRAP-A,24.99,87.45,9.23,0.0
2026-07-05 22:50:00,F01,TRAP-A,24.44,89.57,8.67,0.0
2026-07-05 23:00:00,F01,TRAP-A,23.77,87.01,9.79,0.0
2026-07-05 23:10:00,F01,TRAP-A,24.92,90.18,9.35,0.0
2026-07-05 23:20:00,F01,TRAP-A,23.25,93.44,8.58,0.0
2026-07-05 23:30:00,F01,TRAP-A,24.4,88.56,8.07,0.0
2026-07-05 23:40:00,F01,TRAP-A,23.37,91.7,8.65,0.0
2026-07-05 23:50:00,F01,TRAP-A,22.31,87.39,8.63,0.0
2026-07-06 00:00:00,F01,TRAP-A,24.51,96.28,11.82,0.0
2026-07-06 00:10:00,F01,TRAP-A,23.74,92.19,13.45,0.0
2026-07-06 00:20:00,F01,TRAP-A,22.77,90.76,12.3,0.0
2026-07-06 00:30:00,F01,TRAP-A,23.37,91.29,11.74,3.68
2026-07-06 00:40:00,F01,TRAP-A,22.4,90.98,9.92,0.0
2026-07-06 00:50:00,F01,TRAP-A,23.33,91.3,12.71,0.0
2026-07-06 01:00:00,F01,TRAP-A,20.71,86.49,11.95,0.0
2026-07-06 01:10:00,F01,TRAP-A,21.76,92.5,9.47,0.0
2026-07-06 01:20:00,F01,TRAP-A,23.33,92.5,16.63,0.0
2026-07-06 01:30:00,F01,TRAP-A,22.32,94.15,9.9,0.0
2026-07-06 01:40:00,F01,TRAP-A,22.67,91.67,11.9,0.0
2026-07-06 01:50:00,F01,TRAP-A,21.42,91.07,12.12,0.0
2026-07-06 02:00:00,F01,TRAP-A,23.98,92.97,15.55,0.0
2026-07-06 02:10:00,F01,TRAP-A,23.47,88.93,17.58,0.0
2026-07-06 02:20:00,F01,TRAP-A,22.37,93.25,18.82,0.0
2026-07-06 02:30:00,F01,TRAP-A,22.24,88.15,13.07,0.0
2026-07-06 02:40:00,F01,TRAP-A,23.42,95.48,14.08,0.0
2026-07-06 02:50:00,F01,TRAP-A,24.23,94.24,11.07,0.0
2026-07-06 03:00:00,F01,TRAP-A,23.46,90.04,12.93,0.0
2026-07-06 03:10:00,F01,TRAP-A,24.49,93.81,17.88,0.0
2026-07-06 03:20:00,F01,TRAP-A,22.09,92.2,12.97,0.0
2026-07-06 03:30:00,F01,TRAP-A,22.24,89.14,11.47,0.9
2026-07-06 03:40:00,F01,TRAP-A,22.03,86.33,12.02,0.0
2026-07-06 03:50:00,F01,TRAP-A,23.43,91.87,13.12,0.0
2026-07-06 04:00:00,F01,TRAP-A,23.32,88.76,12.34,0.0
2026-07-06 04:10:00,F01,TRAP-A,23.16,93.12,13.1,0.0
2026-07-06 04:20:00,F01,TRAP-A,24.05,90.04,12.89,0.0
2026-07-06 04:30:00,F01,TRAP-A,24.51,87.85,12.89,0.0
2026-07-06 04:40:00,F01,TRAP-A,22.43,93.67,12.09,0.0
2026-07-06 04:50:00,F01,TRAP-A,23.3,90.17,18.28,0.0
2026-07-06 05:00:00,F01,TRAP-A,24.58,79.12,15.43,0.0
2026-07-06 05:10:00,F01,TRAP-A,23.69,86.56,14.86,0.0
2026-07-06 05:20:00,F01,TRAP-A,23.58,83.81,14.76,0.0
2026-07-06 05:30:00,F01,TRAP-A,25.19,84.75,13.5,0.0
2026-07-06 05:40:00,F01,TRAP-A,23.51,85.84,17.19,0.0
2026-07-06 05:50:00,F01,TRAP-A,24.46,86.53,19.98,0.0
2026-07-06 06:00:00,F01,TRAP-A,25.14,85.73,12.01,0.0
2026-07-06 06:10:00,F01,TRAP-A,24.59,87.19,12.24,0.0
2026-07-06 06:20:00,F01,TRAP-A,25.86,85.49,15.34,0.0
2026-07-06 06:30:00,F01,TRAP-A,24.96,84.73,12.75,0.0
2026-07-06 06:40:00,F01,TRAP-A,26.72,83.18,19.2,0.0
2026-07-06 06:50:00,F01,TRAP-A,25.68,85.27,15.18,0.0
2026-07-06 07:00:00,F01,TRAP-A,26.51,80.62,13.21,0.0
2026-07-06 07:10:00,F01,TRAP-A,26.76,80.05,13.38,0.0
2026-07-06 07:20:00,F01,TRAP-A,25.86,75.36,15.23,0.0
2026-07-06 07:30:00,F01,TRAP-A,24.91,82.12,12.1,0.0
2026-07-06 07:40:00,F01,TRAP-A,27.04,78.63,18.02,0.0
2026-07-06 07:50:00,F01,TRAP-A,27.01,85.51,11.5,0.0
2026-07-06 08:00:00,F01,TRAP-A,27.59,76.5,22.98,0.0
2026-07-06 08:10:00,F01,TRAP-A,27.16,77.09,11.85,0.0
2026-07-06 08:20:00,F01,TRAP-A,27.19,77.58,15.27,0.0
2026-07-06 08:30:00,F01,TRAP-A,29.34,72.81,11.22,0.0
2026-07-06 08:40:00,F01,TRAP-A,26.75,75.82,12.67,0.0
2026-07-06 08:50:00,F01,TRAP-A,28.7,74.37,13.85,0.0
2026-07-06 09:00:00,F01,TRAP-A,27.84,72.89,10.95,0.0
2026-07-06 09:10:00,F01,TRAP-A,28.22,75.96,12.36,0.0
2026-07-06 09:20:00,F01,TRAP-A,28.42,70.16,11.55,0.0
2026-07-06 09:30:00,F01,TRAP-A,28.21,72.5,12.4,0.0
2026-07-06 09:40:00,F01,TRAP-A,29.49,74.86,12.29,0.0
2026-07-06 09:50:00,F01,TRAP-A,30.32,68.88,14.65,0.0
2026-07-06 10:00:00,F01,TRAP-A,29.75,69.34,10.28,0.0
2026-07-06 10:10:00,F01,TRAP-A,29.62,75.4,9.99,0.0
2026-07-06 10:20:00,F01,TRAP-A,28.91,70.19,11.11,0.0
2026-07-06 10:30:00,F01,TRAP-A,30.27,67.22,15.97,0.0
2026-07-06 10:40:00,F01,TRAP-A,31.73,70.0,15.04,0.0
2026-07-06 10:50:00,F01,TRAP-A,29.84,66.09,11.54,0.0
2026-07-06 11:00:00,F01,TRAP-A,29.98,63.14,15.5,0.0
2026-07-06 11:10:00,F01,TRAP-A,29.97,70.05,13.65,0.0
2026-07-06 11:20:00,F01,TRAP-A,30.15,63.45,9.54,0.0
2026-07-06 11:30:00,F01,TRAP-A,28.46,71.94,8.95,0.0
2026-07-06 11:40:00,F01,TRAP-A,31.09,64.22,9.29,0.0
2026-07-06 11:50:00,F01,TRAP-A,30.19,70.43,8.82,0.0
2026-07-06 12:00:00,F01,TRAP-A,29.68,61.35,10.8,0.0
2026-07-06 12:10:00,F01,TRAP-A,31.66,67.04,10.33,3.21
2026-07-06 12:20:00,F01,TRAP-A,30.27,65.46,10.26,0.0
2026-07-06 12:30:00,F01,TRAP-A,30.94,66.06,7.98,0.0
2026-07-06 12:40:00,F01,TRAP-A,32.45,66.17,11.89,0.0
2026-07-06 12:50:00,F01,TRAP-A,30.21,62.31,8.71,0.0
2026-07-06 13:00:00,F01,TRAP-A,30.16,60.12,8.76,0.0
2026-07-06 13:10:00,F01,TRAP-A,31.64,63.13,24.06,0.0
2026-07-06 13:20:00,F01,TRAP-A,32.37,63.71,7.51,0.0
2026-07-06 13:30:00,F01,TRAP-A,30.22,61.89,7.85,0.0
2026-07-06 13:40:00,F01,TRAP-A,31.82,63.72,9.58,0.0
2026-07-06 13:50:00,F01,TRAP-A,31.96,63.83,12.41,0.0
2026-07-06 14:00:00,F01,TRAP-A,29.85,60.73,6.3,0.0
2026-07-06 14:10:00,F01,TRAP-A,32.13,64.03,9.73,0.0
2026-07-06 14:20:00,F01,TRAP-A,32.17,62.44,13.11,0.0
2026-07-06 14:30:00,F01,TRAP-A,31.19,61.45,7.11,0.0
2026-07-06 14:40:00,F01,TRAP-A,32.41,65.29,6.34,2.27
2026-07-06 14:50:00,F01,TRAP-A,32.27,61.53,8.6,0.0
2026-07-06 15:00:00,F01,TRAP-A,31.39,62.5,5.93,0.88
2026-07-06 15:10:00,F01,TRAP-A,30.88,64.03,6.42,0.0
2026-07-06 15:20:00,F01,TRAP-A,30.4,67.51,11.67,0.0
2026-07-06 15:30:00,F01,TRAP-A,31.07,64.82,7.43,0.0
2026-07-06 15:40:00,F01,TRAP-A,31.47,65.94,4.95,0.0
2026-07-06 15:50:00,F01,TRAP-A,30.66,64.18,5.76,0.0
2026-07-06 16:00:00,F01,TRAP-A,29.06,65.06,7.43,0.0
2026-07-06 16:10:00,F01,TRAP-A,31.73,65.49,6.36,0.0
2026-07-06 16:20:00,F01,TRAP-A,30.75,66.73,7.56,0.0
2026-07-06 16:30:00,F01,TRAP-A,30.18,65.66,8.56,0.0
2026-07-06 16:40:00,F01,TRAP-A,31.04,70.18,6.16,0.0
2026-07-06 16:50:00,F01,TRAP-A,31.44,66.34,17.17,0.0
2026-07-06 17:00:00,F01,TRAP-A,27.84,63.47,11.49,0.0
2026-07-06 17:10:00,F01,TRAP-A,30.28,75.09,4.25,0.0
2026-07-06 17:20:00,F01,TRAP-A,28.64,67.92,4.97,0.0
2026-07-06 17:30:00,F01,TRAP-A,30.02,72.54,5.09,0.0
2026-07-06 17:40:00,F01,TRAP-A,29.56,73.31,4.62,0.0
2026-07-06 17:50:00,F01,TRAP-A,29.8,72.72,5.12,0.0
2026-07-06 18:00:00,F01,TRAP-A,28.72,70.43,5.66,0.0
2026-07-06 18:10:00,F01,TRAP-A,27.45,72.22,4.17,0.0
2026-07-06 18:20:00,F01,TRAP-A,28.41,68.92,4.44,0.0
2026-07-06 18:30:00,F01,TRAP-A,28.91,77.69,4.36,0.0
2026-07-06 18:40:00,F01,TRAP-A,29.21,71.2,4.23,0.0
2026-07-06 18:50:00,F01,TRAP-A,27.28,73.32,6.1,0.0
2026-07-06 19:00:00,F01,TRAP-A,28.84,74.84,5.39,0.0
2026-07-06 19:10:00,F01,TRAP-A,27.31,74.96,12.45,0.0
2026-07-06 19:20:00,F01,TRAP-A,27.93,74.23,4.61,0.0
2026-07-06 19:30:00,F01,TRAP-A,27.03,80.01,12.17,0.0
2026-07-06 19:40:00,F01,TRAP-A,27.39,79.55,4.7,0.0
2026-07-06 19:50:00,F01,TRAP-A,27.76,78.64,7.41,0.0
2026-07-06 20:00:00,F01,TRAP-A,25.87,77.49,5.46,0.0
2026-07-06 20:10:00,F01,TRAP-A,26.11,81.8,9.96,0.0
2026-07-06 20:20:00,F01,TRAP-A,26.61,78.63,4.99,0.0
2026-07-06 20:30:00,F01,TRAP-A,28.19,84.36,14.05,0.0
2026-07-06 20:40:00,F01,TRAP-A,25.38,81.36,5.17,0.0
2026-07-06 20:50:00,F01,TRAP-A,27.52,84.79,5.97,0.0
2026-07-06 21:00:00,F01,TRAP-A,27.3,82.07,7.14,0.0
2026-07-06 21:10:00,F01,TRAP-A,25.43,83.15,9.63,0.0
2026-07-06 21:20:00,F01,TRAP-A,25.09,86.65,14.58,0.0
2026-07-06 21:30:00,F01,TRAP-A,24.59,89.67,7.35,0.0
2026-07-06 21:40:00,F01,TRAP-A,24.91,88.68,10.06,0.0
2026-07-06 21:50:00,F01,TRAP-A,23.67,87.55,9.86,0.0
2026-07-06 22:00:00,F01,TRAP-A,24.56,87.39,8.65,3.34
2026-07-06 22:10:00,F01,TRAP-A,25.66,85.2,9.79,0.0
2026-07-06 22:20:00,F01,TRAP-A,23.81,87.74,6.54,0.0
2026-07-06 22:30:00,F01,TRAP-A,23.95,85.23,8.34,0.0
2026-07-06 22:40:00,F01,TRAP-A,22.64,88.95,11.38,0.0
2026-07-06 22:50:00,F01,TRAP-A,24.15,89.59,8.85,0.0
2026-07-06 23:00:00,F01,TRAP-A,23.93,84.04,13.29,0.0
2026-07-06 23:10:00,F01,TRAP-A,23.64,89.48,12.64,0.0
2026-07-06 23:20:00,F01,TRAP-A,23.29,90.83,13.41,1.3
2026-07-06 23:30:00,F01,TRAP-A,23.11,89.98,8.02,0.0
2026-07-06 23:40:00,F01,TRAP-A,23.63,91.46,8.62,0.0
2026-07-06 23:50:00,F01,TRAP-A,23.11,87.55,8.05,0.0
2026-07-07 00:00:00,F01,TRAP-A,23.28,89.29,20.32,0.0
2026-07-07 00:10:00,F01,TRAP-A,23.12,94.11,9.11,0.0
2026-07-07 00:20:00,F01,TRAP-A,23.76,91.79,9.85,0.0
2026-07-07 00:30:00,F01,TRAP-A,23.33,92.89,9.62,0.0
2026-07-07 00:40:00,F01,TRAP-A,22.88,90.89,8.94,0.0
2026-07-07 00:50:00,F01,TRAP-A,23.88,92.49,9.9,0.0
2026-07-07 01:00:00,F01,TRAP-A,22.95,86.85,9.47,0.0
2026-07-07 01:10:00,F01,TRAP-A,23.62,94.86,10.83,0.0
2026-07-07 01:20:00,F01,TRAP-A,23.03,97.37,19.71,0.0
2026-07-07 01:30:00,F01,TRAP-A,21.05,90.26,13.24,0.0
2026-07-07 01:40:00,F01,TRAP-A,23.55,90.63,13.49,0.0
2026-07-07 01:50:00,F01,TRAP-A,22.61,94.1,11.77,0.0
2026-07-07 02:00:00,F01,TRAP-A,22.46,96.68,15.11,0.0
2026-07-07 02:10:00,F01,TRAP-A,22.74,92.95,17.42,0.0
2026-07-07 02:20:00,F01,TRAP-A,22.26,89.82,20.17,0.0
2026-07-07 02:30:00,F01,TRAP-A,22.74,92.28,10.85,0.0
2026-07-07 02:40:00,F01,TRAP-A,22.12,90.1,17.02,0.0
2026-07-07 02:50:00,F01,TRAP-A,23.66,90.86,11.56,0.0
2026-07-07 03:00:00,F01,TRAP-A,22.6,91.59,12.44,0.0
2026-07-07 03:10:00,F01,TRAP-A,22.45,89.83,12.31,0.0
2026-07-07 03:20:00,F01,TRAP-A,22.08,89.98,14.52,0.0
2026-07-07 03:30:00,F01,TRAP-A,23.12,91.85,13.98,0.0
2026-07-07 03:40:00,F01,TRAP-A,23.14,91.92,11.7,0.0
2026-07-07 03:50:00,F01,TRAP-A,23.39,87.51,16.02,0.0
2026-07-07 04:00:00,F01,TRAP-A,22.36,91.73,13.26,0.0
2026-07-07 04:10:00,F01,TRAP-A,22.0,89.43,11.61,0.0
2026-07-07 04:20:00,F01,TRAP-A,23.9,91.8,13.28,0.0
2026-07-07 04:30:00,F01,TRAP-A,24.71,91.55,13.92,0.0
2026-07-07 04:40:00,F01,TRAP-A,22.83,87.81,12.02,0.0
2026-07-07 04:50:00,F01,TRAP-A,25.05,90.26,12.34,0.0
2026-07-07 05:00:00,F01,TRAP-A,24.15,86.16,27.04,0.0
2026-07-07 05:10:00,F01,TRAP-A,24.06,91.08,18.08,0.0
2026-07-07 05:20:00,F01,TRAP-A,23.9,85.26,12.39,0.0
2026-07-07 05:30:00,F01,TRAP-A,23.27,87.62,14.59,0.0
2026-07-07 05:40:00,F01,TRAP-A,25.33,85.73,13.42,0.0
2026-07-07 05:50:00,F01,TRAP-A,24.09,83.1,14.35,0.0
2026-07-07 06:00:00,F01,TRAP-A,24.25,87.32,13.91,0.0
2026-07-07 06:10:00,F01,TRAP-A,25.85,82.95,12.14,0.0
2026-07-07 06:20:00,F01,TRAP-A,23.73,79.64,13.11,0.0
2026-07-07 06:30:00,F01,TRAP-A,24.2,76.08,12.35,0.0
2026-07-07 06:40:00,F01,TRAP-A,25.59,80.48,13.93,0.0
2026-07-07 06:50:00,F01,TRAP-A,26.02,85.48,19.01,0.0
2026-07-07 07:00:00,F01,TRAP-A,26.37,84.55,28.06,7.34
2026-07-07 07:10:00,F01,TRAP-A,25.93,78.97,20.43,0.0
2026-07-07 07:20:00,F01,TRAP-A,28.39,79.19,24.45,0.0
2026-07-07 07:30:00,F01,TRAP-A,26.38,78.31,11.69,4.99
2026-07-07 07:40:00,F01,TRAP-A,26.57,75.49,15.49,0.0
2026-07-07 07:50:00,F01,TRAP-A,26.31,75.79,12.44,0.0
2026-07-07 08:00:00,F01,TRAP-A,27.25,79.96,17.42,0.0
2026-07-07 08:10:00,F01,TRAP-A,27.83,78.12,16.34,0.0
2026-07-07 08:20:00,F01,TRAP-A,28.5,76.89,12.85,0.0
2026-07-07 08:30:00,F01,TRAP-A,26.54,72.22,13.02,0.0
2026-07-07 08:40:00,F01,TRAP-A,27.73,75.17,11.9,0.0
2026-07-07 08:50:00,F01,TRAP-A,28.47,68.52,11.88,0.0
2026-07-07 09:00:00,F01,TRAP-A,28.78,75.75,22.65,0.0
2026-07-07 09:10:00,F01,TRAP-A,28.5,73.67,17.2,0.0
2026-07-07 09:20:00,F01,TRAP-A,29.11,69.05,11.11,0.0
2026-07-07 09:30:00,F01,TRAP-A,28.21,75.85,11.3,0.0
2026-07-07 09:40:00,F01,TRAP-A,30.28,66.73,10.53,0.0
2026-07-07 09:50:00,F01,TRAP-A,30.0,71.97,23.53,0.0
2026-07-07 10:00:00,F01,TRAP-A,28.3,71.47,17.02,0.0
2026-07-07 10:10:00,F01,TRAP-A,28.68,66.43,12.14,0.0
2026-07-07 10:20:00,F01,TRAP-A,28.86,68.9,13.11,0.0
2026-07-07 10:30:00,F01,TRAP-A,30.4,64.39,13.54,0.0
2026-07-07 10:40:00,F01,TRAP-A,28.98,60.87,9.93,0.0
2026-07-07 10:50:00,F01,TRAP-A,29.88,64.84,17.26,0.0
2026-07-07 11:00:00,F01,TRAP-A,30.65,65.51,11.15,0.0
2026-07-07 11:10:00,F01,TRAP-A,30.36,68.23,9.03,0.0
2026-07-07 11:20:00,F01,TRAP-A,30.75,66.37,10.08,3.98
2026-07-07 11:30:00,F01,TRAP-A,29.81,66.04,11.15,0.0
2026-07-07 11:40:00,F01,TRAP-A,31.24,62.9,9.52,0.0
2026-07-07 11:50:00,F01,TRAP-A,30.38,63.77,11.65,0.0
2026-07-07 12:00:00,F01,TRAP-A,30.71,62.45,14.28,0.0
2026-07-07 12:10:00,F01,TRAP-A,31.25,61.41,12.13,0.0
2026-07-07 12:20:00,F01,TRAP-A,31.22,62.72,10.61,0.0
2026-07-07 12:30:00,F01,TRAP-A,31.23,64.15,9.5,0.0
2026-07-07 12:40:00,F01,TRAP-A,30.68,62.31,8.06,0.0
2026-07-07 12:50:00,F01,TRAP-A,31.09,62.75,8.83,0.0
2026-07-07 13:00:00,F01,TRAP-A,31.38,65.13,7.88,0.0
2026-07-07 13:10:00,F01,TRAP-A,30.32,62.01,14.83,0.0
2026-07-07 13:20:00,F01,TRAP-A,31.08,59.82,13.65,0.0
2026-07-07 13:30:00,F01,TRAP-A,31.79,64.48,6.86,0.0
2026-07-07 13:40:00,F01,TRAP-A,30.47,63.69,11.38,0.0
2026-07-07 13:50:00,F01,TRAP-A,32.42,63.82,9.68,0.0
2026-07-07 14:00:00,F01,TRAP-A,32.51,64.57,16.98,0.0
2026-07-07 14:10:00,F01,TRAP-A,30.49,64.19,7.61,0.0
2026-07-07 14:20:00,F01,TRAP-A,32.55,63.18,9.44,0.0
2026-07-07 14:30:00,F01,TRAP-A,31.32,69.18,7.65,0.0
2026-07-07 14:40:00,F01,TRAP-A,31.74,60.11,5.55,0.0
2026-07-07 14:50:00,F01,TRAP-A,30.96,62.0,5.35,0.0
2026-07-07 15:00:00,F01,TRAP-A,32.04,66.06,5.47,0.0
2026-07-07 15:10:00,F01,TRAP-A,31.57,64.21,6.02,0.0
2026-07-07 15:20:00,F01,TRAP-A,30.52,65.98,5.75,0.0
2026-07-07 15:30:00,F01,TRAP-A,30.17,64.76,8.66,0.0
2026-07-07 15:40:00,F01,TRAP-A,29.85,68.06,8.43,0.0
2026-07-07 15:50:00,F01,TRAP-A,31.07,62.41,15.22,0.0
2026-07-07 16:00:00,F01,TRAP-A,31.28,68.62,5.59,0.0
2026-07-07 16:10:00,F01,TRAP-A,31.23,68.55,12.76,0.0
2026-07-07 16:20:00,F01,TRAP-A,30.51,62.98,7.17,0.0
2026-07-07 16:30:00,F01,TRAP-A,29.55,67.98,6.31,0.0
2026-07-07 16:40:00,F01,TRAP-A,29.8,66.72,7.5,0.0
2026-07-07 16:50:00,F01,TRAP-A,31.14,65.76,7.79,0.0
2026-07-07 17:00:00,F01,TRAP-A,29.69,63.03,4.67,0.0
2026-07-07 17:10:00,F01,TRAP-A,30.04,65.71,8.25,0.0
2026-07-07 17:20:00,F01,TRAP-A,28.92,70.51,7.91,0.0
2026-07-07 17:30:00,F01,TRAP-A,29.89,71.3,22.03,0.0
2026-07-07 17:40:00,F01,TRAP-A,29.09,69.28,11.3,0.0
2026-07-07 17:50:00,F01,TRAP-A,30.13,72.4,7.46,0.0
2026-07-07 18:00:00,F01,TRAP-A,29.74,73.29,7.74,0.0
2026-07-07 18:10:00,F01,TRAP-A,28.55,71.9,12.77,0.0
2026-07-07 18:20:00,F01,TRAP-A,28.67,70.3,14.28,0.0
2026-07-07 18:30:00,F01,TRAP-A,28.14,73.82,9.32,0.0
2026-07-07 18:40:00,F01,TRAP-A,27.26,74.55,8.46,0.0
2026-07-07 18:50:00,F01,TRAP-A,27.53,75.65,4.48,0.0
2026-07-07 19:00:00,F01,TRAP-A,28.18,76.76,9.49,0.0
2026-07-07 19:10:00,F01,TRAP-A,28.09,71.83,5.1,0.0
2026-07-07 19:20:00,F01,TRAP-A,27.75,74.61,6.78,0.0
2026-07-07 19:30:00,F01,TRAP-A,27.2,71.79,5.92,0.0
2026-07-07 19:40:00,F01,TRAP-A,27.99,79.05,5.7,0.0
2026-07-07 19:50:00,F01,TRAP-A,27.1,77.31,5.63,3.57
2026-07-07 20:00:00,F01,TRAP-A,27.41,79.57,10.41,0.0
2026-07-07 20:10:00,F01,TRAP-A,25.24,75.46,9.1,0.0
2026-07-07 20:20:00,F01,TRAP-A,23.32,83.3,7.02,0.0
2026-07-07 20:30:00,F01,TRAP-A,26.49,77.46,8.18,0.0
2026-07-07 20:40:00,F01,TRAP-A,24.93,83.03,17.53,0.0
2026-07-07 20:50:00,F01,TRAP-A,25.71,82.02,6.66,0.0
2026-07-07 21:00:00,F01,TRAP-A,25.45,81.88,7.67,0.0
2026-07-07 21:10:00,F01,TRAP-A,26.78,82.3,7.68,0.0
2026-07-07 21:20:00,F01,TRAP-A,25.64,82.0,13.78,0.0
2026-07-07 21:30:00,F01,TRAP-A,25.27,87.43,6.97,0.0
2026-07-07 21:40:00,F01,TRAP-A,25.63,84.81,18.68,0.0
2026-07-07 21:50:00,F01,TRAP-A,25.09,82.19,7.05,0.0
2026-07-07 22:00:00,F01,TRAP-A,24.26,84.96,6.46,0.68
2026-07-07 22:10:00,F01,TRAP-A,25.32,86.79,6.91,0.0
2026-07-07 22:20:00,F01,TRAP-A,23.41,89.25,8.1,0.0
2026-07-07 22:30:00,F01,TRAP-A,24.4,86.01,9.74,0.18
2026-07-07 22:40:00,F01,TRAP-A,22.76,86.67,8.94,0.0
2026-07-07 22:50:00,F01,TRAP-A,24.02,88.55,8.34,0.0
2026-07-07 23:00:00,F01,TRAP-A,23.87,91.13,9.57,0.0
2026-07-07 23:10:00,F01,TRAP-A,24.93,85.97,12.74,0.0
2026-07-07 23:20:00,F01,TRAP-A,22.21,91.07,12.91,0.0
2026-07-07 23:30:00,F01,TRAP-A,22.86,89.03,11.5,0.0
2026-07-07 23:40:00,F01,TRAP-A,23.89,89.75,16.92,0.19
2026-07-07 23:50:00,F01,TRAP-A,23.4,95.91,10.63,0.0
2026-07-08 00:00:00,F01,TRAP-A,23.18,90.74,8.15,0.0
2026-07-08 00:10:00,F01,TRAP-A,22.18,93.41,9.34,0.0
2026-07-08 00:20:00,F01,TRAP-A,22.39,93.59,9.67,0.0
2026-07-08 00:30:00,F01,TRAP-A,23.78,89.09,11.03,0.0
2026-07-08 00:40:00,F01,TRAP-A,22.68,87.64,15.88,0.0
2026-07-08 00:50:00,F01,TRAP-A,22.97,94.5,14.46,0.0
2026-07-08 01:00:00,F01,TRAP-A,22.53,89.9,9.95,0.0
2026-07-08 01:10:00,F01,TRAP-A,21.63,88.58,11.53,0.0
2026-07-08 01:20:00,F01,TRAP-A,23.29,95.42,12.72,0.0
2026-07-08 01:30:00,F01,TRAP-A,22.92,90.38,22.8,0.0
2026-07-08 01:40:00,F01,TRAP-A,24.35,91.05,9.9,0.0
2026-07-08 01:50:00,F01,TRAP-A,21.69,97.94,11.83,0.0
2026-07-08 02:00:00,F01,TRAP-A,23.16,88.84,23.41,0.0
2026-07-08 02:10:00,F01,TRAP-A,21.46,89.82,21.6,0.0
2026-07-08 02:20:00,F01,TRAP-A,22.66,91.74,11.61,0.0
2026-07-08 02:30:00,F01,TRAP-A,23.34,92.2,10.54,0.0
2026-07-08 02:40:00,F01,TRAP-A,20.94,90.44,13.32,1.62
2026-07-08 02:50:00,F01,TRAP-A,22.48,89.63,16.85,0.0
2026-07-08 03:00:00,F01,TRAP-A,22.24,96.13,12.1,0.0
2026-07-08 03:10:00,F01,TRAP-A,22.19,92.81,19.2,0.0
2026-07-08 03:20:00,F01,TRAP-A,23.13,93.38,12.36,0.0
2026-07-08 03:30:00,F01,TRAP-A,23.8,91.32,14.08,0.0
2026-07-08 03:40:00,F01,TRAP-A,22.88,92.1,15.19,0.0
2026-07-08 03:50:00,F01,TRAP-A,23.24,93.4,12.71,0.0
2026-07-08 04:00:00,F01,TRAP-A,23.27,88.24,12.83,8.41
2026-07-08 04:10:00,F01,TRAP-A,23.29,91.04,13.51,0.0
2026-07-08 04:20:00,F01,TRAP-A,22.53,91.74,17.09,0.0
2026-07-08 04:30:00,F01,TRAP-A,24.41,93.45,12.06,0.0
2026-07-08 04:40:00,F01,TRAP-A,23.89,94.04,14.8,0.0
2026-07-08 04:50:00,F01,TRAP-A,24.1,88.89,15.25,0.0
2026-07-08 05:00:00,F01,TRAP-A,23.28,91.1,14.34,0.0
2026-07-08 05:10:00,F01,TRAP-A,23.7,81.09,20.17,0.0
2026-07-08 05:20:00,F01,TRAP-A,24.08,91.14,14.72,0.0
2026-07-08 05:30:00,F01,TRAP-A,23.15,84.92,15.0,0.0
2026-07-08 05:40:00,F01,TRAP-A,23.19,85.59,14.74,0.0
2026-07-08 05:50:00,F01,TRAP-A,24.23,86.74,15.84,0.0
2026-07-08 06:00:00,F01,TRAP-A,25.3,84.68,12.43,0.0
2026-07-08 06:10:00,F01,TRAP-A,24.53,84.97,18.73,0.0
2026-07-08 06:20:00,F01,TRAP-A,24.42,87.86,12.1,0.0
2026-07-08 06:30:00,F01,TRAP-A,24.76,82.32,15.02,0.0
2026-07-08 06:40:00,F01,TRAP-A,25.24,79.94,14.78,0.0
2026-07-08 06:50:00,F01,TRAP-A,25.51,86.57,12.57,0.0
2026-07-08 07:00:00,F01,TRAP-A,27.71,82.72,11.95,0.18
2026-07-08 07:10:00,F01,TRAP-A,27.02,85.57,12.22,0.0
2026-07-08 07:20:00,F01,TRAP-A,27.19,82.27,12.66,0.0
2026-07-08 07:30:00,F01,TRAP-A,27.5,76.16,18.06,0.0
2026-07-08 07:40:00,F01,TRAP-A,25.96,80.43,17.38,0.0
2026-07-08 07:50:00,F01,TRAP-A,25.97,75.7,11.68,0.0
2026-07-08 08:00:00,F01,TRAP-A,26.26,77.52,12.42,0.0
2026-07-08 08:10:00,F01,TRAP-A,28.41,76.66,17.9,0.0
2026-07-08 08:20:00,F01,TRAP-A,27.1,72.15,12.01,0.0
2026-07-08 08:30:00,F01,TRAP-A,26.73,73.52,27.63,0.0
2026-07-08 08:40:00,F01,TRAP-A,27.58,80.42,11.87,0.0
2026-07-08 08:50:00,F01,TRAP-A,27.93,74.87,14.89,0.0
2026-07-08 09:00:00,F01,TRAP-A,28.52,73.2,12.35,0.0
2026-07-08 09:10:00,F01,TRAP-A,28.7,77.55,11.04,0.18
2026-07-08 09:20:00,F01,TRAP-A,28.02,71.41,11.35,0.0
2026-07-08 09:30:00,F01,TRAP-A,29.41,71.57,13.7,0.0
2026-07-08 09:40:00,F01,TRAP-A,28.52,73.69,11.42,0.0
2026-07-08 09:50:00,F01,TRAP-A,29.08,69.63,12.82,0.0
2026-07-08 10:00:00,F01,TRAP-A,29.93,68.21,10.57,0.0
2026-07-08 10:10:00,F01,TRAP-A,29.03,63.89,11.51,0.0
2026-07-08 10:20:00,F01,TRAP-A,29.25,66.65,11.72,0.0
2026-07-08 10:30:00,F01,TRAP-A,30.33,66.11,11.0,0.0
2026-07-08 10:40:00,F01,TRAP-A,29.32,68.38,9.9,0.0
2026-07-08 10:50:00,F01,TRAP-A,29.84,65.98,10.93,0.0
2026-07-08 11:00:00,F01,TRAP-A,30.73,72.44,12.45,0.0
2026-07-08 11:10:00,F01,TRAP-A,32.06,63.97,18.78,0.0
2026-07-08 11:20:00,F01,TRAP-A,31.03,69.7,13.24,0.0
2026-07-08 11:30:00,F01,TRAP-A,31.04,66.35,8.92,0.0
2026-07-08 11:40:00,F01,TRAP-A,31.19,67.45,9.17,0.0
2026-07-08 11:50:00,F01,TRAP-A,30.01,66.95,8.29,0.0
2026-07-08 12:00:00,F01,TRAP-A,31.06,59.22,8.3,0.0
2026-07-08 12:10:00,F01,TRAP-A,31.03,64.44,8.56,0.0
2026-07-08 12:20:00,F01,TRAP-A,31.4,63.55,8.19,0.0
2026-07-08 12:30:00,F01,TRAP-A,31.31,61.13,8.07,0.0
2026-07-08 12:40:00,F01,TRAP-A,31.58,64.89,7.96,0.0
2026-07-08 12:50:00,F01,TRAP-A,31.09,67.84,8.08,0.0
2026-07-08 13:00:00,F01,TRAP-A,31.43,56.71,7.24,0.0
2026-07-08 13:10:00,F01,TRAP-A,30.44,61.92,7.65,0.0
2026-07-08 13:20:00,F01,TRAP-A,31.2,60.04,10.01,0.0
2026-07-08 13:30:00,F01,TRAP-A,32.59,63.25,7.16,0.0
2026-07-08 13:40:00,F01,TRAP-A,31.75,62.21,6.76,5.26
2026-07-08 13:50:00,F01,TRAP-A,31.48,61.49,6.25,0.0
2026-07-08 14:00:00,F01,TRAP-A,33.01,64.73,7.97,0.0
2026-07-08 14:10:00,F01,TRAP-A,30.4,67.13,11.27,0.0
2026-07-08 14:20:00,F01,TRAP-A,30.58,69.76,5.78,0.0
2026-07-08 14:30:00,F01,TRAP-A,32.81,61.35,7.81,0.0
2026-07-08 14:40:00,F01,TRAP-A,31.44,58.77,8.48,0.0
2026-07-08 14:50:00,F01,TRAP-A,31.16,64.87,7.89,0.0
2026-07-08 15:00:00,F01,TRAP-A,30.35,67.67,11.38,0.0
2026-07-08 15:10:00,F01,TRAP-A,31.6,65.89,11.0,0.0
2026-07-08 15:20:00,F01,TRAP-A,31.61,68.1,5.03,0.0
2026-07-08 15:30:00,F01,TRAP-A,30.22,63.78,6.09,0.0
2026-07-08 15:40:00,F01,TRAP-A,30.9,63.1,7.98,0.0
2026-07-08 15:50:00,F01,TRAP-A,30.65,65.22,13.69,0.0
2026-07-08 16:00:00,F01,TRAP-A,31.02,64.44,9.37,0.0
2026-07-08 16:10:00,F01,TRAP-A,29.82,67.28,4.98,0.0
2026-07-08 16:20:00,F01,TRAP-A,31.6,68.43,5.3,0.0
2026-07-08 16:30:00,F01,TRAP-A,31.21,69.03,8.58,0.0
2026-07-08 16:40:00,F01,TRAP-A,30.06,68.11,6.11,0.0
2026-07-08 16:50:00,F01,TRAP-A,30.04,67.9,6.52,0.0
2026-07-08 17:00:00,F01,TRAP-A,29.97,69.74,6.92,0.0
2026-07-08 17:10:00,F01,TRAP-A,29.31,63.33,4.4,0.0
2026-07-08 17:20:00,F01,TRAP-A,29.42,69.27,9.85,0.0
2026-07-08 17:30:00,F01,TRAP-A,29.4,69.4,9.99,0.0
2026-07-08 17:40:00,F01,TRAP-A,30.75,70.34,5.9,0.0
2026-07-08 17:50:00,F01,TRAP-A,30.05,70.15,6.96,0.66
2026-07-08 18:00:00,F01,TRAP-A,29.87,72.02,7.24,0.0
2026-07-08 18:10:00,F01,TRAP-A,29.24,70.08,4.64,0.0
2026-07-08 18:20:00,F01,TRAP-A,27.87,74.94,4.39,0.0
2026-07-08 18:30:00,F01,TRAP-A,28.55,73.91,4.12,0.0
2026-07-08 18:40:00,F01,TRAP-A,29.17,73.72,11.41,0.0
2026-07-08 18:50:00,F01,TRAP-A,27.2,72.23,5.4,0.0
2026-07-08 19:00:00,F01,TRAP-A,28.53,76.64,4.44,0.0
2026-07-08 19:10:00,F01,TRAP-A,29.69,75.76,6.11,0.0
2026-07-08 19:20:00,F01,TRAP-A,28.48,74.0,4.52,0.0
2026-07-08 19:30:00,F01,TRAP-A,28.57,76.4,4.62,0.0
2026-07-08 19:40:00,F01,TRAP-A,27.42,78.76,6.45,0.0
2026-07-08 19:50:00,F01,TRAP-A,27.82,79.22,6.65,0.0
2026-07-08 20:00:00,F01,TRAP-A,26.28,79.72,7.21,0.0
2026-07-08 20:10:00,F01,TRAP-A,27.29,79.39,7.9,0.0
2026-07-08 20:20:00,F01,TRAP-A,26.98,82.37,8.11,0.0
2026-07-08 20:30:00,F01,TRAP-A,26.5,83.55,6.61,0.0
2026-07-08 20:40:00,F01,TRAP-A,27.12,82.94,8.12,0.0
2026-07-08 20:50:00,F01,TRAP-A,25.45,80.27,6.23,0.0
2026-07-08 21:00:00,F01,TRAP-A,25.54,79.72,7.01,0.0
2026-07-08 21:10:00,F01,TRAP-A,25.58,81.63,6.9,0.0
2026-07-08 21:20:00,F01,TRAP-A,24.5,88.48,6.73,0.0
2026-07-08 21:30:00,F01,TRAP-A,25.32,84.9,6.49,0.0
2026-07-08 21:40:00,F01,TRAP-A,23.59,90.11,6.06,0.0
2026-07-08 21:50:00,F01,TRAP-A,25.63,85.07,8.08,0.0
2026-07-08 22:00:00,F01,TRAP-A,24.66,85.28,8.43,0.0
2026-07-08 22:10:00,F01,TRAP-A,24.04,86.29,7.5,0.0
2026-07-08 22:20:00,F01,TRAP-A,23.63,86.78,17.6,0.0
2026-07-08 22:30:00,F01,TRAP-A,23.96,85.59,9.04,0.0
2026-07-08 22:40:00,F01,TRAP-A,24.54,85.15,13.35,0.0
2026-07-08 22:50:00,F01,TRAP-A,24.29,89.75,9.46,0.0
2026-07-08 23:00:00,F01,TRAP-A,23.15,91.59,7.73,0.0
2026-07-08 23:10:00,F01,TRAP-A,22.91,95.5,18.29,0.0
2026-07-08 23:20:00,F01,TRAP-A,23.98,88.72,13.93,0.0
2026-07-08 23:30:00,F01,TRAP-A,22.76,89.32,9.52,0.0
2026-07-08 23:40:00,F01,TRAP-A,23.28,88.64,8.62,0.0
2026-07-08 23:50:00,F01,TRAP-A,23.23,93.73,8.71,0.0
2026-07-09 00:00:00,F01,TRAP-A,23.28,93.27,13.05,0.0
2026-07-09 00:10:00,F01,TRAP-A,23.63,89.34,8.52,0.88
2026-07-09 00:20:00,F01,TRAP-A,21.85,89.54,11.53,0.0
2026-07-09 00:30:00,F01,TRAP-A,21.26,94.42,11.72,0.0
2026-07-09 00:40:00,F01,TRAP-A,22.27,93.22,9.43,0.0
2026-07-09 00:50:00,F01,TRAP-A,24.11,94.34,12.66,0.0
2026-07-09 01:00:00,F01,TRAP-A,24.23,90.4,12.83,0.0
2026-07-09 01:10:00,F01,TRAP-A,24.04,88.05,10.62,0.0
2026-07-09 01:20:00,F01,TRAP-A,22.39,90.66,11.47,0.0
2026-07-09 01:30:00,F01,TRAP-A,21.1,94.65,15.02,0.0
2026-07-09 01:40:00,F01,TRAP-A,20.63,98.0,12.03,0.0
2026-07-09 01:50:00,F01,TRAP-A,22.01,91.93,12.85,0.0
2026-07-09 02:00:00,F01,TRAP-A,22.34,98.0,11.71,0.0
2026-07-09 02:10:00,F01,TRAP-A,23.55,95.03,10.75,0.0
2026-07-09 02:20:00,F01,TRAP-A,23.23,89.41,29.15,0.0
2026-07-09 02:30:00,F01,TRAP-A,22.74,93.33,12.81,0.0
2026-07-09 02:40:00,F01,TRAP-A,21.89,94.84,11.9,0.84
2026-07-09 02:50:00,F01,TRAP-A,21.87,86.46,14.55,0.0
2026-07-09 03:00:00,F01,TRAP-A,22.9,93.96,13.83,0.0
2026-07-09 03:10:00,F01,TRAP-A,23.31,95.08,11.83,0.0
2026-07-09 03:20:00,F01,TRAP-A,23.14,92.91,17.43,0.0
2026-07-09 03:30:00,F01,TRAP-A,22.07,91.5,11.47,0.0
2026-07-09 03:40:00,F01,TRAP-A,23.51,90.94,14.14,0.0
2026-07-09 03:50:00,F01,TRAP-A,23.42,90.49,13.39,0.0
2026-07-09 04:00:00,F01,TRAP-A,22.32,87.79,12.68,0.0
2026-07-09 04:10:00,F01,TRAP-A,22.66,88.65,16.86,0.0
2026-07-09 04:20:00,F01,TRAP-A,23.95,88.95,14.88,0.0
2026-07-09 04:30:00,F01,TRAP-A,23.34,89.87,16.02,0.0
2026-07-09 04:40:00,F01,TRAP-A,24.92,87.77,13.41,0.0
2026-07-09 04:50:00,F01,TRAP-A,24.19,86.54,20.42,0.0
2026-07-09 05:00:00,F01,TRAP-A,23.54,90.14,13.16,0.0
2026-07-09 05:10:00,F01,TRAP-A,24.06,88.68,14.2,0.0
2026-07-09 05:20:00,F01,TRAP-A,24.28,85.9,20.1,0.0
2026-07-09 05:30:00,F01,TRAP-A,23.8,87.99,12.24,0.0
2026-07-09 05:40:00,F01,TRAP-A,23.81,85.05,12.34,0.0
2026-07-09 05:50:00,F01,TRAP-A,25.27,85.79,27.44,0.0
2026-07-09 06:00:00,F01,TRAP-A,25.56,87.5,22.66,0.0
2026-07-09 06:10:00,F01,TRAP-A,25.54,82.97,16.42,0.0
2026-07-09 06:20:00,F01,TRAP-A,26.45,80.95,13.96,0.0
2026-07-09 06:30:00,F01,TRAP-A,24.99,82.91,14.06,0.0
2026-07-09 06:40:00,F01,TRAP-A,26.94,79.25,12.81,0.0
2026-07-09 06:50:00,F01,TRAP-A,25.07,81.33,13.57,0.0
2026-07-09 07:00:00,F01,TRAP-A,25.17,80.69,13.52,0.0
2026-07-09 07:10:00,F01,TRAP-A,24.77,74.59,11.88,0.0
2026-07-09 07:20:00,F01,TRAP-A,26.01,81.43,13.52,0.0
2026-07-09 07:30:00,F01,TRAP-A,26.16,79.0,13.6,0.0
2026-07-09 07:40:00,F01,TRAP-A,27.18,81.76,14.85,0.0
2026-07-09 07:50:00,F01,TRAP-A,27.15,78.69,13.66,0.0
2026-07-09 08:00:00,F01,TRAP-A,26.2,79.33,17.33,0.0
2026-07-09 08:10:00,F01,TRAP-A,27.03,79.82,12.67,0.0
2026-07-09 08:20:00,F01,TRAP-A,27.25,75.86,12.78,0.0
2026-07-09 08:30:00,F01,TRAP-A,26.32,75.54,13.63,0.0
2026-07-09 08:40:00,F01,TRAP-A,27.15,70.97,11.66,0.0
2026-07-09 08:50:00,F01,TRAP-A,27.5,77.36,12.36,0.0
2026-07-09 09:00:00,F01,TRAP-A,29.46,73.27,14.21,0.0
2026-07-09 09:10:00,F01,TRAP-A,28.65,70.5,12.19,1.11
2026-07-09 09:20:00,F01,TRAP-A,29.21,74.25,17.58,0.0
2026-07-09 09:30:00,F01,TRAP-A,27.66,66.35,13.19,0.0
2026-07-09 09:40:00,F01,TRAP-A,29.99,70.13,10.68,0.0
2026-07-09 09:50:00,F01,TRAP-A,30.25,72.9,12.04,0.0
2026-07-09 10:00:00,F01,TRAP-A,27.78,68.97,14.22,0.0
2026-07-09 10:10:00,F01,TRAP-A,28.98,67.72,12.82,0.0
2026-07-09 10:20:00,F01,TRAP-A,30.1,67.95,16.06,0.0
2026-07-09 10:30:00,F01,TRAP-A,30.37,63.45,13.56,0.0
2026-07-09 10:40:00,F01,TRAP-A,29.46,69.77,9.43,0.0
2026-07-09 10:50:00,F01,TRAP-A,29.91,67.19,9.43,0.0
2026-07-09 11:00:00,F01,TRAP-A,29.81,66.36,12.05,0.0
2026-07-09 11:10:00,F01,TRAP-A,30.51,65.93,9.55,0.0
2026-07-09 11:20:00,F01,TRAP-A,31.5,66.23,11.22,0.0
2026-07-09 11:30:00,F01,TRAP-A,30.04,67.43,13.1,0.0
2026-07-09 11:40:00,F01,TRAP-A,31.57,65.3,10.79,0.0
2026-07-09 11:50:00,F01,TRAP-A,30.25,61.68,9.65,0.0
2026-07-09 12:00:00,F01,TRAP-A,30.29,66.2,10.98,0.0
2026-07-09 12:10:00,F01,TRAP-A,31.71,65.72,8.16,0.0
2026-07-09 12:20:00,F01,TRAP-A,31.88,64.71,11.37,0.0
2026-07-09 12:30:00,F01,TRAP-A,31.89,66.64,10.93,0.0
2026-07-09 12:40:00,F01,TRAP-A,30.23,63.82,9.34,0.0
2026-07-09 12:50:00,F01,TRAP-A,30.96,66.33,7.98,0.0
2026-07-09 13:00:00,F01,TRAP-A,32.04,66.91,11.63,0.0
2026-07-09 13:10:00,F01,TRAP-A,31.46,64.71,8.81,0.0
2026-07-09 13:20:00,F01,TRAP-A,30.6,61.28,6.69,0.0
2026-07-09 13:30:00,F01,TRAP-A,31.85,62.74,13.87,0.0
2026-07-09 13:40:00,F01,TRAP-A,30.92,66.12,10.57,0.0
2026-07-09 13:50:00,F01,TRAP-A,32.94,59.26,8.67,0.0
2026-07-09 14:00:00,F01,TRAP-A,32.73,62.03,7.61,0.0
2026-07-09 14:10:00,F01,TRAP-A,31.97,62.19,15.39,0.0
2026-07-09 14:20:00,F01,TRAP-A,32.56,60.95,10.07,0.0
2026-07-09 14:30:00,F01,TRAP-A,31.49,65.39,7.76,0.0
2026-07-09 14:40:00,F01,TRAP-A,32.02,64.27,8.5,0.0
2026-07-09 14:50:00,F01,TRAP-A,32.54,61.7,6.19,0.0
2026-07-09 15:00:00,F01,TRAP-A,31.5,65.16,5.73,0.0
2026-07-09 15:10:00,F01,TRAP-A,31.04,63.46,5.92,0.0
2026-07-09 15:20:00,F01,TRAP-A,29.81,61.86,5.89,0.0
2026-07-09 15:30:00,F01,TRAP-A,31.03,62.56,8.78,0.0
2026-07-09 15:40:00,F01,TRAP-A,31.67,65.72,5.1,0.0
2026-07-09 15:50:00,F01,TRAP-A,31.68,67.28,9.07,0.0
2026-07-09 16:00:00,F01,TRAP-A,31.22,64.05,6.69,0.0
2026-07-09 16:10:00,F01,TRAP-A,30.28,66.99,5.85,0.0
2026-07-09 16:20:00,F01,TRAP-A,29.02,69.96,5.39,0.0
2026-07-09 16:30:00,F01,TRAP-A,30.08,63.27,6.41,0.0
2026-07-09 16:40:00,F01,TRAP-A,30.1,67.73,5.34,0.0
2026-07-09 16:50:00,F01,TRAP-A,29.96,69.37,5.83,0.0
2026-07-09 17:00:00,F01,TRAP-A,30.57,67.52,8.13,0.0
2026-07-09 17:10:00,F01,TRAP-A,31.51,71.34,7.02,0.0
2026-07-09 17:20:00,F01,TRAP-A,29.87,74.25,8.17,0.0
2026-07-09 17:30:00,F01,TRAP-A,29.44,70.13,7.76,0.0
2026-07-09 17:40:00,F01,TRAP-A,29.25,69.23,9.07,0.0
2026-07-09 17:50:00,F01,TRAP-A,29.39,72.82,4.68,0.0
2026-07-09 18:00:00,F01,TRAP-A,28.45,73.05,19.97,0.0
2026-07-09 18:10:00,F01,TRAP-A,29.04,65.23,5.95,0.0
2026-07-09 18:20:00,F01,TRAP-A,29.12,72.12,7.83,0.0
2026-07-09 18:30:00,F01,TRAP-A,28.75,71.75,7.45,0.0
2026-07-09 18:40:00,F01,TRAP-A,28.76,74.34,6.59,0.0
2026-07-09 18:50:00,F01,TRAP-A,28.55,73.49,20.56,0.0
2026-07-09 19:00:00,F01,TRAP-A,26.6,74.4,4.91,0.0
2026-07-09 19:10:00,F01,TRAP-A,28.33,73.09,5.87,0.0
2026-07-09 19:20:00,F01,TRAP-A,27.09,77.73,4.7,0.0
2026-07-09 19:30:00,F01,TRAP-A,26.56,80.68,4.96,0.0
2026-07-09 19:40:00,F01,TRAP-A,26.36,75.08,8.18,0.0
2026-07-09 19:50:00,F01,TRAP-A,27.39,74.36,4.53,0.0
2026-07-09 20:00:00,F01,TRAP-A,26.67,78.56,11.22,0.0
2026-07-09 20:10:00,F01,TRAP-A,25.31,79.09,7.71,0.0
2026-07-09 20:20:00,F01,TRAP-A,26.84,82.74,6.55,0.0
2026-07-09 20:30:00,F01,TRAP-A,25.11,77.39,6.12,0.0
2026-07-09 20:40:00,F01,TRAP-A,26.18,79.76,5.43,0.0
2026-07-09 20:50:00,F01,TRAP-A,26.07,76.37,12.78,0.0
2026-07-09 21:00:00,F01,TRAP-A,26.4,85.81,9.01,0.0
2026-07-09 21:10:00,F01,TRAP-A,26.93,83.62,6.63,0.0
2026-07-09 21:20:00,F01,TRAP-A,24.23,82.45,5.75,0.0
2026-07-09 21:30:00,F01,TRAP-A,25.1,80.9,6.86,0.0
2026-07-09 21:40:00,F01,TRAP-A,24.74,81.72,6.43,6.65
2026-07-09 21:50:00,F01,TRAP-A,25.14,86.41,10.6,0.0
2026-07-09 22:00:00,F01,TRAP-A,24.79,83.17,9.93,0.0
2026-07-09 22:10:00,F01,TRAP-A,24.17,86.74,8.34,0.0
2026-07-09 22:20:00,F01,TRAP-A,23.94,92.12,12.94,0.0
2026-07-09 22:30:00,F01,TRAP-A,23.25,86.66,7.19,0.0
2026-07-09 22:40:00,F01,TRAP-A,24.78,85.62,8.56,0.0
2026-07-09 22:50:00,F01,TRAP-A,24.22,89.46,10.65,0.0
2026-07-09 23:00:00,F01,TRAP-A,24.45,85.9,7.31,0.0
2026-07-09 23:10:00,F01,TRAP-A,23.33,93.7,8.67,0.0
2026-07-09 23:20:00,F01,TRAP-A,22.93,93.32,9.98,0.0
2026-07-09 23:30:00,F01,TRAP-A,22.48,89.79,8.98,0.0
2026-07-09 23:40:00,F01,TRAP-A,23.52,88.33,9.75,0.0
2026-07-09 23:50:00,F01,TRAP-A,22.29,89.85,10.77,0.0
2026-07-10 00:00:00,F01,TRAP-A,24.51,90.5,9.51,0.0
2026-07-10 00:10:00,F01,TRAP-A,21.89,92.49,8.65,0.0
2026-07-10 00:20:00,F01,TRAP-A,23.08,94.4,8.93,0.0
2026-07-10 00:30:00,F01,TRAP-A,24.04,89.45,10.9,0.0
2026-07-10 00:40:00,F01,TRAP-A,23.2,94.79,9.4,4.01
2026-07-10 00:50:00,F01,TRAP-A,22.81,93.99,15.62,0.0
2026-07-10 01:00:00,F01,TRAP-A,21.84,91.34,14.56,0.0
2026-07-10 01:10:00,F01,TRAP-A,21.47,90.03,10.62,0.0
2026-07-10 01:20:00,F01,TRAP-A,23.16,93.14,14.83,0.0
2026-07-10 01:30:00,F01,TRAP-A,23.73,90.28,11.94,0.0
2026-07-10 01:40:00,F01,TRAP-A,22.16,95.54,10.33,0.0
2026-07-10 01:50:00,F01,TRAP-A,21.59,90.19,12.82,0.0
2026-07-10 02:00:00,F01,TRAP-A,20.54,94.36,13.53,0.0
2026-07-10 02:10:00,F01,TRAP-A,21.73,92.75,10.53,0.0
2026-07-10 02:20:00,F01,TRAP-A,22.44,91.49,11.54,0.0
2026-07-10 02:30:00,F01,TRAP-A,23.84,92.54,10.56,0.0
2026-07-10 02:40:00,F01,TRAP-A,23.14,95.38,11.82,0.0
2026-07-10 02:50:00,F01,TRAP-A,22.89,89.54,12.03,0.0
2026-07-10 03:00:00,F01,TRAP-A,22.38,91.32,13.91,0.0
2026-07-10 03:10:00,F01,TRAP-A,22.29,90.26,11.71,0.0
2026-07-10 03:20:00,F01,TRAP-A,23.95,91.82,11.24,0.25
2026-07-10 03:30:00,F01,TRAP-A,23.06,89.94,12.39,0.0
2026-07-10 03:40:00,F01,TRAP-A,21.31,86.95,16.59,0.0
2026-07-10 03:50:00,F01,TRAP-A,22.54,88.42,12.97,0.0
2026-07-10 04:00:00,F01,TRAP-A,22.5,94.82,13.14,0.0
2026-07-10 04:10:00,F01,TRAP-A,22.85,90.99,13.51,0.0
2026-07-10 04:20:00,F01,TRAP-A,23.85,90.52,15.86,0.0
2026-07-10 04:30:00,F01,TRAP-A,23.44,88.88,13.71,0.82
2026-07-10 04:40:00,F01,TRAP-A,23.59,89.03,12.09,0.0
2026-07-10 04:50:00,F01,TRAP-A,24.84,87.63,12.55,0.0
2026-07-10 05:00:00,F01,TRAP-A,23.37,89.56,12.52,0.0
2026-07-10 05:10:00,F01,TRAP-A,25.57,88.0,14.06,0.0
2026-07-10 05:20:00,F01,TRAP-A,23.69,84.32,12.05,0.0
2026-07-10 05:30:00,F01,TRAP-A,24.46,87.36,12.98,0.0
2026-07-10 05:40:00,F01,TRAP-A,24.32,80.03,14.8,0.0
2026-07-10 05:50:00,F01,TRAP-A,24.81,86.66,13.31,0.0
2026-07-10 06:00:00,F01,TRAP-A,25.24,81.53,15.69,0.0
2026-07-10 06:10:00,F01,TRAP-A,25.41,84.23,13.48,0.0
2026-07-10 06:20:00,F01,TRAP-A,24.64,80.89,23.6,0.0
2026-07-10 06:30:00,F01,TRAP-A,24.52,83.27,22.03,0.6
2026-07-10 06:40:00,F01,TRAP-A,27.61,84.09,16.74,0.0
2026-07-10 06:50:00,F01,TRAP-A,25.41,85.78,21.14,0.0
2026-07-10 07:00:00,F01,TRAP-A,26.54,77.53,12.51,0.0
2026-07-10 07:10:00,F01,TRAP-A,24.89,83.18,15.94,0.0
2026-07-10 07:20:00,F01,TRAP-A,26.15,80.43,12.87,0.0
2026-07-10 07:30:00,F01,TRAP-A,26.46,78.32,15.52,0.0
2026-07-10 07:40:00,F01,TRAP-A,27.14,80.7,12.97,0.0
2026-07-10 07:50:00,F01,TRAP-A,24.78,77.55,12.51,0.0
2026-07-10 08:00:00,F01,TRAP-A,27.29,79.28,20.96,0.0
2026-07-10 08:10:00,F01,TRAP-A,26.43,74.35,12.01,0.0
2026-07-10 08:20:00,F01,TRAP-A,27.8,74.6,15.46,0.0
2026-07-10 08:30:00,F01,TRAP-A,26.91,77.9,14.46,0.0
2026-07-10 08:40:00,F01,TRAP-A,27.25,78.61,12.06,0.0
2026-07-10 08:50:00,F01,TRAP-A,27.9,74.17,12.69,0.0
2026-07-10 09:00:00,F01,TRAP-A,27.47,66.66,11.19,0.0
2026-07-10 09:10:00,F01,TRAP-A,28.12,72.51,18.22,0.05
2026-07-10 09:20:00,F01,TRAP-A,27.73,72.47,20.8,0.0
2026-07-10 09:30:00,F01,TRAP-A,27.4,71.21,14.28,0.0
2026-07-10 09:40:00,F01,TRAP-A,29.85,72.04,15.86,0.0
2026-07-10 09:50:00,F01,TRAP-A,28.18,69.43,10.29,0.0
2026-07-10 10:00:00,F01,TRAP-A,29.24,72.16,11.33,0.0
2026-07-10 10:10:00,F01,TRAP-A,30.15,66.6,10.93,0.0
2026-07-10 10:20:00,F01,TRAP-A,29.21,72.07,12.06,0.0
2026-07-10 10:30:00,F01,TRAP-A,29.2,72.34,10.01,0.0
2026-07-10 10:40:00,F01,TRAP-A,30.19,65.69,11.73,0.0
2026-07-10 10:50:00,F01,TRAP-A,31.05,65.21,12.26,0.0
2026-07-10 11:00:00,F01,TRAP-A,29.35,68.06,9.33,0.0
2026-07-10 11:10:00,F01,TRAP-A,30.3,63.63,9.16,0.0
2026-07-10 11:20:00,F01,TRAP-A,29.16,64.96,8.67,0.0
2026-07-10 11:30:00,F01,TRAP-A,30.35,68.55,12.68,0.0
2026-07-10 11:40:00,F01,TRAP-A,30.8,67.27,9.42,0.0
2026-07-10 11:50:00,F01,TRAP-A,30.19,70.03,8.8,0.0
2026-07-10 12:00:00,F01,TRAP-A,30.61,65.19,12.38,0.0
2026-07-10 12:10:00,F01,TRAP-A,29.93,62.94,8.15,0.0
2026-07-10 12:20:00,F01,TRAP-A,31.2,64.32,9.19,0.0
2026-07-10 12:30:00,F01,TRAP-A,32.06,63.58,11.44,0.0
2026-07-10 12:40:00,F01,TRAP-A,30.4,63.4,9.73,0.0
2026-07-10 12:50:00,F01,TRAP-A,30.84,63.49,9.42,0.0
2026-07-10 13:00:00,F01,TRAP-A,31.79,61.06,7.35,3.6
2026-07-10 13:10:00,F01,TRAP-A,32.39,63.96,7.27,0.39
2026-07-10 13:20:00,F01,TRAP-A,30.26,59.63,9.12,0.0
2026-07-10 13:30:00,F01,TRAP-A,31.34,61.28,6.42,0.0
2026-07-10 13:40:00,F01,TRAP-A,31.72,62.72,12.29,0.0
2026-07-10 13:50:00,F01,TRAP-A,31.42,57.35,7.33,0.0
2026-07-10 14:00:00,F01,TRAP-A,29.52,64.93,7.5,0.0
2026-07-10 14:10:00,F01,TRAP-A,31.89,57.91,6.63,0.0
2026-07-10 14:20:00,F01,TRAP-A,32.68,64.78,11.87,0.0
2026-07-10 14:30:00,F01,TRAP-A,31.53,59.97,8.54,2.88
2026-07-10 14:40:00,F01,TRAP-A,30.58,62.31,7.12,0.0
2026-07-10 14:50:00,F01,TRAP-A,30.95,64.77,7.84,0.0
2026-07-10 15:00:00,F01,TRAP-A,32.72,69.15,6.51,0.0
2026-07-10 15:10:00,F01,TRAP-A,31.97,64.15,6.84,0.0
2026-07-10 15:20:00,F01,TRAP-A,31.69,59.13,6.18,0.0
2026-07-10 15:30:00,F01,TRAP-A,31.38,66.73,6.33,0.0
2026-07-10 15:40:00,F01,TRAP-A,30.48,64.05,5.78,0.0
2026-07-10 15:50:00,F01,TRAP-A,30.76,65.11,4.8,0.0
2026-07-10 16:00:00,F01,TRAP-A,30.76,66.67,4.58,0.0
2026-07-10 16:10:00,F01,TRAP-A,31.15,60.07,4.96,0.0
2026-07-10 16:20:00,F01,TRAP-A,31.8,66.03,5.19,0.0
2026-07-10 16:30:00,F01,TRAP-A,31.37,65.4,10.89,0.0
2026-07-10 16:40:00,F01,TRAP-A,29.21,69.9,7.03,0.0
2026-07-10 16:50:00,F01,TRAP-A,30.39,69.11,13.68,0.0
2026-07-10 17:00:00,F01,TRAP-A,30.66,63.7,5.35,0.0
2026-07-10 17:10:00,F01,TRAP-A,30.42,71.41,5.61,0.0
2026-07-10 17:20:00,F01,TRAP-A,29.27,69.88,7.86,0.0
2026-07-10 17:30:00,F01,TRAP-A,31.95,65.41,6.61,0.0
2026-07-10 17:40:00,F01,TRAP-A,28.43,69.96,6.26,0.0
2026-07-10 17:50:00,F01,TRAP-A,28.42,72.97,6.57,0.0
2026-07-10 18:00:00,F01,TRAP-A,29.3,67.91,6.63,0.0
2026-07-10 18:10:00,F01,TRAP-A,30.63,74.98,8.37,0.0
2026-07-10 18:20:00,F01,TRAP-A,28.09,68.35,7.34,0.0
2026-07-10 18:30:00,F01,TRAP-A,28.37,70.76,13.52,0.0
2026-07-10 18:40:00,F01,TRAP-A,29.25,71.0,12.95,0.0
2026-07-10 18:50:00,F01,TRAP-A,28.19,77.43,5.77,0.0
2026-07-10 19:00:00,F01,TRAP-A,27.75,73.39,4.28,0.0
2026-07-10 19:10:00,F01,TRAP-A,28.28,72.35,4.26,0.0
2026-07-10 19:20:00,F01,TRAP-A,27.85,77.02,4.68,0.0
2026-07-10 19:30:00,F01,TRAP-A,28.26,78.21,4.59,0.0
2026-07-10 19:40:00,F01,TRAP-A,28.27,78.88,5.84,0.0
2026-07-10 19:50:00,F01,TRAP-A,27.29,77.18,4.68,0.0
2026-07-10 20:00:00,F01,TRAP-A,27.08,79.15,7.55,0.0
2026-07-10 20:10:00,F01,TRAP-A,26.82,77.54,5.34,0.0
2026-07-10 20:20:00,F01,TRAP-A,26.85,84.01,6.97,0.0
2026-07-10 20:30:00,F01,TRAP-A,26.3,83.33,5.24,0.0
2026-07-10 20:40:00,F01,TRAP-A,26.07,83.82,10.3,0.0
2026-07-10 20:50:00,F01,TRAP-A,26.83,83.73,9.69,0.0
2026-07-10 21:00:00,F01,TRAP-A,26.9,83.68,6.74,0.0
2026-07-10 21:10:00,F01,TRAP-A,24.29,79.89,12.64,0.0
2026-07-10 21:20:00,F01,TRAP-A,25.32,85.19,6.15,0.0
2026-07-10 21:30:00,F01,TRAP-A,24.59,84.5,10.72,0.0
2026-07-10 21:40:00,F01,TRAP-A,24.71,87.96,8.19,0.0
2026-07-10 21:50:00,F01,TRAP-A,25.11,87.4,7.17,2.31
2026-07-10 22:00:00,F01,TRAP-A,25.15,87.32,6.38,0.0
2026-07-10 22:10:00,F01,TRAP-A,24.36,82.28,6.84,0.0
2026-07-10 22:20:00,F01,TRAP-A,22.76,86.8,12.4,0.0
2026-07-10 22:30:00,F01,TRAP-A,23.37,86.14,9.4,0.0
2026-07-10 22:40:00,F01,TRAP-A,24.71,88.66,7.57,0.0
2026-07-10 22:50:00,F01,TRAP-A,21.66,87.47,8.98,0.14
2026-07-10 23:00:00,F01,TRAP-A,24.66,88.28,7.44,0.0
2026-07-10 23:10:00,F01,TRAP-A,24.0,90.55,7.58,0.0
2026-07-10 23:20:00,F01,TRAP-A,24.51,88.74,14.59,0.0
2026-07-10 23:30:00,F01,TRAP-A,23.18,90.51,9.45,0.0
2026-07-10 23:40:00,F01,TRAP-A,21.58,86.78,9.13,0.0
2026-07-10 23:50:00,F01,TRAP-A,23.47,88.84,16.9,0.0
2026-07-11 00:00:00,F01,TRAP-A,24.05,92.88,9.67,0.0
2026-07-11 00:10:00,F01,TRAP-A,23.68,88.46,9.54,0.0
2026-07-11 00:20:00,F01,TRAP-A,22.33,94.92,9.44,0.0
2026-07-11 00:30:00,F01,TRAP-A,22.86,94.48,11.16,0.0
2026-07-11 00:40:00,F01,TRAP-A,22.29,91.59,11.28,0.0
2026-07-11 00:50:00,F01,TRAP-A,22.01,98.0,9.05,0.0
2026-07-11 01:00:00,F01,TRAP-A,23.38,95.72,12.35,0.0
2026-07-11 01:10:00,F01,TRAP-A,21.62,90.37,13.99,0.0
2026-07-11 01:20:00,F01,TRAP-A,21.83,94.72,12.37,0.0
2026-07-11 01:30:00,F01,TRAP-A,21.64,93.09,15.78,0.0
2026-07-11 01:40:00,F01,TRAP-A,21.31,91.04,10.78,0.0
2026-07-11 01:50:00,F01,TRAP-A,22.62,90.32,10.61,0.0
2026-07-11 02:00:00,F01,TRAP-A,23.43,95.48,13.7,0.0
2026-07-11 02:10:00,F01,TRAP-A,22.37,91.46,10.89,4.87
2026-07-11 02:20:00,F01,TRAP-A,21.33,92.63,10.69,0.0
2026-07-11 02:30:00,F01,TRAP-A,23.23,90.49,10.85,0.0
2026-07-11 02:40:00,F01,TRAP-A,23.95,90.8,15.06,0.0
2026-07-11 02:50:00,F01,TRAP-A,22.13,92.21,10.89,0.0
2026-07-11 03:00:00,F01,TRAP-A,22.31,93.32,11.95,0.0
2026-07-11 03:10:00,F01,TRAP-A,23.17,85.67,11.46,0.0
2026-07-11 03:20:00,F01,TRAP-A,24.12,91.95,15.37,0.0
2026-07-11 03:30:00,F01,TRAP-A,22.49,89.79,13.36,0.66
2026-07-11 03:40:00,F01,TRAP-A,21.92,94.87,12.04,0.0
2026-07-11 03:50:00,F01,TRAP-A,23.59,98.0,15.61,0.0
2026-07-11 04:00:00,F01,TRAP-A,23.82,89.83,15.69,0.0
2026-07-11 04:10:00,F01,TRAP-A,23.3,86.06,13.83,0.0
2026-07-11 04:20:00,F01,TRAP-A,22.96,90.28,12.65,0.0
2026-07-11 04:30:00,F01,TRAP-A,24.32,89.06,14.39,0.0
2026-07-11 04:40:00,F01,TRAP-A,24.08,94.08,19.94,0.0
2026-07-11 04:50:00,F01,TRAP-A,23.17,92.87,12.01,0.0
2026-07-11 05:00:00,F01,TRAP-A,23.97,90.4,12.83,0.0
2026-07-11 05:10:00,F01,TRAP-A,22.99,86.28,12.94,0.0
2026-07-11 05:20:00,F01,TRAP-A,24.78,88.93,14.96,0.0
2026-07-11 05:30:00,F01,TRAP-A,24.18,87.38,15.14,0.0
2026-07-11 05:40:00,F01,TRAP-A,24.2,86.78,12.69,0.0
2026-07-11 05:50:00,F01,TRAP-A,24.69,81.72,12.73,0.0
2026-07-11 06:00:00,F01,TRAP-A,24.92,87.7,19.9,0.0
2026-07-11 06:10:00,F01,TRAP-A,25.78,84.73,16.22,0.0
2026-07-11 06:20:00,F01,TRAP-A,25.71,83.61,20.14,0.0
2026-07-11 06:30:00,F01,TRAP-A,25.3,81.76,17.26,0.0
2026-07-11 06:40:00,F01,TRAP-A,26.22,80.66,13.46,0.0
2026-07-11 06:50:00,F01,TRAP-A,26.12,82.81,12.26,0.0
2026-07-11 07:00:00,F01,TRAP-A,25.64,77.01,14.8,0.0
2026-07-11 07:10:00,F01,TRAP-A,26.08,82.71,13.07,0.0
2026-07-11 07:20:00,F01,TRAP-A,26.25,77.46,13.37,0.0
2026-07-11 07:30:00,F01,TRAP-A,26.97,74.3,13.31,0.0
2026-07-11 07:40:00,F01,TRAP-A,26.47,83.34,19.84,0.0
2026-07-11 07:50:00,F01,TRAP-A,26.65,75.99,11.7,0.0
2026-07-11 08:00:00,F01,TRAP-A,28.73,75.68,12.04,0.0
2026-07-11 08:10:00,F01,TRAP-A,28.1,79.66,14.11,0.02
2026-07-11 08:20:00,F01,TRAP-A,26.94,80.81,17.65,0.0
2026-07-11 08:30:00,F01,TRAP-A,28.2,71.7,18.59,0.0
2026-07-11 08:40:00,F01,TRAP-A,28.03,72.5,13.43,0.0
2026-07-11 08:50:00,F01,TRAP-A,28.44,72.04,10.96,0.0
2026-07-11 09:00:00,F01,TRAP-A,28.42,75.96,12.08,0.0
2026-07-11 09:10:00,F01,TRAP-A,29.45,77.09,18.13,0.0
2026-07-11 09:20:00,F01,TRAP-A,28.96,69.68,12.54,0.0
2026-07-11 09:30:00,F01,TRAP-A,28.82,75.32,14.21,0.0
2026-07-11 09:40:00,F01,TRAP-A,29.88,69.42,11.12,0.0
2026-07-11 09:50:00,F01,TRAP-A,29.4,71.46,10.11,0.0
2026-07-11 10:00:00,F01,TRAP-A,29.48,66.88,12.47,0.0
2026-07-11 10:10:00,F01,TRAP-A,29.8,69.2,15.13,0.0
2026-07-11 10:20:00,F01,TRAP-A,29.63,68.7,23.46,0.0
2026-07-11 10:30:00,F01,TRAP-A,29.87,67.67,15.03,0.0
2026-07-11 10:40:00,F01,TRAP-A,29.54,68.93,11.66,0.0
2026-07-11 10:50:00,F01,TRAP-A,29.55,64.97,11.89,0.0
2026-07-11 11:00:00,F01,TRAP-A,29.49,64.82,14.12,0.0
2026-07-11 11:10:00,F01,TRAP-A,29.31,67.69,8.79,0.0
2026-07-11 11:20:00,F01,TRAP-A,29.84,69.54,17.65,0.0
2026-07-11 11:30:00,F01,TRAP-A,30.52,65.73,10.66,0.0
2026-07-11 11:40:00,F01,TRAP-A,30.86,66.68,17.32,0.0
2026-07-11 11:50:00,F01,TRAP-A,30.66,66.97,12.37,0.0
2026-07-11 12:00:00,F01,TRAP-A,29.09,66.83,8.36,0.0
2026-07-11 12:10:00,F01,TRAP-A,32.32,62.08,8.23,0.0
2026-07-11 12:20:00,F01,TRAP-A,32.01,62.25,8.82,0.0
2026-07-11 12:30:00,F01,TRAP-A,31.57,62.23,8.26,0.0
2026-07-11 12:40:00,F01,TRAP-A,32.81,68.56,8.9,0.0
2026-07-11 12:50:00,F01,TRAP-A,30.55,64.82,9.78,0.0
2026-07-11 13:00:00,F01,TRAP-A,32.89,64.54,8.55,0.0
2026-07-11 13:10:00,F01,TRAP-A,30.65,64.17,6.84,0.0
2026-07-11 13:20:00,F01,TRAP-A,31.65,59.84,17.65,0.0
2026-07-11 13:30:00,F01,TRAP-A,30.46,67.91,8.0,0.0
2026-07-11 13:40:00,F01,TRAP-A,31.51,64.22,11.9,0.0
2026-07-11 13:50:00,F01,TRAP-A,31.81,64.81,6.26,0.0
2026-07-11 14:00:00,F01,TRAP-A,31.37,58.6,10.86,0.0
2026-07-11 14:10:00,F01,TRAP-A,32.06,65.0,6.31,0.0
2026-07-11 14:20:00,F01,TRAP-A,31.55,62.22,9.01,0.0
2026-07-11 14:30:00,F01,TRAP-A,31.02,59.9,8.71,0.0
2026-07-11 14:40:00,F01,TRAP-A,30.95,60.94,12.54,0.0
2026-07-11 14:50:00,F01,TRAP-A,32.01,60.31,6.36,0.0
2026-07-11 15:00:00,F01,TRAP-A,30.78,60.45,5.42,0.0
2026-07-11 15:10:00,F01,TRAP-A,31.97,64.01,10.96,0.51
2026-07-11 15:20:00,F01,TRAP-A,32.15,63.12,6.06,0.0
2026-07-11 15:30:00,F01,TRAP-A,29.76,65.18,5.54,0.0
2026-07-11 15:40:00,F01,TRAP-A,31.92,68.82,6.64,0.0
2026-07-11 15:50:00,F01,TRAP-A,32.57,64.62,5.03,0.0
2026-07-11 16:00:00,F01,TRAP-A,31.02,59.67,5.53,0.0
2026-07-11 16:10:00,F01,TRAP-A,31.19,65.03,5.85,0.0
2026-07-11 16:20:00,F01,TRAP-A,31.42,69.0,5.29,0.0
2026-07-11 16:30:00,F01,TRAP-A,30.25,66.21,6.05,0.0
2026-07-11 16:40:00,F01,TRAP-A,30.49,70.67,5.65,4.04
2026-07-11 16:50:00,F01,TRAP-A,29.16,68.43,8.62,0.0
2026-07-11 17:00:00,F01,TRAP-A,30.18,63.17,11.62,0.0
2026-07-11 17:10:00,F01,TRAP-A,30.32,68.53,4.39,0.0
2026-07-11 17:20:00,F01,TRAP-A,30.18,69.51,9.24,0.0
2026-07-11 17:30:00,F01,TRAP-A,30.47,71.99,12.07,0.0
2026-07-11 17:40:00,F01,TRAP-A,28.83,74.38,7.49,0.09
2026-07-11 17:50:00,F01,TRAP-A,28.86,72.65,20.9,4.57
2026-07-11 18:00:00,F01,TRAP-A,30.63,72.06,5.23,0.0
2026-07-11 18:10:00,F01,TRAP-A,28.82,73.23,9.33,0.0
2026-07-11 18:20:00,F01,TRAP-A,28.92,71.72,7.39,0.0
2026-07-11 18:30:00,F01,TRAP-A,28.52,69.09,5.23,0.0
2026-07-11 18:40:00,F01,TRAP-A,27.73,73.47,7.75,0.0
2026-07-11 18:50:00,F01,TRAP-A,29.5,74.9,6.27,0.0
2026-07-11 19:00:00,F01,TRAP-A,27.59,71.62,4.8,0.0
2026-07-11 19:10:00,F01,TRAP-A,26.92,78.58,4.8,0.0
2026-07-11 19:20:00,F01,TRAP-A,27.27,78.42,8.04,0.0
2026-07-11 19:30:00,F01,TRAP-A,25.83,73.13,8.09,0.0
2026-07-11 19:40:00,F01,TRAP-A,26.71,80.63,6.71,0.0
2026-07-11 19:50:00,F01,TRAP-A,26.27,77.1,6.61,0.0
2026-07-11 20:00:00,F01,TRAP-A,27.34,76.58,5.2,0.0
2026-07-11 20:10:00,F01,TRAP-A,26.11,81.87,6.39,0.0
2026-07-11 20:20:00,F01,TRAP-A,27.16,79.7,10.96,0.0
2026-07-11 20:30:00,F01,TRAP-A,27.38,85.22,10.7,0.0
2026-07-11 20:40:00,F01,TRAP-A,26.69,78.99,8.27,0.0
2026-07-11 20:50:00,F01,TRAP-A,25.7,77.43,22.95,0.0
2026-07-11 21:00:00,F01,TRAP-A,25.8,81.68,11.98,0.0
2026-07-11 21:10:00,F01,TRAP-A,24.28,84.98,5.87,0.0
2026-07-11 21:20:00,F01,TRAP-A,25.21,81.3,7.07,0.0
2026-07-11 21:30:00,F01,TRAP-A,24.45,80.89,6.1,0.0
2026-07-11 21:40:00,F01,TRAP-A,25.51,85.38,7.7,2.01
2026-07-11 21:50:00,F01,TRAP-A,26.84,81.73,10.46,0.0
2026-07-11 22:00:00,F01,TRAP-A,25.02,86.72,6.63,0.0
2026-07-11 22:10:00,F01,TRAP-A,22.86,85.64,12.65,4.51
2026-07-11 22:20:00,F01,TRAP-A,24.0,88.26,8.96,0.0
2026-07-11 22:30:00,F01,TRAP-A,24.24,84.08,10.75,0.0
2026-07-11 22:40:00,F01,TRAP-A,24.06,91.28,6.9,0.0
2026-07-11 22:50:00,F01,TRAP-A,23.26,88.06,7.23,0.0
2026-07-11 23:00:00,F01,TRAP-A,23.91,90.88,10.01,0.0
2026-07-11 23:10:00,F01,TRAP-A,22.58,91.81,12.74,1.93
2026-07-11 23:20:00,F01,TRAP-A,22.7,86.93,13.65,0.0
2026-07-11 23:30:00,F01,TRAP-A,23.85,92.42,11.11,0.0
2026-07-11 23:40:00,F01,TRAP-A,22.41,87.02,8.46,0.0
2026-07-11 23:50:00,F01,TRAP-A,23.55,87.5,8.62,0.0
2026-07-12 00:00:00,F01,TRAP-A,21.93,96.15,14.53,0.0
2026-07-12 00:10:00,F01,TRAP-A,24.35,94.32,8.67,0.0
2026-07-12 00:20:00,F01,TRAP-A,22.24,96.99,11.96,0.0
2026-07-12 00:30:00,F01,TRAP-A,22.61,91.12,10.95,0.0
2026-07-12 00:40:00,F01,TRAP-A,22.98,92.52,10.47,0.0
2026-07-12 00:50:00,F01,TRAP-A,22.21,93.77,10.74,0.0
2026-07-12 01:00:00,F01,TRAP-A,22.73,92.59,17.88,0.0
2026-07-12 01:10:00,F01,TRAP-A,23.04,90.88,15.26,0.0
2026-07-12 01:20:00,F01,TRAP-A,23.31,90.61,15.51,0.0
2026-07-12 01:30:00,F01,TRAP-A,23.15,93.47,11.22,0.0
2026-07-12 01:40:00,F01,TRAP-A,22.37,90.31,10.16,0.0
2026-07-12 01:50:00,F01,TRAP-A,22.38,90.26,28.38,2.72
2026-07-12 02:00:00,F01,TRAP-A,24.38,93.97,10.59,0.0
2026-07-12 02:10:00,F01,TRAP-A,23.27,92.72,12.44,0.0
2026-07-12 02:20:00,F01,TRAP-A,21.8,95.23,11.33,0.0
2026-07-12 02:30:00,F01,TRAP-A,22.64,91.73,12.69,0.0
2026-07-12 02:40:00,F01,TRAP-A,22.33,91.22,11.77,0.0
2026-07-12 02:50:00,F01,TRAP-A,22.54,93.58,17.62,0.0
2026-07-12 03:00:00,F01,TRAP-A,21.71,90.31,21.28,0.16
2026-07-12 03:10:00,F01,TRAP-A,22.43,90.49,12.63,0.0
2026-07-12 03:20:00,F01,TRAP-A,24.28,90.36,11.37,0.0
2026-07-12 03:30:00,F01,TRAP-A,23.37,91.12,14.52,0.0
2026-07-12 03:40:00,F01,TRAP-A,21.0,95.8,12.77,0.0
2026-07-12 03:50:00,F01,TRAP-A,24.06,87.61,24.25,0.0
2026-07-12 04:00:00,F01,TRAP-A,24.06,93.96,11.81,0.0
2026-07-12 04:10:00,F01,TRAP-A,23.0,92.21,11.99,0.0
2026-07-12 04:20:00,F01,TRAP-A,23.98,93.9,15.29,0.0
2026-07-12 04:30:00,F01,TRAP-A,22.84,97.42,16.01,0.0
2026-07-12 04:40:00,F01,TRAP-A,23.28,92.72,13.72,0.0
2026-07-12 04:50:00,F01,TRAP-A,24.99,91.01,12.83,0.0
2026-07-12 05:00:00,F01,TRAP-A,23.71,84.95,13.01,0.0
2026-07-12 05:10:00,F01,TRAP-A,22.58,84.77,13.17,0.0
2026-07-12 05:20:00,F01,TRAP-A,24.18,88.13,12.73,0.0
2026-07-12 05:30:00,F01,TRAP-A,24.32,82.46,17.69,0.0
2026-07-12 05:40:00,F01,TRAP-A,25.51,87.71,12.2,0.0
2026-07-12 05:50:00,F01,TRAP-A,24.73,80.27,13.57,0.0
2026-07-12 06:00:00,F01,TRAP-A,24.55,87.92,16.13,0.0
2026-07-12 06:10:00,F01,TRAP-A,25.9,83.65,12.0,0.0
2026-07-12 06:20:00,F01,TRAP-A,25.34,84.18,18.28,0.0
2026-07-12 06:30:00,F01,TRAP-A,24.82,81.38,15.62,0.0
2026-07-12 06:40:00,F01,TRAP-A,26.53,77.89,12.14,0.0
2026-07-12 06:50:00,F01,TRAP-A,25.95,85.09,18.63,0.0
2026-07-12 07:00:00,F01,TRAP-A,25.99,84.71,13.83,0.0
2026-07-12 07:10:00,F01,TRAP-A,26.32,79.85,14.94,0.0
2026-07-12 07:20:00,F01,TRAP-A,25.52,81.74,18.12,0.0
2026-07-12 07:30:00,F01,TRAP-A,26.15,78.46,18.03,0.0
2026-07-12 07:40:00,F01,TRAP-A,26.77,79.5,13.14,0.0
2026-07-12 07:50:00,F01,TRAP-A,26.81,80.03,12.3,0.0
2026-07-12 08:00:00,F01,TRAP-A,28.18,78.86,12.28,0.0
2026-07-12 08:10:00,F01,TRAP-A,27.53,80.17,15.65,0.0
2026-07-12 08:20:00,F01,TRAP-A,28.23,77.47,19.15,0.0
2026-07-12 08:30:00,F01,TRAP-A,27.75,75.59,11.31,0.0
2026-07-12 08:40:00,F01,TRAP-A,28.78,72.98,11.02,0.0
2026-07-12 08:50:00,F01,TRAP-A,28.45,73.05,16.05,0.0
2026-07-12 09:00:00,F01,TRAP-A,28.33,75.64,12.19,1.38
2026-07-12 09:10:00,F01,TRAP-A,28.49,69.24,11.57,0.0
2026-07-12 09:20:00,F01,TRAP-A,27.92,75.14,11.09,0.0
2026-07-12 09:30:00,F01,TRAP-A,29.27,71.07,11.6,0.0
2026-07-12 09:40:00,F01,TRAP-A,29.01,69.14,20.85,0.0
2026-07-12 09:50:00,F01,TRAP-A,28.82,67.86,21.36,0.0
2026-07-12 10:00:00,F01,TRAP-A,30.27,71.73,11.09,0.0
2026-07-12 10:10:00,F01,TRAP-A,28.55,69.46,19.67,0.0
2026-07-12 10:20:00,F01,TRAP-A,29.37,72.94,10.63,0.0
2026-07-12 10:30:00,F01,TRAP-A,30.69,65.3,15.18,0.0
2026-07-12 10:40:00,F01,TRAP-A,30.26,66.52,9.95,0.0
2026-07-12 10:50:00,F01,TRAP-A,30.12,67.25,14.32,0.0
2026-07-12 11:00:00,F01,TRAP-A,30.49,65.15,10.21,0.0
2026-07-12 11:10:00,F01,TRAP-A,30.57,66.61,9.38,0.0
2026-07-12 11:20:00,F01,TRAP-A,29.33,66.98,16.75,0.0
2026-07-12 11:30:00,F01,TRAP-A,30.38,67.0,9.11,0.0
2026-07-12 11:40:00,F01,TRAP-A,32.07,69.18,22.63,0.0
2026-07-12 11:50:00,F01,TRAP-A,30.35,61.82,8.38,0.0
2026-07-12 12:00:00,F01,TRAP-A,30.72,65.6,7.89,0.0
2026-07-12 12:10:00,F01,TRAP-A,30.63,62.84,13.82,0.0
2026-07-12 12:20:00,F01,TRAP-A,31.07,65.27,10.16,0.0
2026-07-12 12:30:00,F01,TRAP-A,30.75,65.03,8.98,0.0
2026-07-12 12:40:00,F01,TRAP-A,31.67,61.27,7.42,0.0
2026-07-12 12:50:00,F01,TRAP-A,31.49,61.29,9.56,0.0
2026-07-12 13:00:00,F01,TRAP-A,32.0,64.66,8.33,0.0
2026-07-12 13:10:00,F01,TRAP-A,30.58,63.31,8.65,0.0
2026-07-12 13:20:00,F01,TRAP-A,31.18,62.6,9.49,0.0
2026-07-12 13:30:00,F01,TRAP-A,31.3,64.71,9.4,0.0
2026-07-12 13:40:00,F01,TRAP-A,31.86,64.85,15.88,0.0
2026-07-12 13:50:00,F01,TRAP-A,30.87,61.68,9.22,0.0
2026-07-12 14:00:00,F01,TRAP-A,32.23,60.88,7.12,0.0
2026-07-12 14:10:00,F01,TRAP-A,32.44,59.89,6.93,0.0
2026-07-12 14:20:00,F01,TRAP-A,30.68,63.2,7.54,0.0
2026-07-12 14:30:00,F01,TRAP-A,31.05,59.65,6.36,0.0
2026-07-12 14:40:00,F01,TRAP-A,30.98,63.58,6.74,0.0
2026-07-12 14:50:00,F01,TRAP-A,33.46,66.52,10.73,0.0
2026-07-12 15:00:00,F01,TRAP-A,30.96,62.77,10.97,0.0
2026-07-12 15:10:00,F01,TRAP-A,32.58,62.52,7.92,0.0
2026-07-12 15:20:00,F01,TRAP-A,30.16,69.09,7.47,0.0
2026-07-12 15:30:00,F01,TRAP-A,30.3,68.13,6.41,0.0
2026-07-12 15:40:00,F01,TRAP-A,30.46,62.73,7.68,0.0
2026-07-12 15:50:00,F01,TRAP-A,30.24,65.29,9.47,0.0
2026-07-12 16:00:00,F01,TRAP-A,30.6,66.1,8.48,0.0
2026-07-12 16:10:00,F01,TRAP-A,30.14,66.15,4.5,0.0
2026-07-12 16:20:00,F01,TRAP-A,29.94,70.56,8.26,0.0
2026-07-12 16:30:00,F01,TRAP-A,31.4,66.65,8.07,0.0
2026-07-12 16:40:00,F01,TRAP-A,31.32,67.45,4.51,0.0
2026-07-12 16:50:00,F01,TRAP-A,30.97,69.03,4.63,0.0
2026-07-12 17:00:00,F01,TRAP-A,30.49,70.75,8.75,0.0
2026-07-12 17:10:00,F01,TRAP-A,30.0,70.6,6.52,0.0
2026-07-12 17:20:00,F01,TRAP-A,29.37,70.11,9.21,0.0
2026-07-12 17:30:00,F01,TRAP-A,28.85,65.4,4.63,0.0
2026-07-12 17:40:00,F01,TRAP-A,29.74,68.61,4.1,0.0
2026-07-12 17:50:00,F01,TRAP-A,28.34,72.44,4.53,0.0
2026-07-12 18:00:00,F01,TRAP-A,28.32,71.59,5.81,0.0
2026-07-12 18:10:00,F01,TRAP-A,29.86,73.61,6.24,0.0
2026-07-12 18:20:00,F01,TRAP-A,30.28,76.86,9.88,0.0
2026-07-12 18:30:00,F01,TRAP-A,28.89,69.81,7.83,0.0
2026-07-12 18:40:00,F01,TRAP-A,29.27,76.21,18.02,0.0
2026-07-12 18:50:00,F01,TRAP-A,28.0,73.17,4.37,0.0
2026-07-12 19:00:00,F01,TRAP-A,26.94,76.97,4.59,0.0
2026-07-12 19:10:00,F01,TRAP-A,28.31,75.17,4.49,0.0
2026-07-12 19:20:00,F01,TRAP-A,28.08,81.24,6.61,0.0
2026-07-12 19:30:00,F01,TRAP-A,27.49,76.89,5.29,0.0
2026-07-12 19:40:00,F01,TRAP-A,27.04,75.62,7.89,0.0
2026-07-12 19:50:00,F01,TRAP-A,27.81,78.92,4.95,0.0
2026-07-12 20:00:00,F01,TRAP-A,26.05,79.34,4.94,0.0
2026-07-12 20:10:00,F01,TRAP-A,26.03,82.03,6.55,0.0
2026-07-12 20:20:00,F01,TRAP-A,25.64,80.95,6.22,0.0
2026-07-12 20:30:00,F01,TRAP-A,26.32,86.67,10.22,0.0
2026-07-12 20:40:00,F01,TRAP-A,25.19,80.85,10.48,0.0
2026-07-12 20:50:00,F01,TRAP-A,25.32,81.51,5.52,0.0
2026-07-12 21:00:00,F01,TRAP-A,25.12,80.88,10.29,0.0
2026-07-12 21:10:00,F01,TRAP-A,25.29,83.23,7.89,0.0
2026-07-12 21:20:00,F01,TRAP-A,24.12,84.2,7.64,0.0
2026-07-12 21:30:00,F01,TRAP-A,25.2,84.93,5.98,0.0
2026-07-12 21:40:00,F01,TRAP-A,25.95,84.98,9.86,0.0
2026-07-12 21:50:00,F01,TRAP-A,24.89,83.87,6.16,0.0
2026-07-12 22:00:00,F01,TRAP-A,25.85,83.75,7.1,0.0
2026-07-12 22:10:00,F01,TRAP-A,25.52,85.56,6.58,0.51
2026-07-12 22:20:00,F01,TRAP-A,24.91,89.89,8.71,0.0
2026-07-12 22:30:00,F01,TRAP-A,24.2,90.94,9.71,0.0
2026-07-12 22:40:00,F01,TRAP-A,24.01,87.85,13.41,0.0
2026-07-12 22:50:00,F01,TRAP-A,24.46,86.16,10.9,1.43
2026-07-12 23:00:00,F01,TRAP-A,23.39,88.77,16.84,0.0
2026-07-12 23:10:00,F01,TRAP-A,22.07,94.64,11.57,0.0
2026-07-12 23:20:00,F01,TRAP-A,23.85,92.32,8.51,0.0
2026-07-12 23:30:00,F01,TRAP-A,22.43,91.59,10.0,0.0
2026-07-12 23:40:00,F01,TRAP-A,22.46,92.99,9.63,0.0
2026-07-12 23:50:00,F01,TRAP-A,23.12,94.78,10.47,0.01
2026-07-13 00:00:00,F01,TRAP-A,22.95,88.37,10.69,0.0
2026-07-13 00:10:00,F01,TRAP-A,21.81,90.56,11.95,0.0
2026-07-13 00:20:00,F01,TRAP-A,22.99,90.49,8.75,0.0
2026-07-13 00:30:00,F01,TRAP-A,23.56,93.52,12.78,0.0
2026-07-13 00:40:00,F01,TRAP-A,21.82,92.67,9.3,0.0
2026-07-13 00:50:00,F01,TRAP-A,23.68,94.35,9.08,0.0
2026-07-13 01:00:00,F01,TRAP-A,21.37,91.35,11.37,0.0
2026-07-13 01:10:00,F01,TRAP-A,24.27,96.18,11.95,0.0
2026-07-13 01:20:00,F01,TRAP-A,22.21,92.68,9.61,0.0
2026-07-13 01:30:00,F01,TRAP-A,22.64,94.67,11.83,0.0
2026-07-13 01:40:00,F01,TRAP-A,20.99,95.97,12.11,1.25
2026-07-13 01:50:00,F01,TRAP-A,22.45,95.79,10.13,0.0
2026-07-13 02:00:00,F01,TRAP-A,22.69,93.89,13.85,0.0
2026-07-13 02:10:00,F01,TRAP-A,22.45,95.0,10.98,0.0
2026-07-13 02:20:00,F01,TRAP-A,22.08,97.24,15.16,0.0
2026-07-13 02:30:00,F01,TRAP-A,21.8,94.08,11.66,0.0
2026-07-13 02:40:00,F01,TRAP-A,23.5,90.85,12.63,2.06
2026-07-13 02:50:00,F01,TRAP-A,22.67,93.98,17.48,0.0
2026-07-13 03:00:00,F01,TRAP-A,23.93,92.25,15.85,0.0
2026-07-13 03:10:00,F01,TRAP-A,22.34,86.27,15.61,0.0
2026-07-13 03:20:00,F01,TRAP-A,22.48,93.06,11.68,0.0
2026-07-13 03:30:00,F01,TRAP-A,23.56,91.94,11.41,0.0
2026-07-13 03:40:00,F01,TRAP-A,21.69,94.25,14.15,0.0
2026-07-13 03:50:00,F01,TRAP-A,22.11,89.18,13.03,0.0
2026-07-13 04:00:00,F01,TRAP-A,24.06,86.95,18.73,0.0
2026-07-13 04:10:00,F01,TRAP-A,22.36,90.78,12.9,0.0
2026-07-13 04:20:00,F01,TRAP-A,21.95,90.92,13.27,0.0
2026-07-13 04:30:00,F01,TRAP-A,25.02,89.8,13.99,0.0
2026-07-13 04:40:00,F01,TRAP-A,22.54,89.19,16.58,0.0
2026-07-13 04:50:00,F01,TRAP-A,23.94,86.02,12.79,0.0
2026-07-13 05:00:00,F01,TRAP-A,23.99,87.88,20.43,0.0
2026-07-13 05:10:00,F01,TRAP-A,21.83,86.86,14.26,0.0
2026-07-13 05:20:00,F01,TRAP-A,24.02,89.91,17.48,0.0
2026-07-13 05:30:00,F01,TRAP-A,24.75,87.65,14.22,0.0
2026-07-13 05:40:00,F01,TRAP-A,24.83,85.47,16.43,0.0
2026-07-13 05:50:00,F01,TRAP-A,25.44,89.91,12.16,0.0
2026-07-13 06:00:00,F01,TRAP-A,24.58,84.36,16.81,0.0
2026-07-13 06:10:00,F01,TRAP-A,25.64,85.84,14.21,0.0
2026-07-13 06:20:00,F01,TRAP-A,24.69,83.44,13.76,0.0
2026-07-13 06:30:00,F01,TRAP-A,24.3,87.32,12.3,0.0
2026-07-13 06:40:00,F01,TRAP-A,24.57,82.84,15.97,0.0
2026-07-13 06:50:00,F01,TRAP-A,24.63,82.29,12.29,0.0
2026-07-13 07:00:00,F01,TRAP-A,26.8,81.02,12.47,0.0
2026-07-13 07:10:00,F01,TRAP-A,24.97,81.22,12.18,0.0
2026-07-13 07:20:00,F01,TRAP-A,26.6,83.08,11.73,0.0
2026-07-13 07:30:00,F01,TRAP-A,26.36,81.54,14.89,0.0
2026-07-13 07:40:00,F01,TRAP-A,26.69,78.85,12.51,0.0
2026-07-13 07:50:00,F01,TRAP-A,28.05,82.37,11.97,0.0
2026-07-13 08:00:00,F01,TRAP-A,26.81,79.65,12.55,0.0
2026-07-13 08:10:00,F01,TRAP-A,27.85,75.72,13.37,0.0
2026-07-13 08:20:00,F01,TRAP-A,27.58,72.71,13.29,0.0
2026-07-13 08:30:00,F01,TRAP-A,27.62,74.48,12.46,0.0
2026-07-13 08:40:00,F01,TRAP-A,29.78,75.9,13.02,0.0
2026-07-13 08:50:00,F01,TRAP-A,26.98,75.73,12.52,0.0
2026-07-13 09:00:00,F01,TRAP-A,29.35,77.0,15.92,0.0
2026-07-13 09:10:00,F01,TRAP-A,29.03,70.25,10.69,0.0
2026-07-13 09:20:00,F01,TRAP-A,28.3,71.27,16.54,0.0
2026-07-13 09:30:00,F01,TRAP-A,30.17,68.83,11.16,0.0
2026-07-13 09:40:00,F01,TRAP-A,27.57,67.83,14.01,0.0
2026-07-13 09:50:00,F01,TRAP-A,28.8,69.04,11.59,0.0
2026-07-13 10:00:00,F01,TRAP-A,28.42,70.96,10.92,0.46
2026-07-13 10:10:00,F01,TRAP-A,29.88,71.42,12.59,0.0
2026-07-13 10:20:00,F01,TRAP-A,28.82,66.59,13.95,5.96
2026-07-13 10:30:00,F01,TRAP-A,30.21,66.43,11.19,0.0
2026-07-13 10:40:00,F01,TRAP-A,29.86,63.51,11.12,0.0
2026-07-13 10:50:00,F01,TRAP-A,29.77,68.01,9.25,0.0
2026-07-13 11:00:00,F01,TRAP-A,30.6,65.19,16.63,0.0
2026-07-13 11:10:00,F01,TRAP-A,30.21,70.74,14.36,4.55
2026-07-13 11:20:00,F01,TRAP-A,29.68,67.2,10.08,0.0
2026-07-13 11:30:00,F01,TRAP-A,32.91,65.35,12.72,0.0
2026-07-13 11:40:00,F01,TRAP-A,30.39,63.81,9.33,0.0
2026-07-13 11:50:00,F01,TRAP-A,29.1,61.33,11.96,2.58
2026-07-13 12:00:00,F01,TRAP-A,30.3,61.33,10.04,0.0
2026-07-13 12:10:00,F01,TRAP-A,30.05,62.9,9.54,0.0
2026-07-13 12:20:00,F01,TRAP-A,31.8,62.44,7.68,0.0
2026-07-13 12:30:00,F01,TRAP-A,31.47,61.45,17.43,0.0
2026-07-13 12:40:00,F01,TRAP-A,31.6,64.67,12.61,0.0
2026-07-13 12:50:00,F01,TRAP-A,31.04,64.83,11.73,0.0
2026-07-13 13:00:00,F01,TRAP-A,31.16,62.24,7.92,0.0
2026-07-13 13:10:00,F01,TRAP-A,31.13,68.09,7.69,0.0
2026-07-13 13:20:00,F01,TRAP-A,31.39,58.78,9.05,0.0
2026-07-13 13:30:00,F01,TRAP-A,32.15,63.21,11.96,0.0
2026-07-13 13:40:00,F01,TRAP-A,31.76,62.47,14.36,0.0
2026-07-13 13:50:00,F01,TRAP-A,31.9,61.62,6.97,0.0
2026-07-13 14:00:00,F01,TRAP-A,31.9,61.27,8.68,0.0
2026-07-13 14:10:00,F01,TRAP-A,32.19,63.03,9.59,0.0
2026-07-13 14:20:00,F01,TRAP-A,31.7,62.55,6.36,0.0
2026-07-13 14:30:00,F01,TRAP-A,31.72,62.23,7.02,0.0
2026-07-13 14:40:00,F01,TRAP-A,32.35,60.08,5.94,0.0
2026-07-13 14:50:00,F01,TRAP-A,30.82,59.44,8.8,0.0
2026-07-13 15:00:00,F01,TRAP-A,30.62,62.94,11.05,0.0
2026-07-13 15:10:00,F01,TRAP-A,30.29,62.86,11.26,0.0
2026-07-13 15:20:00,F01,TRAP-A,31.32,63.6,8.17,0.0
2026-07-13 15:30:00,F01,TRAP-A,29.61,64.08,6.02,0.0
2026-07-13 15:40:00,F01,TRAP-A,31.38,63.33,7.89,0.0
2026-07-13 15:50:00,F01,TRAP-A,30.83,64.42,10.54,0.0
2026-07-13 16:00:00,F01,TRAP-A,31.72,63.15,7.42,0.0
2026-07-13 16:10:00,F01,TRAP-A,30.17,69.45,5.99,0.0
2026-07-13 16:20:00,F01,TRAP-A,30.43,64.03,11.89,0.0
2026-07-13 16:30:00,F01,TRAP-A,31.37,65.51,9.66,0.0
2026-07-13 16:40:00,F01,TRAP-A,31.45,65.05,10.62,0.0
2026-07-13 16:50:00,F01,TRAP-A,29.66,65.46,11.15,0.0
2026-07-13 17:00:00,F01,TRAP-A,30.21,67.84,5.6,0.0
2026-07-13 17:10:00,F01,TRAP-A,30.16,68.01,9.96,0.0
2026-07-13 17:20:00,F01,TRAP-A,30.07,67.63,6.57,0.0
2026-07-13 17:30:00,F01,TRAP-A,29.4,68.59,4.13,0.0
2026-07-13 17:40:00,F01,TRAP-A,30.47,68.04,7.04,0.0
2026-07-13 17:50:00,F01,TRAP-A,27.77,71.4,5.91,0.0
2026-07-13 18:00:00,F01,TRAP-A,28.77,76.11,4.97,0.0
2026-07-13 18:10:00,F01,TRAP-A,29.29,69.37,14.57,0.0
2026-07-13 18:20:00,F01,TRAP-A,29.12,73.14,4.2,0.0
2026-07-13 18:30:00,F01,TRAP-A,29.65,72.87,12.8,0.0
2026-07-13 18:40:00,F01,TRAP-A,29.35,75.05,4.61,0.0
2026-07-13 18:50:00,F01,TRAP-A,27.97,75.75,5.55,0.0
2026-07-13 19:00:00,F01,TRAP-A,29.05,75.15,5.8,0.0
2026-07-13 19:10:00,F01,TRAP-A,27.24,75.18,8.17,0.0
2026-07-13 19:20:00,F01,TRAP-A,28.37,74.84,5.02,5.43
2026-07-13 19:30:00,F01,TRAP-A,28.88,74.66,17.19,0.0
2026-07-13 19:40:00,F01,TRAP-A,28.2,76.99,8.58,0.0
2026-07-13 19:50:00,F01,TRAP-A,27.12,74.67,9.2,1.87
2026-07-13 20:00:00,F01,TRAP-A,26.57,77.05,4.95,0.0
2026-07-13 20:10:00,F01,TRAP-A,25.42,81.96,6.65,0.0
2026-07-13 20:20:00,F01,TRAP-A,26.7,80.09,13.54,0.0
2026-07-13 20:30:00,F01,TRAP-A,25.36,82.72,5.86,0.0
2026-07-13 20:40:00,F01,TRAP-A,25.43,84.81,5.5,0.0
2026-07-13 20:50:00,F01,TRAP-A,24.92,81.33,7.14,0.0
2026-07-13 21:00:00,F01,TRAP-A,25.31,82.92,13.27,0.0
2026-07-13 21:10:00,F01,TRAP-A,25.47,82.27,7.41,0.0
2026-07-13 21:20:00,F01,TRAP-A,25.53,81.6,7.1,0.0
2026-07-13 21:30:00,F01,TRAP-A,24.65,81.85,8.83,0.0
2026-07-13 21:40:00,F01,TRAP-A,25.81,86.93,14.11,0.0
2026-07-13 21:50:00,F01,TRAP-A,24.61,85.92,6.12,0.0
2026-07-13 22:00:00,F01,TRAP-A,23.98,90.58,6.62,0.0
2026-07-13 22:10:00,F01,TRAP-A,24.63,88.94,6.71,0.0
2026-07-13 22:20:00,F01,TRAP-A,25.86,85.21,6.71,0.0
2026-07-13 22:30:00,F01,TRAP-A,24.4,89.65,7.68,0.0
2026-07-13 22:40:00,F01,TRAP-A,23.7,87.28,7.55,0.0
2026-07-13 22:50:00,F01,TRAP-A,22.62,91.57,9.32,0.0
2026-07-13 23:00:00,F01,TRAP-A,23.53,87.76,8.29,0.0
2026-07-13 23:10:00,F01,TRAP-A,23.76,86.78,8.83,0.0
2026-07-13 23:20:00,F01,TRAP-A,23.14,87.84,15.98,0.0
2026-07-13 23:30:00,F01,TRAP-A,22.0,88.36,8.13,4.38
2026-07-13 23:40:00,F01,TRAP-A,22.54,88.49,9.27,0.0
2026-07-13 23:50:00,F01,TRAP-A,24.28,89.5,8.86,0.0
2026-07-14 00:00:00,F01,TRAP-A,24.17,93.39,10.53,0.0
2026-07-14 00:10:00,F01,TRAP-A,22.23,96.04,12.32,0.0
2026-07-14 00:20:00,F01,TRAP-A,23.39,88.49,13.59,0.0
2026-07-14 00:30:00,F01,TRAP-A,21.84,95.21,10.84,0.0
2026-07-14 00:40:00,F01,TRAP-A,23.84,91.08,14.63,0.0
2026-07-14 00:50:00,F01,TRAP-A,22.86,93.33,13.62,0.0
2026-07-14 01:00:00,F01,TRAP-A,23.37,88.48,9.69,0.0
2026-07-14 01:10:00,F01,TRAP-A,21.2,94.06,10.18,0.0
2026-07-14 01:20:00,F01,TRAP-A,23.09,87.84,12.84,0.0
2026-07-14 01:30:00,F01,TRAP-A,22.51,93.72,20.7,0.0
2026-07-14 01:40:00,F01,TRAP-A,23.19,93.62,11.23,0.0
2026-07-14 01:50:00,F01,TRAP-A,23.23,93.48,10.76,0.0
2026-07-14 02:00:00,F01,TRAP-A,22.56,91.15,16.22,0.0
2026-07-14 02:10:00,F01,TRAP-A,22.03,94.33,10.94,0.0
2026-07-14 02:20:00,F01,TRAP-A,23.16,93.86,14.0,0.0
2026-07-14 02:30:00,F01,TRAP-A,22.51,92.27,10.65,0.0
2026-07-14 02:40:00,F01,TRAP-A,21.9,94.35,10.74,0.0
2026-07-14 02:50:00,F01,TRAP-A,21.91,92.28,12.61,0.0
2026-07-14 03:00:00,F01,TRAP-A,21.52,93.66,14.13,0.0
2026-07-14 03:10:00,F01,TRAP-A,22.35,91.82,11.51,0.0
2026-07-14 03:20:00,F01,TRAP-A,23.71,92.44,15.48,0.0
2026-07-14 03:30:00,F01,TRAP-A,23.05,93.08,11.67,0.0
2026-07-14 03:40:00,F01,TRAP-A,22.57,90.36,13.65,0.0
2026-07-14 03:50:00,F01,TRAP-A,23.73,87.96,12.55,0.0
2026-07-14 04:00:00,F01,TRAP-A,22.52,91.4,15.72,0.0
2026-07-14 04:10:00,F01,TRAP-A,23.37,93.33,16.5,0.0
2026-07-14 04:20:00,F01,TRAP-A,23.27,90.72,11.89,0.0
2026-07-14 04:30:00,F01,TRAP-A,24.15,90.36,12.39,0.0
2026-07-14 04:40:00,F01,TRAP-A,22.4,89.03,18.5,0.0
2026-07-14 04:50:00,F01,TRAP-A,23.11,90.54,13.47,0.0
2026-07-14 05:00:00,F01,TRAP-A,22.62,87.75,13.84,0.0
2026-07-14 05:10:00,F01,TRAP-A,23.87,86.59,12.49,0.0
2026-07-14 05:20:00,F01,TRAP-A,25.2,89.99,27.79,0.0
2026-07-14 05:30:00,F01,TRAP-A,23.99,85.37,19.68,0.0
2026-07-14 05:40:00,F01,TRAP-A,24.14,88.38,12.0,0.0
2026-07-14 05:50:00,F01,TRAP-A,25.42,88.36,14.4,0.0
2026-07-14 06:00:00,F01,TRAP-A,25.75,86.44,18.17,0.0
2026-07-14 06:10:00,F01,TRAP-A,25.0,81.32,13.68,0.0
2026-07-14 06:20:00,F01,TRAP-A,25.79,83.91,13.69,0.0
2026-07-14 06:30:00,F01,TRAP-A,24.57,82.73,13.38,0.0
2026-07-14 06:40:00,F01,TRAP-A,26.72,81.38,12.0,0.0
2026-07-14 06:50:00,F01,TRAP-A,27.52,82.35,16.56,0.0
2026-07-14 07:00:00,F01,TRAP-A,26.41,83.28,13.65,0.0
2026-07-14 07:10:00,F01,TRAP-A,24.52,79.57,14.04,0.0
2026-07-14 07:20:00,F01,TRAP-A,25.93,79.64,12.59,0.0
2026-07-14 07:30:00,F01,TRAP-A,27.06,78.82,16.24,0.0
2026-07-14 07:40:00,F01,TRAP-A,26.43,81.68,16.3,0.0
2026-07-14 07:50:00,F01,TRAP-A,27.98,77.47,13.89,0.0
2026-07-14 08:00:00,F01,TRAP-A,27.63,74.37,18.44,4.18
2026-07-14 08:10:00,F01,TRAP-A,26.79,72.87,11.66,0.0
2026-07-14 08:20:00,F01,TRAP-A,27.58,77.06,15.83,0.0
2026-07-14 08:30:00,F01,TRAP-A,27.03,73.61,13.54,0.0
2026-07-14 08:40:00,F01,TRAP-A,27.79,76.54,11.76,0.0
2026-07-14 08:50:00,F01,TRAP-A,27.69,70.9,11.28,0.0
2026-07-14 09:00:00,F01,TRAP-A,29.26,72.25,11.8,0.0
2026-07-14 09:10:00,F01,TRAP-A,30.2,69.65,16.41,0.0
2026-07-14 09:20:00,F01,TRAP-A,27.55,73.45,15.11,0.0
2026-07-14 09:30:00,F01,TRAP-A,27.33,73.39,13.43,0.0
2026-07-14 09:40:00,F01,TRAP-A,28.85,72.02,10.46,0.0
2026-07-14 09:50:00,F01,TRAP-A,28.01,67.88,19.32,0.0
2026-07-14 10:00:00,F01,TRAP-A,29.43,68.17,10.97,0.0
2026-07-14 10:10:00,F01,TRAP-A,30.15,70.08,12.52,0.0
2026-07-14 10:20:00,F01,TRAP-A,30.91,64.74,14.43,0.0
2026-07-14 10:30:00,F01,TRAP-A,30.03,67.84,9.82,0.0
2026-07-14 10:40:00,F01,TRAP-A,29.86,71.74,12.4,0.0
2026-07-14 10:50:00,F01,TRAP-A,28.58,67.02,9.16,0.0
2026-07-14 11:00:00,F01,TRAP-A,30.32,63.3,9.22,0.0
2026-07-14 11:10:00,F01,TRAP-A,30.48,65.06,12.58,0.0
2026-07-14 11:20:00,F01,TRAP-A,31.06,64.59,9.06,0.0
2026-07-14 11:30:00,F01,TRAP-A,30.1,71.13,10.14,0.0
2026-07-14 11:40:00,F01,TRAP-A,30.43,69.57,9.06,0.0
2026-07-14 11:50:00,F01,TRAP-A,29.7,66.89,9.67,0.0
2026-07-14 12:00:00,F01,TRAP-A,29.14,63.89,8.1,0.0
2026-07-14 12:10:00,F01,TRAP-A,30.18,67.45,11.9,0.0
2026-07-14 12:20:00,F01,TRAP-A,29.89,61.35,7.75,0.0
2026-07-14 12:30:00,F01,TRAP-A,31.49,66.63,12.79,0.0
2026-07-14 12:40:00,F01,TRAP-A,30.87,66.05,10.42,0.0
2026-07-14 12:50:00,F01,TRAP-A,30.91,63.16,8.61,0.0
2026-07-14 13:00:00,F01,TRAP-A,30.6,66.23,12.87,0.0
2026-07-14 13:10:00,F01,TRAP-A,28.84,62.13,7.28,0.0
2026-07-14 13:20:00,F01,TRAP-A,32.66,59.98,7.42,0.0
2026-07-14 13:30:00,F01,TRAP-A,30.68,65.51,6.78,0.0
2026-07-14 13:40:00,F01,TRAP-A,31.16,62.81,7.62,0.0
2026-07-14 13:50:00,F01,TRAP-A,30.34,64.5,18.99,0.0
2026-07-14 14:00:00,F01,TRAP-A,32.27,67.56,6.4,0.0
2026-07-14 14:10:00,F01,TRAP-A,31.6,61.24,11.06,0.0
2026-07-14 14:20:00,F01,TRAP-A,30.8,62.76,8.75,0.0
2026-07-14 14:30:00,F01,TRAP-A,31.12,67.13,5.5,0.0
2026-07-14 14:40:00,F01,TRAP-A,32.74,65.0,14.01,0.0
2026-07-14 14:50:00,F01,TRAP-A,31.3,61.73,15.82,0.0
2026-07-14 15:00:00,F01,TRAP-A,31.16,61.27,12.84,0.0
2026-07-14 15:10:00,F01,TRAP-A,30.49,62.55,7.04,0.0
2026-07-14 15:20:00,F01,TRAP-A,29.65,62.25,5.59,0.0
2026-07-14 15:30:00,F01,TRAP-A,30.96,64.95,6.23,0.0
2026-07-14 15:40:00,F01,TRAP-A,31.27,64.84,7.5,0.0
2026-07-14 15:50:00,F01,TRAP-A,31.79,65.65,5.98,10.27
2026-07-14 16:00:00,F01,TRAP-A,29.01,63.19,8.16,0.0
2026-07-14 16:10:00,F01,TRAP-A,29.81,65.47,9.15,0.0
2026-07-14 16:20:00,F01,TRAP-A,30.13,60.89,5.02,1.4
2026-07-14 16:30:00,F01,TRAP-A,30.47,66.8,5.81,0.0
2026-07-14 16:40:00,F01,TRAP-A,30.22,69.8,13.69,0.0
2026-07-14 16:50:00,F01,TRAP-A,30.11,63.75,5.01,0.0
2026-07-14 17:00:00,F01,TRAP-A,30.39,68.99,5.38,0.0
2026-07-14 17:10:00,F01,TRAP-A,29.2,66.75,4.17,0.0
2026-07-14 17:20:00,F01,TRAP-A,30.51,70.79,5.25,0.0
2026-07-14 17:30:00,F01,TRAP-A,29.96,69.7,5.41,0.0
2026-07-14 17:40:00,F01,TRAP-A,29.19,70.86,4.32,0.0
2026-07-14 17:50:00,F01,TRAP-A,30.56,70.57,4.0,0.0
2026-07-14 18:00:00,F01,TRAP-A,30.35,74.3,6.57,0.0
2026-07-14 18:10:00,F01,TRAP-A,29.68,72.43,5.09,0.0
2026-07-14 18:20:00,F01,TRAP-A,26.34,70.39,4.08,1.44
2026-07-14 18:30:00,F01,TRAP-A,29.83,73.01,9.95,0.0
2026-07-14 18:40:00,F01,TRAP-A,29.02,72.46,6.72,0.0
2026-07-14 18:50:00,F01,TRAP-A,29.8,74.42,4.69,0.0
2026-07-14 19:00:00,F01,TRAP-A,29.0,73.6,10.19,0.0
2026-07-14 19:10:00,F01,TRAP-A,29.08,73.59,5.11,0.0
2026-07-14 19:20:00,F01,TRAP-A,28.32,76.43,5.07,0.0
2026-07-14 19:30:00,F01,TRAP-A,28.5,76.72,11.11,0.0
2026-07-14 19:40:00,F01,TRAP-A,28.82,79.9,5.03,0.0
2026-07-14 19:50:00,F01,TRAP-A,27.21,76.85,10.86,0.0
2026-07-14 20:00:00,F01,TRAP-A,25.58,73.59,9.48,0.0
2026-07-14 20:10:00,F01,TRAP-A,26.39,78.29,5.82,0.0
2026-07-14 20:20:00,F01,TRAP-A,26.76,75.78,4.91,0.0
2026-07-14 20:30:00,F01,TRAP-A,26.31,81.54,5.18,0.0
2026-07-14 20:40:00,F01,TRAP-A,25.06,76.95,5.38,0.0
2026-07-14 20:50:00,F01,TRAP-A,24.56,79.31,11.79,0.0
2026-07-14 21:00:00,F01,TRAP-A,25.09,81.5,6.83,0.0
2026-07-14 21:10:00,F01,TRAP-A,26.14,86.89,5.51,0.0
2026-07-14 21:20:00,F01,TRAP-A,26.57,80.96,7.98,0.0
2026-07-14 21:30:00,F01,TRAP-A,25.86,84.27,6.38,0.0
2026-07-14 21:40:00,F01,TRAP-A,25.8,86.28,6.63,0.0
2026-07-14 21:50:00,F01,TRAP-A,24.71,89.11,6.5,0.0
2026-07-14 22:00:00,F01,TRAP-A,23.22,87.91,10.43,0.0
2026-07-14 22:10:00,F01,TRAP-A,24.08,89.25,6.28,0.0
2026-07-14 22:20:00,F01,TRAP-A,24.08,89.21,8.18,0.0
2026-07-14 22:30:00,F01,TRAP-A,23.74,84.53,6.88,0.0
2026-07-14 22:40:00,F01,TRAP-A,24.03,88.95,9.18,0.0
2026-07-14 22:50:00,F01,TRAP-A,24.19,90.65,8.21,0.0
2026-07-14 23:00:00,F01,TRAP-A,24.39,86.59,7.19,0.0
2026-07-14 23:10:00,F01,TRAP-A,23.35,87.97,9.13,0.0
2026-07-14 23:20:00,F01,TRAP-A,21.93,87.83,9.99,0.0
2026-07-14 23:30:00,F01,TRAP-A,22.95,92.16,8.48,0.0
2026-07-14 23:40:00,F01,TRAP-A,23.26,90.42,12.15,0.0
2026-07-14 23:50:00,F01,TRAP-A,24.1,90.13,9.36,0.0
2026-07-15 00:00:00,F01,TRAP-A,22.57,88.05,12.3,0.0
2026-07-15 00:10:00,F01,TRAP-A,23.35,91.38,10.92,0.0
2026-07-15 00:20:00,F01,TRAP-A,23.09,90.4,14.6,0.0
2026-07-15 00:30:00,F01,TRAP-A,22.82,92.67,11.04,6.31
2026-07-15 00:40:00,F01,TRAP-A,23.46,89.42,9.45,0.0
2026-07-15 00:50:00,F01,TRAP-A,22.13,92.91,14.2,0.0
2026-07-15 01:00:00,F01,TRAP-A,22.15,91.52,13.76,0.0
2026-07-15 01:10:00,F01,TRAP-A,22.56,89.63,20.11,0.0
2026-07-15 01:20:00,F01,TRAP-A,22.03,89.54,9.8,0.0
2026-07-15 01:30:00,F01,TRAP-A,22.93,89.99,12.35,0.0
2026-07-15 01:40:00,F01,TRAP-A,21.94,92.46,11.85,0.0
2026-07-15 01:50:00,F01,TRAP-A,22.68,93.3,13.31,0.0
2026-07-15 02:00:00,F01,TRAP-A,22.42,93.66,21.89,0.0
2026-07-15 02:10:00,F01,TRAP-A,22.69,93.72,12.55,0.0
2026-07-15 02:20:00,F01,TRAP-A,22.17,90.99,13.88,0.0
2026-07-15 02:30:00,F01,TRAP-A,22.29,95.44,11.83,0.0
2026-07-15 02:40:00,F01,TRAP-A,22.68,91.56,11.75,0.0
2026-07-15 02:50:00,F01,TRAP-A,22.81,93.64,12.03,0.0
2026-07-15 03:00:00,F01,TRAP-A,22.7,91.93,11.05,0.0
2026-07-15 03:10:00,F01,TRAP-A,24.12,93.07,12.05,0.0
2026-07-15 03:20:00,F01,TRAP-A,22.04,91.36,11.73,0.0
2026-07-15 03:30:00,F01,TRAP-A,22.86,92.62,13.09,0.0
2026-07-15 03:40:00,F01,TRAP-A,21.73,91.34,13.21,0.0
2026-07-15 03:50:00,F01,TRAP-A,23.38,93.08,15.8,0.0
2026-07-15 04:00:00,F01,TRAP-A,22.3,88.66,13.63,0.0
2026-07-15 04:10:00,F01,TRAP-A,23.07,85.92,13.48,0.0
2026-07-15 04:20:00,F01,TRAP-A,23.11,87.53,12.47,0.0
2026-07-15 04:30:00,F01,TRAP-A,23.76,92.23,17.49,0.0
2026-07-15 04:40:00,F01,TRAP-A,23.22,88.75,12.09,0.0
2026-07-15 04:50:00,F01,TRAP-A,23.32,88.91,23.96,0.0
2026-07-15 05:00:00,F01,TRAP-A,25.08,85.58,13.84,0.0
2026-07-15 05:10:00,F01,TRAP-A,24.31,87.89,12.55,0.0
2026-07-15 05:20:00,F01,TRAP-A,23.79,84.66,13.27,0.0
2026-07-15 05:30:00,F01,TRAP-A,24.19,84.5,12.03,0.0
2026-07-15 05:40:00,F01,TRAP-A,25.87,85.14,12.54,0.0
2026-07-15 05:50:00,F01,TRAP-A,24.53,86.71,13.23,0.0
2026-07-15 06:00:00,F01,TRAP-A,24.34,86.4,14.42,0.0
2026-07-15 06:10:00,F01,TRAP-A,24.52,85.88,12.4,0.0
2026-07-15 06:20:00,F01,TRAP-A,24.81,79.87,15.35,0.0
2026-07-15 06:30:00,F01,TRAP-A,24.96,83.21,17.52,0.0
2026-07-15 06:40:00,F01,TRAP-A,24.59,82.12,14.46,0.0
2026-07-15 06:50:00,F01,TRAP-A,24.9,78.16,12.93,0.0
2026-07-15 07:00:00,F01,TRAP-A,25.33,81.39,12.21,4.67
2026-07-15 07:10:00,F01,TRAP-A,26.66,80.08,11.82,0.0
2026-07-15 07:20:00,F01,TRAP-A,26.08,81.34,15.65,0.0
2026-07-15 07:30:00,F01,TRAP-A,26.41,79.62,14.61,0.0
2026-07-15 07:40:00,F01,TRAP-A,27.79,77.39,13.5,0.0
2026-07-15 07:50:00,F01,TRAP-A,28.0,80.42,11.8,0.0
2026-07-15 08:00:00,F01,TRAP-A,26.94,71.9,12.08,0.0
2026-07-15 08:10:00,F01,TRAP-A,26.86,76.64,16.36,0.0
2026-07-15 08:20:00,F01,TRAP-A,26.86,71.74,13.15,0.0
2026-07-15 08:30:00,F01,TRAP-A,28.3,73.22,20.96,0.0
2026-07-15 08:40:00,F01,TRAP-A,27.78,76.17,30.0,0.0
2026-07-15 08:50:00,F01,TRAP-A,27.82,71.04,15.69,0.0
2026-07-15 09:00:00,F01,TRAP-A,27.67,70.03,11.62,0.0
2026-07-15 09:10:00,F01,TRAP-A,27.89,78.92,11.38,0.0
2026-07-15 09:20:00,F01,TRAP-A,28.95,68.96,11.34,0.0
2026-07-15 09:30:00,F01,TRAP-A,27.82,75.88,23.3,0.0
2026-07-15 09:40:00,F01,TRAP-A,29.85,70.74,11.4,0.0
2026-07-15 09:50:00,F01,TRAP-A,28.8,69.28,13.7,0.0
2026-07-15 10:00:00,F01,TRAP-A,29.27,71.45,19.46,0.0
2026-07-15 10:10:00,F01,TRAP-A,28.49,72.82,14.85,0.0
2026-07-15 10:20:00,F01,TRAP-A,29.7,66.09,12.29,0.0
2026-07-15 10:30:00,F01,TRAP-A,29.61,67.16,9.95,0.0
2026-07-15 10:40:00,F01,TRAP-A,29.98,70.06,9.81,0.0
2026-07-15 10:50:00,F01,TRAP-A,31.34,68.19,11.1,0.0
2026-07-15 11:00:00,F01,TRAP-A,30.44,69.77,18.0,0.0
2026-07-15 11:10:00,F01,TRAP-A,29.79,67.87,15.77,0.0
2026-07-15 11:20:00,F01,TRAP-A,29.98,70.68,9.1,0.0
2026-07-15 11:30:00,F01,TRAP-A,31.14,66.22,9.39,3.6
2026-07-15 11:40:00,F01,TRAP-A,31.82,65.96,10.87,0.0
2026-07-15 11:50:00,F01,TRAP-A,31.11,65.87,9.98,0.0
2026-07-15 12:00:00,F01,TRAP-A,31.53,64.39,8.23,0.0
2026-07-15 12:10:00,F01,TRAP-A,31.55,66.57,9.06,0.0
2026-07-15 12:20:00,F01,TRAP-A,32.28,64.78,16.79,0.0
2026-07-15 12:30:00,F01,TRAP-A,29.66,65.91,16.41,0.0
2026-07-15 12:40:00,F01,TRAP-A,31.82,66.09,9.62,0.0
2026-07-15 12:50:00,F01,TRAP-A,32.13,64.61,10.02,0.0
2026-07-15 13:00:00,F01,TRAP-A,30.32,64.63,7.58,0.0
2026-07-15 13:10:00,F01,TRAP-A,30.72,60.72,10.72,0.0
2026-07-15 13:20:00,F01,TRAP-A,30.78,61.77,6.66,0.0
2026-07-15 13:30:00,F01,TRAP-A,30.9,65.18,7.08,0.0
2026-07-15 13:40:00,F01,TRAP-A,31.11,66.58,6.2,0.0
2026-07-15 13:50:00,F01,TRAP-A,31.69,58.15,7.49,0.0
2026-07-15 14:00:00,F01,TRAP-A,32.19,61.59,11.57,0.0
2026-07-15 14:10:00,F01,TRAP-A,32.35,63.11,17.87,0.0
2026-07-15 14:20:00,F01,TRAP-A,30.8,60.92,8.89,0.0
2026-07-15 14:30:00,F01,TRAP-A,30.76,61.15,9.55,0.0
2026-07-15 14:40:00,F01,TRAP-A,32.45,64.52,6.23,0.0
2026-07-15 14:50:00,F01,TRAP-A,31.87,67.44,7.4,0.0
2026-07-15 15:00:00,F01,TRAP-A,31.37,58.58,9.07,0.0
2026-07-15 15:10:00,F01,TRAP-A,31.62,63.44,7.02,0.0
2026-07-15 15:20:00,F01,TRAP-A,31.15,65.26,5.12,0.0
2026-07-15 15:30:00,F01,TRAP-A,31.51,66.31,8.79,0.0
2026-07-15 15:40:00,F01,TRAP-A,30.74,65.44,5.39,0.0
2026-07-15 15:50:00,F01,TRAP-A,31.13,69.36,4.86,0.0
2026-07-15 16:00:00,F01,TRAP-A,29.6,65.37,6.42,0.0
2026-07-15 16:10:00,F01,TRAP-A,30.15,68.93,4.62,0.0
2026-07-15 16:20:00,F01,TRAP-A,30.05,64.42,7.29,0.0
2026-07-15 16:30:00,F01,TRAP-A,30.17,66.59,7.32,0.0
2026-07-15 16:40:00,F01,TRAP-A,29.6,63.84,5.08,0.0
2026-07-15 16:50:00,F01,TRAP-A,29.78,69.57,14.16,0.0
2026-07-15 17:00:00,F01,TRAP-A,28.85,67.49,9.32,0.0
2026-07-15 17:10:00,F01,TRAP-A,30.36,69.17,4.41,0.0
2026-07-15 17:20:00,F01,TRAP-A,29.7,68.0,8.18,0.0
2026-07-15 17:30:00,F01,TRAP-A,28.24,70.78,5.32,0.0
2026-07-15 17:40:00,F01,TRAP-A,28.78,70.85,8.17,0.41
2026-07-15 17:50:00,F01,TRAP-A,29.55,67.92,8.84,0.0
2026-07-15 18:00:00,F01,TRAP-A,28.67,68.64,4.5,0.0
2026-07-15 18:10:00,F01,TRAP-A,28.37,71.5,7.27,0.0
2026-07-15 18:20:00,F01,TRAP-A,28.69,73.81,9.99,0.0
2026-07-15 18:30:00,F01,TRAP-A,28.84,77.43,5.23,0.0
2026-07-15 18:40:00,F01,TRAP-A,27.23,74.15,4.34,0.0
2026-07-15 18:50:00,F01,TRAP-A,28.63,76.54,4.21,0.0
2026-07-15 19:00:00,F01,TRAP-A,27.36,70.62,4.53,0.0
2026-07-15 19:10:00,F01,TRAP-A,27.8,80.33,4.24,0.0
2026-07-15 19:20:00,F01,TRAP-A,27.59,77.45,5.48,0.0
2026-07-15 19:30:00,F01,TRAP-A,27.0,76.47,5.43,0.0
2026-07-15 19:40:00,F01,TRAP-A,26.41,76.83,4.79,0.0
2026-07-15 19:50:00,F01,TRAP-A,26.8,75.13,7.68,0.0
2026-07-15 20:00:00,F01,TRAP-A,28.13,76.5,19.06,0.0
2026-07-15 20:10:00,F01,TRAP-A,25.55,83.98,11.64,0.0
2026-07-15 20:20:00,F01,TRAP-A,27.8,77.38,5.68,0.0
2026-07-15 20:30:00,F01,TRAP-A,26.04,77.98,9.33,0.0
2026-07-15 20:40:00,F01,TRAP-A,26.08,79.39,13.32,0.0
2026-07-15 20:50:00,F01,TRAP-A,25.0,78.79,12.26,0.0
2026-07-15 21:00:00,F01,TRAP-A,25.06,82.45,11.75,0.0
2026-07-15 21:10:00,F01,TRAP-A,25.09,85.76,10.04,0.0
2026-07-15 21:20:00,F01,TRAP-A,24.47,82.12,6.58,0.0
2026-07-15 21:30:00,F01,TRAP-A,24.96,80.81,5.95,0.0
2026-07-15 21:40:00,F01,TRAP-A,24.62,85.56,7.84,0.0
2026-07-15 21:50:00,F01,TRAP-A,26.26,85.27,6.15,0.0
2026-07-15 22:00:00,F01,TRAP-A,23.68,88.48,25.58,0.0
2026-07-15 22:10:00,F01,TRAP-A,24.53,85.38,7.62,0.0
2026-07-15 22:20:00,F01,TRAP-A,24.48,86.4,15.98,0.0
2026-07-15 22:30:00,F01,TRAP-A,23.27,87.19,11.06,0.0
2026-07-15 22:40:00,F01,TRAP-A,24.53,88.28,8.36,0.0
2026-07-15 22:50:00,F01,TRAP-A,23.52,87.55,7.32,0.0
2026-07-15 23:00:00,F01,TRAP-A,21.71,87.6,7.92,0.0
2026-07-15 23:10:00,F01,TRAP-A,24.1,84.8,10.63,0.0
2026-07-15 23:20:00,F01,TRAP-A,22.56,88.42,12.77,0.0
2026-07-15 23:30:00,F01,TRAP-A,22.49,92.02,19.28,0.0
2026-07-15 23:40:00,F01,TRAP-A,23.77,92.72,8.22,0.0
2026-07-15 23:50:00,F01,TRAP-A,22.84,89.76,8.48,0.0
2026-07-16 00:00:00,F01,TRAP-A,23.76,94.51,8.28,0.0
2026-07-16 00:10:00,F01,TRAP-A,23.9,91.48,9.23,0.0
2026-07-16 00:20:00,F01,TRAP-A,22.34,88.47,13.66,0.0
2026-07-16 00:30:00,F01,TRAP-A,23.42,87.93,9.33,0.0
2026-07-16 00:40:00,F01,TRAP-A,22.11,95.32,11.22,0.0
2026-07-16 00:50:00,F01,TRAP-A,24.45,91.53,10.78,0.0
2026-07-16 01:00:00,F01,TRAP-A,22.06,89.59,10.36,0.0
2026-07-16 01:10:00,F01,TRAP-A,23.39,87.11,12.23,0.0
2026-07-16 01:20:00,F01,TRAP-A,23.22,91.87,11.6,0.0
2026-07-16 01:30:00,F01,TRAP-A,22.77,93.95,10.89,0.0
2026-07-16 01:40:00,F01,TRAP-A,21.97,91.24,13.33,0.0
2026-07-16 01:50:00,F01,TRAP-A,22.38,90.37,10.96,0.0
2026-07-16 02:00:00,F01,TRAP-A,20.78,91.62,13.22,0.0
2026-07-16 02:10:00,F01,TRAP-A,22.69,96.06,19.73,0.0
2026-07-16 02:20:00,F01,TRAP-A,22.81,89.4,14.33,0.0
2026-07-16 02:30:00,F01,TRAP-A,22.67,91.19,12.18,0.0
2026-07-16 02:40:00,F01,TRAP-A,20.22,95.69,14.81,0.0
2026-07-16 02:50:00,F01,TRAP-A,21.63,93.75,15.78,0.0
2026-07-16 03:00:00,F01,TRAP-A,22.1,92.78,12.11,0.0
2026-07-16 03:10:00,F01,TRAP-A,22.99,90.51,14.71,0.0
2026-07-16 03:20:00,F01,TRAP-A,23.06,91.97,12.87,0.0
2026-07-16 03:30:00,F01,TRAP-A,22.77,90.29,16.38,0.0
2026-07-16 03:40:00,F01,TRAP-A,23.5,89.2,12.41,0.0
2026-07-16 03:50:00,F01,TRAP-A,22.27,88.34,19.78,0.0
2026-07-16 04:00:00,F01,TRAP-A,23.68,92.66,14.1,0.0
2026-07-16 04:10:00,F01,TRAP-A,23.68,90.19,12.92,0.0
2026-07-16 04:20:00,F01,TRAP-A,23.71,90.75,13.32,0.0
2026-07-16 04:30:00,F01,TRAP-A,23.39,89.93,13.03,0.0
2026-07-16 04:40:00,F01,TRAP-A,25.13,90.23,12.28,0.0
2026-07-16 04:50:00,F01,TRAP-A,24.19,88.04,12.07,0.0
2026-07-16 05:00:00,F01,TRAP-A,23.16,87.0,13.06,0.0
2026-07-16 05:10:00,F01,TRAP-A,24.28,85.68,13.78,0.0
2026-07-16 05:20:00,F01,TRAP-A,24.84,83.68,13.31,5.21
2026-07-16 05:30:00,F01,TRAP-A,23.92,83.88,12.02,0.0
2026-07-16 05:40:00,F01,TRAP-A,25.43,85.23,14.59,0.0
2026-07-16 05:50:00,F01,TRAP-A,25.03,81.58,12.47,0.0
2026-07-16 06:00:00,F01,TRAP-A,23.02,81.56,12.71,0.0
2026-07-16 06:10:00,F01,TRAP-A,25.31,87.04,12.37,0.0
2026-07-16 06:20:00,F01,TRAP-A,24.93,84.39,14.17,0.0
2026-07-16 06:30:00,F01,TRAP-A,25.86,82.09,12.24,0.0
2026-07-16 06:40:00,F01,TRAP-A,26.37,88.28,12.8,0.0
2026-07-16 06:50:00,F01,TRAP-A,25.96,77.86,13.67,1.68
2026-07-16 07:00:00,F01,TRAP-A,27.33,83.78,12.37,0.0
2026-07-16 07:10:00,F01,TRAP-A,26.05,80.42,13.54,0.0
2026-07-16 07:20:00,F01,TRAP-A,26.88,82.02,12.96,0.0
2026-07-16 07:30:00,F01,TRAP-A,27.22,79.68,17.55,0.0
2026-07-16 07:40:00,F01,TRAP-A,26.7,74.07,16.31,0.0
2026-07-16 07:50:00,F01,TRAP-A,27.59,78.34,26.3,0.0
2026-07-16 08:00:00,F01,TRAP-A,26.69,78.28,13.65,0.0
2026-07-16 08:10:00,F01,TRAP-A,27.02,71.31,13.86,0.0
2026-07-16 08:20:00,F01,TRAP-A,26.51,81.0,19.98,0.0
2026-07-16 08:30:00,F01,TRAP-A,27.95,76.27,12.61,0.0
2026-07-16 08:40:00,F01,TRAP-A,28.21,76.53,13.4,0.0
2026-07-16 08:50:00,F01,TRAP-A,29.08,71.3,12.28,0.0
2026-07-16 09:00:00,F01,TRAP-A,28.96,75.31,13.09,0.0
2026-07-16 09:10:00,F01,TRAP-A,28.28,75.69,10.84,0.73
2026-07-16 09:20:00,F01,TRAP-A,27.75,72.99,15.05,0.0
2026-07-16 09:30:00,F01,TRAP-A,29.22,71.73,22.97,0.0
2026-07-16 09:40:00,F01,TRAP-A,29.94,68.93,10.38,0.0
2026-07-16 09:50:00,F01,TRAP-A,29.83,70.05,14.87,0.0
2026-07-16 10:00:00,F01,TRAP-A,30.26,68.74,10.7,0.0
2026-07-16 10:10:00,F01,TRAP-A,29.39,70.91,10.37,0.0
2026-07-16 10:20:00,F01,TRAP-A,29.34,66.82,13.1,2.83
2026-07-16 10:30:00,F01,TRAP-A,29.28,69.85,9.53,0.0
2026-07-16 10:40:00,F01,TRAP-A,29.97,65.84,11.09,0.0
2026-07-16 10:50:00,F01,TRAP-A,30.1,66.81,9.06,0.0
2026-07-16 11:00:00,F01,TRAP-A,30.46,68.55,11.32,0.0
2026-07-16 11:10:00,F01,TRAP-A,30.32,64.81,10.58,0.0
2026-07-16 11:20:00,F01,TRAP-A,30.45,67.79,15.96,0.0
2026-07-16 11:30:00,F01,TRAP-A,30.05,67.15,12.2,0.0
2026-07-16 11:40:00,F01,TRAP-A,31.53,64.72,8.6,0.0
2026-07-16 11:50:00,F01,TRAP-A,30.94,67.96,9.34,0.0
2026-07-16 12:00:00,F01,TRAP-A,30.84,64.93,15.9,0.0
2026-07-16 12:10:00,F01,TRAP-A,30.47,67.2,11.55,0.0
2026-07-16 12:20:00,F01,TRAP-A,30.08,68.66,10.21,0.0
2026-07-16 12:30:00,F01,TRAP-A,32.26,63.34,9.79,0.0
2026-07-16 12:40:00,F01,TRAP-A,31.73,65.34,8.68,0.0
2026-07-16 12:50:00,F01,TRAP-A,30.04,61.94,9.63,0.0
2026-07-16 13:00:00,F01,TRAP-A,32.0,60.8,11.25,0.0
2026-07-16 13:10:00,F01,TRAP-A,32.16,62.76,7.07,0.0
2026-07-16 13:20:00,F01,TRAP-A,31.56,59.73,17.0,0.0
2026-07-16 13:30:00,F01,TRAP-A,32.76,60.72,7.15,0.0
2026-07-16 13:40:00,F01,TRAP-A,31.67,64.5,7.96,0.0
2026-07-16 13:50:00,F01,TRAP-A,30.37,61.72,6.09,0.0
2026-07-16 14:00:00,F01,TRAP-A,31.79,64.79,8.27,0.0
2026-07-16 14:10:00,F01,TRAP-A,31.68,63.8,7.17,0.0
2026-07-16 14:20:00,F01,TRAP-A,30.98,67.74,6.45,0.0
2026-07-16 14:30:00,F01,TRAP-A,31.9,64.52,18.15,0.0
2026-07-16 14:40:00,F01,TRAP-A,30.07,66.12,6.99,0.0
2026-07-16 14:50:00,F01,TRAP-A,32.15,64.49,6.79,0.0
2026-07-16 15:00:00,F01,TRAP-A,30.6,64.44,6.93,0.0
2026-07-16 15:10:00,F01,TRAP-A,30.45,66.78,5.32,0.0
2026-07-16 15:20:00,F01,TRAP-A,31.08,65.78,6.34,0.0
2026-07-16 15:30:00,F01,TRAP-A,31.44,64.89,5.97,0.0
2026-07-16 15:40:00,F01,TRAP-A,31.14,65.16,6.52,0.0
2026-07-16 15:50:00,F01,TRAP-A,30.32,66.31,10.38,0.0
2026-07-16 16:00:00,F01,TRAP-A,30.41,63.62,5.11,0.0
2026-07-16 16:10:00,F01,TRAP-A,29.8,63.87,7.19,0.0
2026-07-16 16:20:00,F01,TRAP-A,30.41,69.6,4.43,0.0
2026-07-16 16:30:00,F01,TRAP-A,31.33,71.11,5.39,0.0
2026-07-16 16:40:00,F01,TRAP-A,30.33,64.55,6.11,0.0
2026-07-16 16:50:00,F01,TRAP-A,30.89,65.65,4.37,0.0
2026-07-16 17:00:00,F01,TRAP-A,31.23,70.65,6.46,0.0
2026-07-16 17:10:00,F01,TRAP-A,29.44,69.62,5.18,0.0
2026-07-16 17:20:00,F01,TRAP-A,29.61,70.48,18.84,0.0
2026-07-16 17:30:00,F01,TRAP-A,31.34,71.56,7.01,0.0
2026-07-16 17:40:00,F01,TRAP-A,30.6,69.26,4.84,0.0
2026-07-16 17:50:00,F01,TRAP-A,27.94,71.24,4.33,0.0
2026-07-16 18:00:00,F01,TRAP-A,29.41,71.62,4.13,0.0
2026-07-16 18:10:00,F01,TRAP-A,28.93,69.43,4.3,0.0
2026-07-16 18:20:00,F01,TRAP-A,29.41,72.96,7.45,0.0
2026-07-16 18:30:00,F01,TRAP-A,27.97,75.87,9.85,0.0
2026-07-16 18:40:00,F01,TRAP-A,27.71,72.56,4.6,0.0
2026-07-16 18:50:00,F01,TRAP-A,27.65,74.41,5.67,0.0
2026-07-16 19:00:00,F01,TRAP-A,27.54,75.18,5.49,0.44
2026-07-16 19:10:00,F01,TRAP-A,28.46,74.59,7.34,0.0
2026-07-16 19:20:00,F01,TRAP-A,26.67,77.64,4.9,0.0
2026-07-16 19:30:00,F01,TRAP-A,26.92,74.9,13.56,0.0
2026-07-16 19:40:00,F01,TRAP-A,25.79,80.58,8.35,0.0
2026-07-16 19:50:00,F01,TRAP-A,27.83,79.47,13.83,0.0
2026-07-16 20:00:00,F01,TRAP-A,27.85,76.22,5.59,0.0
2026-07-16 20:10:00,F01,TRAP-A,26.37,83.46,7.37,0.0
2026-07-16 20:20:00,F01,TRAP-A,26.2,80.28,8.76,0.0
2026-07-16 20:30:00,F01,TRAP-A,26.61,78.7,8.64,5.39
2026-07-16 20:40:00,F01,TRAP-A,27.23,83.91,5.1,0.0
2026-07-16 20:50:00,F01,TRAP-A,26.19,83.03,24.27,0.0
2026-07-16 21:00:00,F01,TRAP-A,25.12,77.99,13.17,0.0
2026-07-16 21:10:00,F01,TRAP-A,24.19,81.73,5.79,0.0
2026-07-16 21:20:00,F01,TRAP-A,24.41,84.35,7.9,1.41
2026-07-16 21:30:00,F01,TRAP-A,25.18,78.85,6.82,0.0
2026-07-16 21:40:00,F01,TRAP-A,24.42,85.05,12.16,0.0
2026-07-16 21:50:00,F01,TRAP-A,24.93,85.81,9.57,0.0
2026-07-16 22:00:00,F01,TRAP-A,24.16,83.02,6.89,0.0
2026-07-16 22:10:00,F01,TRAP-A,23.6,87.2,6.39,0.0
2026-07-16 22:20:00,F01,TRAP-A,23.34,87.07,7.48,0.0
2026-07-16 22:30:00,F01,TRAP-A,25.38,84.59,6.72,0.0
2026-07-16 22:40:00,F01,TRAP-A,24.69,90.36,7.23,0.0
2026-07-16 22:50:00,F01,TRAP-A,25.22,90.63,9.97,10.17
2026-07-16 23:00:00,F01,TRAP-A,24.13,88.27,11.21,0.0
2026-07-16 23:10:00,F01,TRAP-A,23.23,88.93,9.17,0.0
2026-07-16 23:20:00,F01,TRAP-A,24.51,91.66,10.2,0.0
2026-07-16 23:30:00,F01,TRAP-A,23.3,89.73,8.13,0.0
2026-07-16 23:40:00,F01,TRAP-A,23.4,85.77,8.94,0.0
2026-07-16 23:50:00,F01,TRAP-A,23.08,92.16,11.72,0.0
2026-07-17 00:00:00,F01,TRAP-A,20.66,89.23,9.51,1.85
2026-07-17 00:10:00,F01,TRAP-A,24.22,90.58,9.61,0.0
2026-07-17 00:20:00,F01,TRAP-A,23.25,95.47,9.14,0.0
2026-07-17 00:30:00,F01,TRAP-A,23.05,91.73,11.38,0.0
2026-07-17 00:40:00,F01,TRAP-A,22.67,92.28,13.82,0.0
2026-07-17 00:50:00,F01,TRAP-A,22.79,93.74,10.91,0.0
2026-07-17 01:00:00,F01,TRAP-A,22.14,93.89,9.55,0.0
2026-07-17 01:10:00,F01,TRAP-A,23.07,90.46,14.81,0.73
2026-07-17 01:20:00,F01,TRAP-A,21.5,92.71,9.73,0.0
2026-07-17 01:30:00,F01,TRAP-A,22.67,93.02,11.58,0.0
2026-07-17 01:40:00,F01,TRAP-A,22.95,93.66,10.73,0.0
2026-07-17 01:50:00,F01,TRAP-A,22.34,93.72,18.24,0.0
2026-07-17 02:00:00,F01,TRAP-A,22.8,98.0,14.14,0.0
2026-07-17 02:10:00,F01,TRAP-A,21.72,90.01,12.78,0.0
2026-07-17 02:20:00,F01,TRAP-A,21.76,95.33,13.72,0.0
2026-07-17 02:30:00,F01,TRAP-A,22.75,95.75,12.83,0.0
2026-07-17 02:40:00,F01,TRAP-A,23.14,93.9,11.16,0.0
2026-07-17 02:50:00,F01,TRAP-A,21.15,90.89,14.52,0.0
2026-07-17 03:00:00,F01,TRAP-A,23.12,96.5,12.97,0.0
2026-07-17 03:10:00,F01,TRAP-A,22.33,86.65,14.07,0.0
2026-07-17 03:20:00,F01,TRAP-A,22.68,90.19,11.3,0.0
2026-07-17 03:30:00,F01,TRAP-A,21.84,94.56,11.72,0.0
2026-07-17 03:40:00,F01,TRAP-A,22.31,90.42,14.03,0.0
2026-07-17 03:50:00,F01,TRAP-A,23.86,95.03,13.3,0.0
2026-07-17 04:00:00,F01,TRAP-A,23.22,86.92,12.31,0.0
2026-07-17 04:10:00,F01,TRAP-A,22.99,87.56,12.44,0.0
2026-07-17 04:20:00,F01,TRAP-A,23.32,88.63,14.68,0.0
2026-07-17 04:30:00,F01,TRAP-A,23.93,90.59,11.93,0.0
2026-07-17 04:40:00,F01,TRAP-A,24.02,88.57,13.52,0.0
2026-07-17 04:50:00,F01,TRAP-A,23.74,87.45,14.08,0.0
2026-07-17 05:00:00,F01,TRAP-A,24.81,91.75,13.0,0.0
2026-07-17 05:10:00,F01,TRAP-A,24.86,91.5,17.09,0.0
2026-07-17 05:20:00,F01,TRAP-A,24.57,86.17,12.14,0.0
2026-07-17 05:30:00,F01,TRAP-A,24.44,82.41,18.01,0.0
2026-07-17 05:40:00,F01,TRAP-A,25.08,80.74,15.85,4.12
2026-07-17 05:50:00,F01,TRAP-A,24.98,86.18,13.77,0.0
2026-07-17 06:00:00,F01,TRAP-A,25.75,86.65,19.75,0.0
2026-07-17 06:10:00,F01,TRAP-A,25.79,84.58,15.62,0.0
2026-07-17 06:20:00,F01,TRAP-A,24.44,83.65,19.99,0.0
2026-07-17 06:30:00,F01,TRAP-A,24.57,81.21,13.86,0.0
2026-07-17 06:40:00,F01,TRAP-A,25.06,84.24,13.72,0.0
2026-07-17 06:50:00,F01,TRAP-A,26.59,86.17,14.14,0.0
2026-07-17 07:00:00,F01,TRAP-A,24.74,75.79,12.03,0.0
2026-07-17 07:10:00,F01,TRAP-A,26.51,80.5,18.94,0.0
2026-07-17 07:20:00,F01,TRAP-A,26.68,77.62,15.01,0.0
2026-07-17 07:30:00,F01,TRAP-A,27.51,75.67,14.52,0.0
2026-07-17 07:40:00,F01,TRAP-A,26.92,75.92,19.39,1.39
2026-07-17 07:50:00,F01,TRAP-A,25.9,79.04,26.65,0.0
2026-07-17 08:00:00,F01,TRAP-A,26.4,78.45,11.92,0.0
2026-07-17 08:10:00,F01,TRAP-A,26.42,80.44,15.44,0.0
2026-07-17 08:20:00,F01,TRAP-A,27.13,76.16,13.79,0.0
2026-07-17 08:30:00,F01,TRAP-A,27.61,71.09,12.93,0.0
2026-07-17 08:40:00,F01,TRAP-A,27.01,74.25,22.36,0.0
2026-07-17 08:50:00,F01,TRAP-A,29.31,70.74,16.54,0.0
2026-07-17 09:00:00,F01,TRAP-A,27.27,70.56,14.3,0.0
2026-07-17 09:10:00,F01,TRAP-A,29.59,74.41,12.04,0.0
2026-07-17 09:20:00,F01,TRAP-A,29.64,72.83,13.74,0.0
2026-07-17 09:30:00,F01,TRAP-A,29.6,73.21,12.59,0.0
2026-07-17 09:40:00,F01,TRAP-A,28.5,70.26,11.03,0.0
2026-07-17 09:50:00,F01,TRAP-A,29.5,72.56,11.82,0.0
2026-07-17 10:00:00,F01,TRAP-A,28.37,68.98,10.58,0.0
2026-07-17 10:10:00,F01,TRAP-A,30.29,72.26,11.79,0.0
2026-07-17 10:20:00,F01,TRAP-A,29.66,69.8,13.37,0.0
2026-07-17 10:30:00,F01,TRAP-A,29.54,67.91,9.5,0.0
2026-07-17 10:40:00,F01,TRAP-A,29.04,68.46,13.58,0.0
2026-07-17 10:50:00,F01,TRAP-A,28.18,67.41,9.12,0.0
2026-07-17 11:00:00,F01,TRAP-A,29.47,70.99,11.07,0.0
2026-07-17 11:10:00,F01,TRAP-A,31.32,67.18,11.27,0.0
2026-07-17 11:20:00,F01,TRAP-A,30.23,66.15,12.84,0.0
2026-07-17 11:30:00,F01,TRAP-A,30.53,65.17,12.67,0.0
2026-07-17 11:40:00,F01,TRAP-A,31.3,67.51,9.82,0.0
2026-07-17 11:50:00,F01,TRAP-A,32.33,66.83,8.23,0.0
2026-07-17 12:00:00,F01,TRAP-A,32.04,64.05,11.4,0.0
2026-07-17 12:10:00,F01,TRAP-A,30.29,61.55,9.82,0.0
2026-07-17 12:20:00,F01,TRAP-A,29.59,61.92,8.72,0.0
2026-07-17 12:30:00,F01,TRAP-A,33.11,63.48,8.13,0.0
2026-07-17 12:40:00,F01,TRAP-A,33.1,67.09,7.54,0.0
2026-07-17 12:50:00,F01,TRAP-A,31.49,62.91,8.04,0.0
2026-07-17 13:00:00,F01,TRAP-A,30.37,61.89,8.66,0.0
2026-07-17 13:10:00,F01,TRAP-A,32.2,58.84,8.6,0.0
2026-07-17 13:20:00,F01,TRAP-A,31.37,66.92,9.11,0.0
2026-07-17 13:30:00,F01,TRAP-A,31.39,64.49,7.68,0.0
2026-07-17 13:40:00,F01,TRAP-A,32.21,65.01,13.75,0.74
2026-07-17 13:50:00,F01,TRAP-A,31.77,65.4,8.08,0.0
2026-07-17 14:00:00,F01,TRAP-A,30.55,62.6,7.52,5.2
2026-07-17 14:10:00,F01,TRAP-A,31.23,63.26,5.87,0.0
2026-07-17 14:20:00,F01,TRAP-A,31.99,66.84,8.33,0.0
2026-07-17 14:30:00,F01,TRAP-A,31.84,63.66,8.22,0.0
2026-07-17 14:40:00,F01,TRAP-A,31.61,64.81,7.94,0.0
2026-07-17 14:50:00,F01,TRAP-A,32.1,65.66,11.75,0.0
2026-07-17 15:00:00,F01,TRAP-A,31.01,65.27,9.38,0.0
2026-07-17 15:10:00,F01,TRAP-A,31.38,63.55,11.01,0.0
2026-07-17 15:20:00,F01,TRAP-A,28.47,64.02,5.03,0.0
2026-07-17 15:30:00,F01,TRAP-A,30.73,66.31,5.89,0.0
2026-07-17 15:40:00,F01,TRAP-A,31.62,66.59,5.79,0.0
2026-07-17 15:50:00,F01,TRAP-A,30.6,67.89,7.76,0.0
2026-07-17 16:00:00,F01,TRAP-A,30.44,66.68,6.25,0.0
2026-07-17 16:10:00,F01,TRAP-A,29.87,67.15,8.89,0.0
2026-07-17 16:20:00,F01,TRAP-A,31.39,64.93,5.77,0.0
2026-07-17 16:30:00,F01,TRAP-A,30.9,65.0,5.0,0.0
2026-07-17 16:40:00,F01,TRAP-A,31.0,68.83,5.22,0.0
2026-07-17 16:50:00,F01,TRAP-A,28.82,65.89,4.75,0.0
2026-07-17 17:00:00,F01,TRAP-A,29.93,67.75,4.76,0.0
2026-07-17 17:10:00,F01,TRAP-A,29.69,71.74,4.8,0.0
2026-07-17 17:20:00,F01,TRAP-A,29.54,71.85,4.09,0.0
2026-07-17 17:30:00,F01,TRAP-A,29.11,70.08,7.79,0.0
2026-07-17 17:40:00,F01,TRAP-A,29.16,69.13,5.54,0.0
2026-07-17 17:50:00,F01,TRAP-A,29.95,70.11,4.07,0.0
2026-07-17 18:00:00,F01,TRAP-A,27.57,73.16,5.39,0.0
2026-07-17 18:10:00,F01,TRAP-A,30.35,71.49,11.09,0.0
2026-07-17 18:20:00,F01,TRAP-A,29.13,70.78,6.18,0.0
2026-07-17 18:30:00,F01,TRAP-A,28.53,75.83,17.03,0.0
2026-07-17 18:40:00,F01,TRAP-A,29.1,73.86,6.42,0.0
2026-07-17 18:50:00,F01,TRAP-A,27.03,72.59,14.0,0.0
2026-07-17 19:00:00,F01,TRAP-A,27.47,75.86,4.85,0.0
2026-07-17 19:10:00,F01,TRAP-A,27.71,77.74,5.26,0.0
2026-07-17 19:20:00,F01,TRAP-A,28.71,73.44,7.91,0.0
2026-07-17 19:30:00,F01,TRAP-A,27.38,76.1,17.35,0.0
2026-07-17 19:40:00,F01,TRAP-A,27.58,76.64,9.68,0.0
2026-07-17 19:50:00,F01,TRAP-A,26.55,79.04,6.94,0.0
2026-07-17 20:00:00,F01,TRAP-A,27.22,80.15,4.88,0.0
2026-07-17 20:10:00,F01,TRAP-A,27.98,77.84,6.07,0.0
2026-07-17 20:20:00,F01,TRAP-A,27.24,76.14,5.08,0.0
2026-07-17 20:30:00,F01,TRAP-A,26.18,83.1,6.04,0.0
2026-07-17 20:40:00,F01,TRAP-A,26.59,78.36,5.93,0.0
2026-07-17 20:50:00,F01,TRAP-A,26.32,82.48,6.63,0.0
2026-07-17 21:00:00,F01,TRAP-A,26.08,82.1,10.73,0.0
2026-07-17 21:10:00,F01,TRAP-A,26.38,83.45,5.9,0.0
2026-07-17 21:20:00,F01,TRAP-A,26.19,87.79,6.64,0.0
2026-07-17 21:30:00,F01,TRAP-A,25.02,91.86,6.59,0.0
2026-07-17 21:40:00,F01,TRAP-A,25.46,80.76,6.88,0.0
2026-07-17 21:50:00,F01,TRAP-A,24.47,87.88,7.32,0.0
2026-07-17 22:00:00,F01,TRAP-A,23.87,85.59,6.97,0.0
2026-07-17 22:10:00,F01,TRAP-A,24.22,89.15,14.86,0.0
2026-07-17 22:20:00,F01,TRAP-A,24.22,89.45,8.08,0.0
2026-07-17 22:30:00,F01,TRAP-A,22.8,91.1,6.97,0.0
2026-07-17 22:40:00,F01,TRAP-A,24.67,88.78,8.67,0.0
2026-07-17 22:50:00,F01,TRAP-A,21.62,86.32,7.55,0.0
2026-07-17 23:00:00,F01,TRAP-A,25.87,91.32,7.84,0.0
2026-07-17 23:10:00,F01,TRAP-A,24.77,89.73,8.29,0.0
2026-07-17 23:20:00,F01,TRAP-A,23.24,89.26,7.85,0.0
2026-07-17 23:30:00,F01,TRAP-A,23.34,89.05,11.46,0.0
2026-07-17 23:40:00,F01,TRAP-A,23.46,93.12,12.51,0.0
2026-07-17 23:50:00,F01,TRAP-A,22.64,94.95,9.48,0.0
2026-07-18 00:00:00,F01,TRAP-A,23.17,88.28,11.66,0.0
2026-07-18 00:10:00,F01,TRAP-A,22.82,93.11,9.8,0.0
2026-07-18 00:20:00,F01,TRAP-A,22.78,90.89,9.04,0.0
2026-07-18 00:30:00,F01,TRAP-A,22.93,88.4,10.19,0.0
2026-07-18 00:40:00,F01,TRAP-A,21.67,92.65,11.29,0.0
2026-07-18 00:50:00,F01,TRAP-A,22.69,90.38,9.14,0.0
2026-07-18 01:00:00,F01,TRAP-A,22.74,88.68,12.37,0.0
2026-07-18 01:10:00,F01,TRAP-A,22.68,90.8,13.42,0.0
2026-07-18 01:20:00,F01,TRAP-A,22.37,90.29,15.41,0.0
2026-07-18 01:30:00,F01,TRAP-A,23.43,91.32,9.99,0.0
2026-07-18 01:40:00,F01,TRAP-A,22.22,89.67,9.83,0.0
2026-07-18 01:50:00,F01,TRAP-A,22.68,92.01,10.21,0.0
2026-07-18 02:00:00,F01,TRAP-A,23.54,91.21,17.87,0.0
2026-07-18 02:10:00,F01,TRAP-A,22.45,93.89,14.63,0.0
2026-07-18 02:20:00,F01,TRAP-A,22.71,94.37,15.83,0.0
2026-07-18 02:30:00,F01,TRAP-A,22.49,93.44,12.74,0.0
2026-07-18 02:40:00,F01,TRAP-A,23.59,92.07,12.93,0.0
2026-07-18 02:50:00,F01,TRAP-A,22.44,91.85,11.88,0.0
2026-07-18 03:00:00,F01,TRAP-A,23.73,90.24,16.48,0.0
2026-07-18 03:10:00,F01,TRAP-A,22.68,90.09,16.36,0.0
2026-07-18 03:20:00,F01,TRAP-A,22.15,93.65,12.65,0.0
2026-07-18 03:30:00,F01,TRAP-A,23.45,87.23,12.46,0.0
2026-07-18 03:40:00,F01,TRAP-A,22.75,91.14,15.38,0.0
2026-07-18 03:50:00,F01,TRAP-A,23.59,90.22,11.53,0.0
2026-07-18 04:00:00,F01,TRAP-A,21.01,92.19,17.43,0.0
2026-07-18 04:10:00,F01,TRAP-A,23.3,86.77,13.39,0.0
2026-07-18 04:20:00,F01,TRAP-A,23.05,89.98,13.43,0.0
2026-07-18 04:30:00,F01,TRAP-A,22.69,90.4,15.07,0.83
2026-07-18 04:40:00,F01,TRAP-A,23.22,84.36,14.92,0.0
2026-07-18 04:50:00,F01,TRAP-A,23.34,85.98,12.79,0.0
2026-07-18 05:00:00,F01,TRAP-A,23.9,87.97,20.51,9.65
2026-07-18 05:10:00,F01,TRAP-A,22.99,88.99,24.81,0.0
2026-07-18 05:20:00,F01,TRAP-A,24.49,87.66,14.2,0.0
2026-07-18 05:30:00,F01,TRAP-A,25.49,88.07,14.46,0.0
2026-07-18 05:40:00,F01,TRAP-A,24.79,83.43,14.42,0.0
2026-07-18 05:50:00,F01,TRAP-A,25.38,81.6,14.0,0.0
2026-07-18 06:00:00,F01,TRAP-A,25.78,85.21,20.71,0.0
2026-07-18 06:10:00,F01,TRAP-A,26.06,81.34,12.83,0.0
2026-07-18 06:20:00,F01,TRAP-A,26.75,81.66,12.31,0.0
2026-07-18 06:30:00,F01,TRAP-A,25.04,85.54,19.9,0.0
2026-07-18 06:40:00,F01,TRAP-A,25.05,83.06,12.63,0.0
2026-07-18 06:50:00,F01,TRAP-A,26.44,80.54,16.02,0.0
2026-07-18 07:00:00,F01,TRAP-A,26.57,79.58,12.51,0.0
2026-07-18 07:10:00,F01,TRAP-A,26.81,82.24,21.44,0.0
2026-07-18 07:20:00,F01,TRAP-A,27.9,80.57,16.4,0.0
2026-07-18 07:30:00,F01,TRAP-A,26.59,76.36,19.16,0.0
2026-07-18 07:40:00,F01,TRAP-A,27.12,73.87,20.61,0.0
2026-07-18 07:50:00,F01,TRAP-A,26.19,82.79,11.74,0.0
2026-07-18 08:00:00,F01,TRAP-A,28.88,74.37,13.09,0.0
2026-07-18 08:10:00,F01,TRAP-A,27.1,78.1,14.42,0.0
2026-07-18 08:20:00,F01,TRAP-A,27.32,79.9,16.05,0.0
2026-07-18 08:30:00,F01,TRAP-A,27.48,75.85,11.91,0.0
2026-07-18 08:40:00,F01,TRAP-A,27.43,73.33,18.35,0.0
2026-07-18 08:50:00,F01,TRAP-A,27.56,70.63,11.59,0.0
2026-07-18 09:00:00,F01,TRAP-A,27.91,69.97,16.75,0.0
2026-07-18 09:10:00,F01,TRAP-A,27.42,73.89,12.75,0.0
2026-07-18 09:20:00,F01,TRAP-A,28.07,75.97,12.63,0.0
2026-07-18 09:30:00,F01,TRAP-A,30.44,70.75,11.72,0.0
2026-07-18 09:40:00,F01,TRAP-A,29.64,69.76,10.5,0.0
2026-07-18 09:50:00,F01,TRAP-A,29.97,72.32,11.3,0.0
2026-07-18 10:00:00,F01,TRAP-A,30.34,68.3,11.54,0.0
2026-07-18 10:10:00,F01,TRAP-A,31.03,70.15,11.67,0.0
2026-07-18 10:20:00,F01,TRAP-A,28.3,69.04,13.58,0.0
2026-07-18 10:30:00,F01,TRAP-A,28.89,67.4,10.69,0.0
2026-07-18 10:40:00,F01,TRAP-A,29.38,67.89,10.79,0.0
2026-07-18 10:50:00,F01,TRAP-A,29.79,71.86,16.15,0.0
2026-07-18 11:00:00,F01,TRAP-A,30.06,68.51,13.08,0.0
2026-07-18 11:10:00,F01,TRAP-A,30.07,69.29,8.79,0.0
2026-07-18 11:20:00,F01,TRAP-A,30.73,63.85,13.56,0.0
2026-07-18 11:30:00,F01,TRAP-A,30.7,68.5,22.17,0.0
2026-07-18 11:40:00,F01,TRAP-A,30.2,66.99,16.63,0.37
2026-07-18 11:50:00,F01,TRAP-A,29.14,61.3,13.45,0.0
2026-07-18 12:00:00,F01,TRAP-A,30.19,66.08,10.82,0.0
2026-07-18 12:10:00,F01,TRAP-A,30.63,63.16,8.65,0.0
2026-07-18 12:20:00,F01,TRAP-A,30.95,60.31,10.69,0.0
2026-07-18 12:30:00,F01,TRAP-A,30.32,64.26,10.9,0.0
2026-07-18 12:40:00,F01,TRAP-A,30.89,65.07,8.15,0.0
2026-07-18 12:50:00,F01,TRAP-A,30.44,63.91,7.87,0.0
2026-07-18 13:00:00,F01,TRAP-A,31.29,63.1,8.34,0.0
2026-07-18 13:10:00,F01,TRAP-A,30.57,62.42,9.73,0.0
2026-07-18 13:20:00,F01,TRAP-A,30.78,69.31,7.53,0.0
2026-07-18 13:30:00,F01,TRAP-A,30.43,60.11,8.76,0.0
2026-07-18 13:40:00,F01,TRAP-A,31.37,65.2,13.06,0.0
2026-07-18 13:50:00,F01,TRAP-A,30.81,63.04,7.07,0.0
2026-07-18 14:00:00,F01,TRAP-A,32.22,60.87,16.01,0.0
2026-07-18 14:10:00,F01,TRAP-A,31.81,62.93,7.65,0.0
2026-07-18 14:20:00,F01,TRAP-A,31.41,59.64,5.9,0.0
2026-07-18 14:30:00,F01,TRAP-A,30.8,61.72,5.62,0.0
2026-07-18 14:40:00,F01,TRAP-A,31.7,63.22,6.55,0.0
2026-07-18 14:50:00,F01,TRAP-A,31.91,59.61,6.09,0.0
2026-07-18 15:00:00,F01,TRAP-A,31.41,64.94,10.63,0.0
2026-07-18 15:10:00,F01,TRAP-A,32.52,61.47,8.96,0.0
2026-07-18 15:20:00,F01,TRAP-A,31.53,60.48,11.32,0.0
2026-07-18 15:30:00,F01,TRAP-A,31.82,61.67,7.41,0.0
2026-07-18 15:40:00,F01,TRAP-A,31.11,70.1,6.35,0.0
2026-07-18 15:50:00,F01,TRAP-A,31.45,60.02,5.49,0.0
2026-07-18 16:00:00,F01,TRAP-A,30.17,66.4,7.09,0.0
2026-07-18 16:10:00,F01,TRAP-A,30.33,63.79,7.27,0.0
2026-07-18 16:20:00,F01,TRAP-A,30.86,65.17,5.81,0.0
2026-07-18 16:30:00,F01,TRAP-A,30.74,67.97,12.52,0.0
2026-07-18 16:40:00,F01,TRAP-A,30.74,68.27,7.26,0.0
2026-07-18 16:50:00,F01,TRAP-A,31.08,65.63,9.59,0.0
2026-07-18 17:00:00,F01,TRAP-A,28.92,64.41,7.01,14.65
2026-07-18 17:10:00,F01,TRAP-A,29.13,69.85,5.21,0.0
2026-07-18 17:20:00,F01,TRAP-A,29.94,70.18,8.04,0.0
2026-07-18 17:30:00,F01,TRAP-A,29.02,68.62,4.8,0.0
2026-07-18 17:40:00,F01,TRAP-A,32.14,70.98,6.73,0.0
2026-07-18 17:50:00,F01,TRAP-A,29.68,69.31,5.54,0.0
2026-07-18 18:00:00,F01,TRAP-A,29.04,68.93,4.49,0.0
2026-07-18 18:10:00,F01,TRAP-A,28.51,71.6,5.61,5.07
2026-07-18 18:20:00,F01,TRAP-A,28.36,73.48,5.15,0.0
2026-07-18 18:30:00,F01,TRAP-A,28.59,73.57,4.41,0.0
2026-07-18 18:40:00,F01,TRAP-A,28.47,74.68,9.3,0.0
2026-07-18 18:50:00,F01,TRAP-A,27.82,72.14,6.2,0.0
2026-07-18 19:00:00,F01,TRAP-A,27.78,78.63,5.45,0.0
2026-07-18 19:10:00,F01,TRAP-A,28.88,74.46,6.34,0.0
2026-07-18 19:20:00,F01,TRAP-A,28.72,75.66,8.51,0.0
2026-07-18 19:30:00,F01,TRAP-A,27.62,73.32,4.42,0.0
2026-07-18 19:40:00,F01,TRAP-A,26.15,76.78,6.82,0.0
2026-07-18 19:50:00,F01,TRAP-A,27.46,79.25,6.48,0.0
2026-07-18 20:00:00,F01,TRAP-A,28.07,80.48,11.32,0.0
2026-07-18 20:10:00,F01,TRAP-A,27.73,83.13,7.15,0.0
2026-07-18 20:20:00,F01,TRAP-A,27.02,81.18,5.26,0.0
2026-07-18 20:30:00,F01,TRAP-A,27.38,81.22,6.4,0.0
2026-07-18 20:40:00,F01,TRAP-A,26.09,80.05,7.95,0.0
2026-07-18 20:50:00,F01,TRAP-A,26.36,80.15,5.3,0.0
2026-07-18 21:00:00,F01,TRAP-A,25.13,84.86,11.76,0.0
2026-07-18 21:10:00,F01,TRAP-A,25.72,85.43,5.62,0.0
2026-07-18 21:20:00,F01,TRAP-A,26.36,80.97,5.64,0.0
2026-07-18 21:30:00,F01,TRAP-A,24.65,86.07,5.69,0.0
2026-07-18 21:40:00,F01,TRAP-A,24.25,86.48,9.29,0.0
2026-07-18 21:50:00,F01,TRAP-A,24.85,82.65,7.81,0.0
2026-07-18 22:00:00,F01,TRAP-A,24.42,87.34,6.46,4.24
2026-07-18 22:10:00,F01,TRAP-A,24.96,83.91,12.11,0.0
2026-07-18 22:20:00,F01,TRAP-A,23.92,80.99,7.13,0.0
2026-07-18 22:30:00,F01,TRAP-A,25.5,87.18,7.8,0.0
2026-07-18 22:40:00,F01,TRAP-A,22.95,88.72,7.36,0.0
2026-07-18 22:50:00,F01,TRAP-A,24.84,88.26,14.79,0.0
2026-07-18 23:00:00,F01,TRAP-A,23.09,96.17,11.37,0.0
2026-07-18 23:10:00,F01,TRAP-A,22.13,90.39,11.15,0.0
2026-07-18 23:20:00,F01,TRAP-A,23.63,90.22,7.59,0.0
2026-07-18 23:30:00,F01,TRAP-A,23.12,91.32,9.85,0.0
2026-07-18 23:40:00,F01,TRAP-A,22.33,89.5,10.37,0.0
2026-07-18 23:50:00,F01,TRAP-A,21.77,93.27,9.42,0.0
2026-07-19 00:00:00,F01,TRAP-A,23.01,92.17,9.32,0.03
2026-07-19 00:10:00,F01,TRAP-A,23.71,92.35,14.06,0.0
2026-07-19 00:20:00,F01,TRAP-A,23.32,90.27,8.57,0.0
2026-07-19 00:30:00,F01,TRAP-A,22.82,88.16,11.62,0.0
2026-07-19 00:40:00,F01,TRAP-A,23.1,91.03,10.35,0.0
2026-07-19 00:50:00,F01,TRAP-A,22.64,93.17,12.3,0.0
2026-07-19 01:00:00,F01,TRAP-A,21.47,91.52,9.84,0.0
2026-07-19 01:10:00,F01,TRAP-A,21.44,93.49,10.17,0.0
2026-07-19 01:20:00,F01,TRAP-A,22.38,92.28,12.16,0.0
2026-07-19 01:30:00,F01,TRAP-A,22.39,94.01,21.4,0.0
2026-07-19 01:40:00,F01,TRAP-A,23.19,90.54,20.86,0.0
2026-07-19 01:50:00,F01,TRAP-A,23.11,93.48,10.84,0.0
2026-07-19 02:00:00,F01,TRAP-A,22.99,91.39,10.46,0.0
2026-07-19 02:10:00,F01,TRAP-A,22.29,89.1,12.95,0.0
2026-07-19 02:20:00,F01,TRAP-A,21.43,92.47,12.05,0.0
2026-07-19 02:30:00,F01,TRAP-A,22.89,96.63,14.86,0.0
2026-07-19 02:40:00,F01,TRAP-A,23.02,89.01,12.94,0.0
2026-07-19 02:50:00,F01,TRAP-A,20.74,92.81,12.96,0.0
2026-07-19 03:00:00,F01,TRAP-A,22.03,94.32,14.05,0.0
2026-07-19 03:10:00,F01,TRAP-A,22.21,97.87,11.46,0.0
2026-07-19 03:20:00,F01,TRAP-A,22.93,90.66,14.55,0.0
2026-07-19 03:30:00,F01,TRAP-A,22.27,90.05,13.28,0.0
2026-07-19 03:40:00,F01,TRAP-A,22.97,88.42,16.51,0.0
2026-07-19 03:50:00,F01,TRAP-A,22.92,93.88,11.9,0.0
2026-07-19 04:00:00,F01,TRAP-A,23.06,88.52,12.61,0.0
2026-07-19 04:10:00,F01,TRAP-A,22.73,89.41,20.62,0.0
2026-07-19 04:20:00,F01,TRAP-A,22.9,85.33,14.1,0.0
2026-07-19 04:30:00,F01,TRAP-A,22.67,91.75,19.7,0.0
2026-07-19 04:40:00,F01,TRAP-A,23.97,92.01,15.31,0.0
2026-07-19 04:50:00,F01,TRAP-A,24.26,90.78,19.69,0.0
2026-07-19 05:00:00,F01,TRAP-A,23.33,84.18,13.05,0.0
2026-07-19 05:10:00,F01,TRAP-A,25.31,89.22,12.22,0.0
2026-07-19 05:20:00,F01,TRAP-A,23.99,83.01,16.83,0.0
2026-07-19 05:30:00,F01,TRAP-A,25.62,86.81,16.88,0.0
2026-07-19 05:40:00,F01,TRAP-A,24.05,86.64,14.89,0.0
2026-07-19 05:50:00,F01,TRAP-A,23.11,86.34,14.6,0.0
2026-07-19 06:00:00,F01,TRAP-A,25.22,86.33,19.39,0.0
2026-07-19 06:10:00,F01,TRAP-A,25.28,84.39,12.57,0.0
2026-07-19 06:20:00,F01,TRAP-A,25.28,78.91,14.84,0.69
2026-07-19 06:30:00,F01,TRAP-A,24.93,84.54,12.1,0.0
2026-07-19 06:40:00,F01,TRAP-A,25.6,82.83,12.37,0.0
2026-07-19 06:50:00,F01,TRAP-A,25.4,79.7,13.59,0.0
2026-07-19 07:00:00,F01,TRAP-A,25.76,77.4,16.99,0.0
2026-07-19 07:10:00,F01,TRAP-A,26.87,84.53,15.73,0.0
2026-07-19 07:20:00,F01,TRAP-A,26.54,83.11,22.66,0.0
2026-07-19 07:30:00,F01,TRAP-A,27.07,81.15,11.77,0.0
2026-07-19 07:40:00,F01,TRAP-A,26.59,77.04,13.0,0.0
2026-07-19 07:50:00,F01,TRAP-A,26.7,71.79,11.99,0.0
2026-07-19 08:00:00,F01,TRAP-A,26.25,79.33,11.5,0.0
2026-07-19 08:10:00,F01,TRAP-A,27.07,77.69,12.21,0.0
2026-07-19 08:20:00,F01,TRAP-A,24.91,75.18,12.03,0.0
2026-07-19 08:30:00,F01,TRAP-A,27.29,78.28,12.71,0.0
2026-07-19 08:40:00,F01,TRAP-A,27.89,76.95,11.42,0.0
2026-07-19 08:50:00,F01,TRAP-A,28.59,74.63,12.85,0.0
2026-07-19 09:00:00,F01,TRAP-A,28.12,73.65,18.3,0.0
2026-07-19 09:10:00,F01,TRAP-A,28.8,73.07,14.72,0.0
2026-07-19 09:20:00,F01,TRAP-A,26.96,74.03,15.99,0.0
2026-07-19 09:30:00,F01,TRAP-A,28.84,69.59,15.21,0.0
2026-07-19 09:40:00,F01,TRAP-A,27.71,72.21,11.65,0.0
2026-07-19 09:50:00,F01,TRAP-A,28.26,68.27,13.72,0.0
2026-07-19 10:00:00,F01,TRAP-A,29.25,73.35,14.08,0.0
2026-07-19 10:10:00,F01,TRAP-A,30.58,70.79,10.4,0.0
2026-07-19 10:20:00,F01,TRAP-A,30.02,67.21,15.45,0.0
2026-07-19 10:30:00,F01,TRAP-A,29.89,68.62,11.22,0.0
2026-07-19 10:40:00,F01,TRAP-A,30.01,65.79,9.27,0.0
2026-07-19 10:50:00,F01,TRAP-A,29.59,71.21,12.15,0.0
2026-07-19 11:00:00,F01,TRAP-A,29.87,71.05,12.27,0.0
2026-07-19 11:10:00,F01,TRAP-A,30.77,68.3,11.12,0.0
2026-07-19 11:20:00,F01,TRAP-A,29.45,70.04,9.26,0.0
2026-07-19 11:30:00,F01,TRAP-A,31.15,66.14,10.34,0.0
2026-07-19 11:40:00,F01,TRAP-A,30.47,67.3,9.73,0.0
2026-07-19 11:50:00,F01,TRAP-A,31.55,68.11,19.05,0.0
2026-07-19 12:00:00,F01,TRAP-A,31.75,64.72,13.07,0.0
2026-07-19 12:10:00,F01,TRAP-A,29.73,64.62,11.98,0.0
2026-07-19 12:20:00,F01,TRAP-A,30.68,66.51,8.1,0.0
2026-07-19 12:30:00,F01,TRAP-A,30.54,65.55,8.53,0.0
2026-07-19 12:40:00,F01,TRAP-A,29.83,61.83,8.59,0.0
2026-07-19 12:50:00,F01,TRAP-A,30.51,58.06,9.02,0.0
2026-07-19 13:00:00,F01,TRAP-A,33.34,62.93,6.91,0.0
2026-07-19 13:10:00,F01,TRAP-A,31.92,58.0,9.35,0.0
2026-07-19 13:20:00,F01,TRAP-A,32.99,60.66,7.82,0.0
2026-07-19 13:30:00,F01,TRAP-A,32.14,60.88,8.8,0.0
2026-07-19 13:40:00,F01,TRAP-A,30.9,61.6,6.2,0.0
2026-07-19 13:50:00,F01,TRAP-A,31.19,65.05,7.18,0.0
2026-07-19 14:00:00,F01,TRAP-A,31.97,65.61,10.26,0.0
2026-07-19 14:10:00,F01,TRAP-A,31.83,64.32,7.81,0.0
2026-07-19 14:20:00,F01,TRAP-A,31.0,64.7,10.25,0.0
2026-07-19 14:30:00,F01,TRAP-A,30.23,64.86,9.05,0.0
2026-07-19 14:40:00,F01,TRAP-A,34.03,57.1,11.1,0.0
2026-07-19 14:50:00,F01,TRAP-A,31.24,63.52,5.21,0.0
2026-07-19 15:00:00,F01,TRAP-A,31.04,59.18,5.97,0.0
2026-07-19 15:10:00,F01,TRAP-A,31.33,65.15,7.34,0.0
2026-07-19 15:20:00,F01,TRAP-A,30.97,58.88,13.33,0.0
2026-07-19 15:30:00,F01,TRAP-A,31.19,63.92,8.15,0.0
2026-07-19 15:40:00,F01,TRAP-A,32.03,66.03,6.47,0.0
2026-07-19 15:50:00,F01,TRAP-A,30.81,62.18,4.96,0.97
2026-07-19 16:00:00,F01,TRAP-A,29.88,67.71,6.5,0.0
2026-07-19 16:10:00,F01,TRAP-A,30.57,66.94,6.13,0.0
2026-07-19 16:20:00,F01,TRAP-A,30.21,67.01,8.83,0.0
2026-07-19 16:30:00,F01,TRAP-A,31.6,68.21,5.85,0.0
2026-07-19 16:40:00,F01,TRAP-A,31.27,65.99,5.34,0.0
2026-07-19 16:50:00,F01,TRAP-A,30.28,67.72,4.42,0.0
2026-07-19 17:00:00,F01,TRAP-A,29.03,67.84,4.24,0.0
2026-07-19 17:10:00,F01,TRAP-A,28.93,68.27,5.8,0.0
2026-07-19 17:20:00,F01,TRAP-A,29.77,67.13,5.31,0.0
2026-07-19 17:30:00,F01,TRAP-A,29.87,66.23,6.45,0.0
2026-07-19 17:40:00,F01,TRAP-A,29.14,69.04,7.74,0.0
2026-07-19 17:50:00,F01,TRAP-A,28.89,69.46,4.12,0.0
2026-07-19 18:00:00,F01,TRAP-A,28.62,69.17,6.06,0.0
2026-07-19 18:10:00,F01,TRAP-A,28.9,73.72,9.95,0.0
2026-07-19 18:20:00,F01,TRAP-A,26.84,69.26,5.85,0.0
2026-07-19 18:30:00,F01,TRAP-A,27.68,72.37,6.27,0.0
2026-07-19 18:40:00,F01,TRAP-A,27.87,76.33,6.09,0.0
2026-07-19 18:50:00,F01,TRAP-A,29.15,76.32,5.61,0.0
2026-07-19 19:00:00,F01,TRAP-A,27.34,77.72,4.53,0.0
2026-07-19 19:10:00,F01,TRAP-A,27.95,73.85,4.64,0.0
2026-07-19 19:20:00,F01,TRAP-A,27.79,77.93,4.89,0.0
2026-07-19 19:30:00,F01,TRAP-A,28.45,73.96,9.09,0.0
2026-07-19 19:40:00,F01,TRAP-A,28.23,76.58,5.41,0.0
2026-07-19 19:50:00,F01,TRAP-A,26.98,77.47,13.4,0.0
2026-07-19 20:00:00,F01,TRAP-A,26.45,77.14,9.6,0.0
2026-07-19 20:10:00,F01,TRAP-A,26.1,78.33,8.17,0.0
2026-07-19 20:20:00,F01,TRAP-A,26.24,78.65,8.64,0.0
2026-07-19 20:30:00,F01,TRAP-A,25.89,78.08,5.07,0.0
2026-07-19 20:40:00,F01,TRAP-A,26.49,83.32,7.56,0.0
2026-07-19 20:50:00,F01,TRAP-A,26.19,81.35,13.65,0.0
2026-07-19 21:00:00,F01,TRAP-A,26.14,82.94,5.4,0.0
2026-07-19 21:10:00,F01,TRAP-A,26.49,83.47,6.45,0.0
2026-07-19 21:20:00,F01,TRAP-A,26.79,83.81,5.71,0.0
2026-07-19 21:30:00,F01,TRAP-A,25.22,84.5,8.22,0.0
2026-07-19 21:40:00,F01,TRAP-A,25.82,84.1,6.2,0.0
2026-07-19 21:50:00,F01,TRAP-A,24.49,88.98,7.94,0.0
2026-07-19 22:00:00,F01,TRAP-A,25.55,87.9,9.95,0.0
2026-07-19 22:10:00,F01,TRAP-A,25.29,86.59,6.83,0.0
2026-07-19 22:20:00,F01,TRAP-A,25.08,85.96,10.68,0.0
2026-07-19 22:30:00,F01,TRAP-A,24.2,87.29,6.8,0.0
2026-07-19 22:40:00,F01,TRAP-A,23.44,89.12,7.26,0.0
2026-07-19 22:50:00,F01,TRAP-A,22.72,92.3,7.93,0.0
2026-07-19 23:00:00,F01,TRAP-A,23.67,85.58,11.89,0.0
2026-07-19 23:10:00,F01,TRAP-A,24.79,91.09,12.98,0.0
2026-07-19 23:20:00,F01,TRAP-A,23.2,92.67,8.21,0.0
2026-07-19 23:30:00,F01,TRAP-A,23.95,86.53,7.93,0.0
2026-07-19 23:40:00,F01,TRAP-A,23.89,90.16,13.46,0.0
2026-07-19 23:50:00,F01,TRAP-A,22.89,88.29,11.12,0.0
2026-07-20 00:00:00,F01,TRAP-A,24.07,92.35,8.67,1.49
2026-07-20 00:10:00,F01,TRAP-A,20.6,90.67,10.78,0.0
2026-07-20 00:20:00,F01,TRAP-A,21.87,91.5,14.68,0.0
2026-07-20 00:30:00,F01,TRAP-A,22.05,91.04,8.89,0.0
2026-07-20 00:40:00,F01,TRAP-A,22.06,94.08,9.11,0.0
2026-07-20 00:50:00,F01,TRAP-A,22.93,93.04,9.98,0.0
2026-07-20 01:00:00,F01,TRAP-A,22.84,93.21,12.35,0.0
2026-07-20 01:10:00,F01,TRAP-A,22.89,93.16,9.94,0.0
2026-07-20 01:20:00,F01,TRAP-A,23.02,94.29,14.6,0.0
2026-07-20 01:30:00,F01,TRAP-A,21.76,92.28,13.84,0.0
2026-07-20 01:40:00,F01,TRAP-A,21.53,97.23,12.3,0.0
2026-07-20 01:50:00,F01,TRAP-A,22.82,89.91,10.35,0.0
2026-07-20 02:00:00,F01,TRAP-A,22.0,88.67,23.46,0.0
2026-07-20 02:10:00,F01,TRAP-A,21.26,88.43,12.3,0.0
2026-07-20 02:20:00,F01,TRAP-A,23.31,87.68,12.22,0.0
2026-07-20 02:30:00,F01,TRAP-A,23.68,94.47,26.81,0.0
2026-07-20 02:40:00,F01,TRAP-A,23.85,94.04,16.67,0.0
2026-07-20 02:50:00,F01,TRAP-A,22.8,95.53,12.64,0.0
2026-07-20 03:00:00,F01,TRAP-A,23.2,89.69,12.56,0.0
2026-07-20 03:10:00,F01,TRAP-A,23.86,93.98,11.35,0.0
2026-07-20 03:20:00,F01,TRAP-A,22.32,92.03,18.99,0.0
2026-07-20 03:30:00,F01,TRAP-A,23.8,92.04,16.83,0.0
2026-07-20 03:40:00,F01,TRAP-A,23.22,92.9,12.48,0.0
2026-07-20 03:50:00,F01,TRAP-A,23.82,89.14,15.65,0.0
2026-07-20 04:00:00,F01,TRAP-A,23.34,97.16,15.85,0.0
2026-07-20 04:10:00,F01,TRAP-A,24.34,93.66,12.39,0.0
2026-07-20 04:20:00,F01,TRAP-A,23.6,88.61,14.54,0.0
2026-07-20 04:30:00,F01,TRAP-A,22.35,86.81,12.64,0.0
2026-07-20 04:40:00,F01,TRAP-A,24.83,88.89,16.49,0.0
2026-07-20 04:50:00,F01,TRAP-A,23.04,89.11,12.36,0.0
2026-07-20 05:00:00,F01,TRAP-A,24.95,90.85,15.22,0.0
2026-07-20 05:10:00,F01,TRAP-A,24.02,84.77,13.12,0.0
2026-07-20 05:20:00,F01,TRAP-A,25.18,87.9,12.07,0.0
2026-07-20 05:30:00,F01,TRAP-A,25.31,82.84,12.38,0.0
2026-07-20 05:40:00,F01,TRAP-A,24.91,87.21,15.19,0.0
2026-07-20 05:50:00,F01,TRAP-A,25.14,85.29,12.82,0.0
2026-07-20 06:00:00,F01,TRAP-A,25.24,89.83,14.99,0.0
2026-07-20 06:10:00,F01,TRAP-A,23.47,80.54,13.59,0.0
2026-07-20 06:20:00,F01,TRAP-A,25.35,87.23,15.51,0.0
2026-07-20 06:30:00,F01,TRAP-A,24.55,78.94,13.98,0.0
2026-07-20 06:40:00,F01,TRAP-A,25.76,79.26,13.02,0.0
2026-07-20 06:50:00,F01,TRAP-A,24.9,77.76,12.34,0.0
2026-07-20 07:00:00,F01,TRAP-A,25.06,81.94,13.07,0.0
2026-07-20 07:10:00,F01,TRAP-A,27.48,77.74,14.79,0.0
2026-07-20 07:20:00,F01,TRAP-A,27.25,76.66,15.75,0.0
2026-07-20 07:30:00,F01,TRAP-A,26.58,79.88,12.16,0.0
2026-07-20 07:40:00,F01,TRAP-A,26.93,79.85,14.83,0.0
2026-07-20 07:50:00,F01,TRAP-A,26.78,78.17,12.07,0.0
2026-07-20 08:00:00,F01,TRAP-A,27.63,77.01,12.14,0.0
2026-07-20 08:10:00,F01,TRAP-A,26.83,81.33,13.56,0.0
2026-07-20 08:20:00,F01,TRAP-A,28.36,76.48,12.21,0.0
2026-07-20 08:30:00,F01,TRAP-A,27.56,77.48,14.33,0.0
2026-07-20 08:40:00,F01,TRAP-A,27.62,75.18,20.32,0.0
2026-07-20 08:50:00,F01,TRAP-A,28.16,71.44,11.33,0.0
2026-07-20 09:00:00,F01,TRAP-A,27.86,74.93,13.25,0.0
2026-07-20 09:10:00,F01,TRAP-A,28.78,71.3,18.29,0.0
2026-07-20 09:20:00,F01,TRAP-A,28.27,72.1,11.03,0.0
2026-07-20 09:30:00,F01,TRAP-A,29.26,72.49,11.68,0.0
2026-07-20 09:40:00,F01,TRAP-A,30.03,66.28,10.56,0.0
2026-07-20 09:50:00,F01,TRAP-A,28.66,66.54,13.1,0.0
2026-07-20 10:00:00,F01,TRAP-A,29.3,72.27,13.18,0.0
2026-07-20 10:10:00,F01,TRAP-A,29.93,67.79,12.98,0.0
2026-07-20 10:20:00,F01,TRAP-A,29.37,67.38,11.89,0.0
2026-07-20 10:30:00,F01,TRAP-A,30.25,68.83,13.5,0.0
2026-07-20 10:40:00,F01,TRAP-A,30.47,66.95,9.33,0.0
2026-07-20 10:50:00,F01,TRAP-A,31.03,68.49,18.53,0.0
2026-07-20 11:00:00,F01,TRAP-A,29.82,66.86,9.64,0.0
2026-07-20 11:10:00,F01,TRAP-A,29.68,67.05,9.1,0.0
2026-07-20 11:20:00,F01,TRAP-A,30.31,64.39,17.04,0.0
2026-07-20 11:30:00,F01,TRAP-A,29.9,66.24,13.69,0.0
2026-07-20 11:40:00,F01,TRAP-A,31.24,68.15,12.54,0.24
2026-07-20 11:50:00,F01,TRAP-A,29.96,63.62,8.35,3.62
2026-07-20 12:00:00,F01,TRAP-A,32.85,67.02,12.79,0.0
2026-07-20 12:10:00,F01,TRAP-A,32.11,64.31,10.49,0.0
2026-07-20 12:20:00,F01,TRAP-A,31.16,66.0,11.45,0.0
2026-07-20 12:30:00,F01,TRAP-A,31.92,64.25,18.78,0.0
2026-07-20 12:40:00,F01,TRAP-A,29.98,63.63,7.8,0.0
2026-07-20 12:50:00,F01,TRAP-A,33.36,64.4,9.09,0.0
2026-07-20 13:00:00,F01,TRAP-A,30.92,66.4,11.01,0.0
2026-07-20 13:10:00,F01,TRAP-A,31.33,63.83,8.35,0.0
2026-07-20 13:20:00,F01,TRAP-A,29.97,64.33,6.65,0.0
2026-07-20 13:30:00,F01,TRAP-A,31.87,62.14,6.68,0.0
2026-07-20 13:40:00,F01,TRAP-A,30.61,66.94,8.93,0.0
2026-07-20 13:50:00,F01,TRAP-A,31.58,64.6,7.02,0.0
2026-07-20 14:00:00,F01,TRAP-A,31.06,63.21,6.31,0.0
2026-07-20 14:10:00,F01,TRAP-A,30.62,62.74,6.97,0.0
2026-07-20 14:20:00,F01,TRAP-A,30.82,65.56,6.25,0.0
2026-07-20 14:30:00,F01,TRAP-A,31.62,61.7,5.52,0.0
2026-07-20 14:40:00,F01,TRAP-A,30.37,58.88,5.81,0.0
2026-07-20 14:50:00,F01,TRAP-A,30.75,63.67,11.62,0.0
2026-07-20 15:00:00,F01,TRAP-A,31.83,66.65,5.1,0.0
2026-07-20 15:10:00,F01,TRAP-A,33.32,67.86,9.41,0.0
2026-07-20 15:20:00,F01,TRAP-A,31.55,63.85,9.04,0.0
2026-07-20 15:30:00,F01,TRAP-A,30.35,64.49,7.23,0.0
2026-07-20 15:40:00,F01,TRAP-A,30.71,65.96,5.34,0.0
2026-07-20 15:50:00,F01,TRAP-A,30.93,64.31,10.86,0.0
2026-07-20 16:00:00,F01,TRAP-A,30.53,66.6,6.39,0.0
2026-07-20 16:10:00,F01,TRAP-A,31.42,65.46,4.95,0.0
2026-07-20 16:20:00,F01,TRAP-A,30.76,68.59,5.99,0.0
2026-07-20 16:30:00,F01,TRAP-A,31.19,68.27,4.9,0.0
2026-07-20 16:40:00,F01,TRAP-A,30.08,68.92,5.61,0.0
2026-07-20 16:50:00,F01,TRAP-A,31.26,66.83,6.2,0.0
2026-07-20 17:00:00,F01,TRAP-A,29.92,72.63,5.44,0.0
2026-07-20 17:10:00,F01,TRAP-A,29.13,69.52,7.27,0.0
2026-07-20 17:20:00,F01,TRAP-A,31.5,69.43,12.28,0.0
2026-07-20 17:30:00,F01,TRAP-A,28.14,67.44,5.3,0.0
2026-07-20 17:40:00,F01,TRAP-A,28.84,69.64,5.32,0.0
2026-07-20 17:50:00,F01,TRAP-A,28.77,70.73,8.02,0.0
2026-07-20 18:00:00,F01,TRAP-A,31.1,69.05,6.27,0.0
2026-07-20 18:10:00,F01,TRAP-A,30.37,70.87,5.69,0.0
2026-07-20 18:20:00,F01,TRAP-A,29.94,71.78,9.07,0.0
2026-07-20 18:30:00,F01,TRAP-A,28.29,72.95,10.71,0.0
2026-07-20 18:40:00,F01,TRAP-A,30.31,69.02,6.77,0.0
2026-07-20 18:50:00,F01,TRAP-A,28.48,73.71,4.75,0.0
2026-07-20 19:00:00,F01,TRAP-A,28.78,73.74,6.06,0.0
2026-07-20 19:10:00,F01,TRAP-A,27.94,75.28,6.34,0.0
2026-07-20 19:20:00,F01,TRAP-A,27.57,78.56,6.0,0.0
2026-07-20 19:30:00,F01,TRAP-A,27.21,81.76,5.28,0.0
2026-07-20 19:40:00,F01,TRAP-A,27.05,78.98,6.36,0.0
2026-07-20 19:50:00,F01,TRAP-A,27.51,74.85,6.3,0.0
2026-07-20 20:00:00,F01,TRAP-A,27.12,77.72,5.32,0.0
2026-07-20 20:10:00,F01,TRAP-A,26.6,80.73,11.73,0.0
2026-07-20 20:20:00,F01,TRAP-A,27.64,81.1,11.31,0.0
2026-07-20 20:30:00,F01,TRAP-A,23.86,83.01,9.2,0.0
2026-07-20 20:40:00,F01,TRAP-A,26.45,80.94,6.58,0.0
2026-07-20 20:50:00,F01,TRAP-A,26.43,80.91,6.55,0.0
2026-07-20 21:00:00,F01,TRAP-A,26.58,86.83,9.07,0.0
2026-07-20 21:10:00,F01,TRAP-A,25.43,83.21,8.23,0.0
2026-07-20 21:20:00,F01,TRAP-A,25.46,81.14,8.3,0.0
2026-07-20 21:30:00,F01,TRAP-A,25.9,87.97,6.09,0.0
2026-07-20 21:40:00,F01,TRAP-A,26.13,81.13,8.73,0.0
2026-07-20 21:50:00,F01,TRAP-A,24.53,76.71,12.95,0.0
2026-07-20 22:00:00,F01,TRAP-A,24.81,87.93,6.41,0.0
2026-07-20 22:10:00,F01,TRAP-A,25.78,88.83,7.54,0.0
2026-07-20 22:20:00,F01,TRAP-A,22.58,88.11,8.59,3.84
2026-07-20 22:30:00,F01,TRAP-A,23.57,84.34,10.09,0.0
2026-07-20 22:40:00,F01,TRAP-A,25.15,87.94,7.06,0.53
2026-07-20 22:50:00,F01,TRAP-A,24.71,87.86,13.13,0.0
2026-07-20 23:00:00,F01,TRAP-A,24.11,87.67,7.24,0.0
2026-07-20 23:10:00,F01,TRAP-A,23.21,92.98,13.14,0.0
2026-07-20 23:20:00,F01,TRAP-A,22.74,87.24,7.54,0.0
2026-07-20 23:30:00,F01,TRAP-A,22.85,91.04,8.13,0.0
2026-07-20 23:40:00,F01,TRAP-A,24.45,93.6,12.64,0.0
2026-07-20 23:50:00,F01,TRAP-A,22.61,91.91,13.88,0.0
2026-07-21 00:00:00,F01,TRAP-A,23.1,94.38,20.25,0.0
2026-07-21 00:10:00,F01,TRAP-A,22.33,92.98,8.7,0.0
2026-07-21 00:20:00,F01,TRAP-A,23.52,92.91,10.75,0.0
2026-07-21 00:30:00,F01,TRAP-A,22.35,92.99,8.92,0.0
2026-07-21 00:40:00,F01,TRAP-A,22.64,93.82,9.36,0.0
2026-07-21 00:50:00,F01,TRAP-A,21.31,91.51,9.59,0.0
2026-07-21 01:00:00,F01,TRAP-A,21.32,89.38,9.38,0.0
2026-07-21 01:10:00,F01,TRAP-A,22.58,95.15,16.06,0.0
2026-07-21 01:20:00,F01,TRAP-A,21.48,95.77,9.92,0.0
2026-07-21 01:30:00,F01,TRAP-A,24.2,93.57,12.65,4.69
2026-07-21 01:40:00,F01,TRAP-A,20.86,91.61,12.78,5.23
2026-07-21 01:50:00,F01,TRAP-A,21.86,89.11,10.65,0.0
2026-07-21 02:00:00,F01,TRAP-A,22.52,93.2,29.47,0.0
2026-07-21 02:10:00,F01,TRAP-A,22.22,89.58,11.56,0.0
2026-07-21 02:20:00,F01,TRAP-A,21.65,89.16,17.49,1.03
2026-07-21 02:30:00,F01,TRAP-A,21.8,92.73,19.44,0.0
2026-07-21 02:40:00,F01,TRAP-A,21.81,90.75,19.62,0.0
2026-07-21 02:50:00,F01,TRAP-A,22.42,93.37,15.01,0.0
2026-07-21 03:00:00,F01,TRAP-A,24.26,91.93,11.82,0.0
2026-07-21 03:10:00,F01,TRAP-A,22.83,90.6,11.44,0.0
2026-07-21 03:20:00,F01,TRAP-A,23.78,87.62,13.69,0.0
2026-07-21 03:30:00,F01,TRAP-A,23.32,89.49,12.61,0.0
2026-07-21 03:40:00,F01,TRAP-A,23.89,89.29,16.7,0.0
2026-07-21 03:50:00,F01,TRAP-A,20.85,87.96,15.55,0.0
2026-07-21 04:00:00,F01,TRAP-A,22.95,89.86,12.51,0.0
2026-07-21 04:10:00,F01,TRAP-A,24.35,87.46,11.67,0.0
2026-07-21 04:20:00,F01,TRAP-A,22.96,89.53,12.5,0.0
2026-07-21 04:30:00,F01,TRAP-A,24.95,90.13,14.26,0.0
2026-07-21 04:40:00,F01,TRAP-A,24.86,87.04,12.06,0.0
2026-07-21 04:50:00,F01,TRAP-A,23.43,89.72,15.08,0.0
2026-07-21 05:00:00,F01,TRAP-A,23.54,84.78,15.24,0.0
2026-07-21 05:10:00,F01,TRAP-A,23.28,84.91,12.49,0.0
2026-07-21 05:20:00,F01,TRAP-A,23.74,86.9,14.68,0.0
2026-07-21 05:30:00,F01,TRAP-A,23.42,88.37,14.78,0.0
2026-07-21 05:40:00,F01,TRAP-A,24.91,88.28,13.95,0.0
2026-07-21 05:50:00,F01,TRAP-A,23.57,89.59,21.19,0.0
2026-07-21 06:00:00,F01,TRAP-A,25.39,84.04,12.34,0.0
2026-07-21 06:10:00,F01,TRAP-A,25.58,84.08,13.55,0.0
2026-07-21 06:20:00,F01,TRAP-A,23.93,81.22,18.4,0.0
2026-07-21 06:30:00,F01,TRAP-A,26.68,80.06,13.41,0.0
2026-07-21 06:40:00,F01,TRAP-A,26.04,83.14,13.57,0.0
2026-07-21 06:50:00,F01,TRAP-A,26.42,80.0,15.18,0.0
2026-07-21 07:00:00,F01,TRAP-A,25.4,84.39,15.11,0.0
2026-07-21 07:10:00,F01,TRAP-A,26.7,77.01,11.83,0.0
2026-07-21 07:20:00,F01,TRAP-A,27.29,81.24,13.53,0.0
2026-07-21 07:30:00,F01,TRAP-A,26.51,76.86,12.85,0.0
2026-07-21 07:40:00,F01,TRAP-A,28.39,76.67,14.52,0.0
2026-07-21 07:50:00,F01,TRAP-A,27.02,79.41,13.91,0.0
2026-07-21 08:00:00,F01,TRAP-A,28.09,75.72,14.54,0.0
2026-07-21 08:10:00,F01,TRAP-A,27.61,75.47,14.47,0.0
2026-07-21 08:20:00,F01,TRAP-A,28.04,74.07,12.07,0.0
2026-07-21 08:30:00,F01,TRAP-A,26.43,79.92,11.92,0.0
2026-07-21 08:40:00,F01,TRAP-A,28.25,73.27,12.35,0.0
2026-07-21 08:50:00,F01,TRAP-A,27.56,74.31,11.67,0.0
2026-07-21 09:00:00,F01,TRAP-A,27.66,73.04,14.16,0.0
2026-07-21 09:10:00,F01,TRAP-A,29.92,73.48,13.35,0.0
2026-07-21 09:20:00,F01,TRAP-A,28.53,70.78,11.18,0.0
2026-07-21 09:30:00,F01,TRAP-A,28.08,71.22,16.77,0.0
2026-07-21 09:40:00,F01,TRAP-A,28.77,72.11,12.02,0.0
2026-07-21 09:50:00,F01,TRAP-A,28.19,68.4,10.42,0.0
2026-07-21 10:00:00,F01,TRAP-A,30.55,72.72,10.58,0.0
2026-07-21 10:10:00,F01,TRAP-A,29.01,72.41,12.03,0.0
2026-07-21 10:20:00,F01,TRAP-A,30.15,70.43,10.79,0.0
2026-07-21 10:30:00,F01,TRAP-A,30.96,68.58,15.1,0.0
2026-07-21 10:40:00,F01,TRAP-A,29.63,60.44,11.27,0.0
2026-07-21 10:50:00,F01,TRAP-A,30.59,68.5,16.46,0.0
2026-07-21 11:00:00,F01,TRAP-A,29.48,66.0,9.2,0.0
2026-07-21 11:10:00,F01,TRAP-A,32.39,65.93,12.02,0.0
2026-07-21 11:20:00,F01,TRAP-A,31.31,61.39,15.05,0.0
2026-07-21 11:30:00,F01,TRAP-A,30.52,66.98,9.4,0.0
2026-07-21 11:40:00,F01,TRAP-A,30.17,61.76,8.63,0.0
2026-07-21 11:50:00,F01,TRAP-A,30.8,65.34,9.85,4.04
2026-07-21 12:00:00,F01,TRAP-A,30.71,66.99,17.6,0.0
2026-07-21 12:10:00,F01,TRAP-A,32.63,63.26,10.68,0.0
2026-07-21 12:20:00,F01,TRAP-A,30.17,67.21,10.59,0.0
2026-07-21 12:30:00,F01,TRAP-A,31.33,62.06,10.66,0.0
2026-07-21 12:40:00,F01,TRAP-A,31.27,65.21,7.27,0.0
2026-07-21 12:50:00,F01,TRAP-A,31.25,60.27,8.75,0.0
2026-07-21 13:00:00,F01,TRAP-A,31.3,65.95,7.06,0.0
2026-07-21 13:10:00,F01,TRAP-A,31.34,65.43,7.79,0.0
2026-07-21 13:20:00,F01,TRAP-A,32.16,64.31,11.66,0.0
2026-07-21 13:30:00,F01,TRAP-A,31.97,62.08,9.53,0.0
2026-07-21 13:40:00,F01,TRAP-A,31.83,59.51,22.43,0.0
2026-07-21 13:50:00,F01,TRAP-A,29.07,62.02,6.58,0.0
2026-07-21 14:00:00,F01,TRAP-A,31.74,65.79,7.38,0.0
2026-07-21 14:10:00,F01,TRAP-A,30.16,63.38,10.7,0.0
2026-07-21 14:20:00,F01,TRAP-A,31.98,59.24,6.31,0.0
2026-07-21 14:30:00,F01,TRAP-A,32.61,60.41,5.94,0.0
2026-07-21 14:40:00,F01,TRAP-A,30.66,66.48,6.98,0.0
2026-07-21 14:50:00,F01,TRAP-A,31.14,64.72,6.64,0.0
2026-07-21 15:00:00,F01,TRAP-A,30.82,60.59,16.83,0.0
2026-07-21 15:10:00,F01,TRAP-A,32.22,59.47,6.77,0.0
2026-07-21 15:20:00,F01,TRAP-A,31.24,62.56,10.76,0.0
2026-07-21 15:30:00,F01,TRAP-A,32.47,59.75,11.3,0.0
2026-07-21 15:40:00,F01,TRAP-A,31.33,64.28,5.15,0.0
2026-07-21 15:50:00,F01,TRAP-A,31.1,71.11,8.31,11.82
2026-07-21 16:00:00,F01,TRAP-A,30.86,61.32,5.44,0.0
2026-07-21 16:10:00,F01,TRAP-A,31.35,65.21,4.68,0.0
2026-07-21 16:20:00,F01,TRAP-A,29.19,69.34,10.54,0.0
2026-07-21 16:30:00,F01,TRAP-A,30.53,68.34,5.28,0.0
2026-07-21 16:40:00,F01,TRAP-A,30.27,66.53,5.46,0.0
2026-07-21 16:50:00,F01,TRAP-A,30.78,66.98,5.32,0.0
2026-07-21 17:00:00,F01,TRAP-A,29.9,64.93,4.77,0.0
2026-07-21 17:10:00,F01,TRAP-A,29.08,67.64,5.77,0.0
2026-07-21 17:20:00,F01,TRAP-A,29.76,69.43,5.71,0.34
2026-07-21 17:30:00,F01,TRAP-A,28.73,72.11,5.59,0.0
2026-07-21 17:40:00,F01,TRAP-A,27.89,68.34,11.45,0.0
2026-07-21 17:50:00,F01,TRAP-A,29.85,69.97,5.25,0.0
2026-07-21 18:00:00,F01,TRAP-A,29.56,68.65,4.1,0.0
2026-07-21 18:10:00,F01,TRAP-A,29.29,72.17,4.6,0.0
2026-07-21 18:20:00,F01,TRAP-A,29.78,74.16,7.87,0.0
2026-07-21 18:30:00,F01,TRAP-A,28.02,74.39,6.74,0.0
2026-07-21 18:40:00,F01,TRAP-A,27.23,70.51,13.18,0.0
2026-07-21 18:50:00,F01,TRAP-A,28.13,74.43,7.69,0.0
2026-07-21 19:00:00,F01,TRAP-A,27.71,73.0,4.83,0.0
2026-07-21 19:10:00,F01,TRAP-A,27.13,77.86,4.62,0.0
2026-07-21 19:20:00,F01,TRAP-A,27.54,75.58,6.51,0.0
2026-07-21 19:30:00,F01,TRAP-A,26.92,72.83,7.65,0.0
2026-07-21 19:40:00,F01,TRAP-A,25.75,76.74,4.99,0.0
2026-07-21 19:50:00,F01,TRAP-A,26.66,79.09,7.29,0.0
2026-07-21 20:00:00,F01,TRAP-A,25.91,79.21,10.63,0.0
2026-07-21 20:10:00,F01,TRAP-A,26.81,77.97,8.62,0.0
2026-07-21 20:20:00,F01,TRAP-A,25.91,78.44,8.09,0.0
2026-07-21 20:30:00,F01,TRAP-A,27.13,78.08,9.6,0.0
2026-07-21 20:40:00,F01,TRAP-A,27.33,80.2,5.37,0.0
2026-07-21 20:50:00,F01,TRAP-A,26.4,79.69,5.84,0.0
2026-07-21 21:00:00,F01,TRAP-A,24.42,84.88,5.4,0.0
2026-07-21 21:10:00,F01,TRAP-A,26.68,80.82,5.89,0.0
2026-07-21 21:20:00,F01,TRAP-A,26.55,83.99,12.88,0.0
2026-07-21 21:30:00,F01,TRAP-A,25.13,84.42,6.45,0.0
2026-07-21 21:40:00,F01,TRAP-A,26.0,87.24,9.09,0.0
2026-07-21 21:50:00,F01,TRAP-A,24.32,88.17,9.52,0.0
2026-07-21 22:00:00,F01,TRAP-A,23.1,87.75,9.25,0.0
2026-07-21 22:10:00,F01,TRAP-A,23.83,87.44,8.72,0.0
2026-07-21 22:20:00,F01,TRAP-A,25.66,84.46,8.45,0.0
2026-07-21 22:30:00,F01,TRAP-A,22.93,84.92,8.25,0.0
2026-07-21 22:40:00,F01,TRAP-A,23.97,85.98,14.25,0.0
2026-07-21 22:50:00,F01,TRAP-A,23.86,90.44,6.98,0.0
2026-07-21 23:00:00,F01,TRAP-A,23.28,89.2,7.28,0.0
2026-07-21 23:10:00,F01,TRAP-A,23.21,91.62,9.32,0.0
2026-07-21 23:20:00,F01,TRAP-A,23.5,92.37,8.67,0.0
2026-07-21 23:30:00,F01,TRAP-A,22.87,88.44,9.21,0.0
2026-07-21 23:40:00,F01,TRAP-A,22.08,90.7,26.23,0.0
2026-07-21 23:50:00,F01,TRAP-A,23.28,90.93,12.46,0.0
2026-07-22 00:00:00,F01,TRAP-A,23.88,90.46,14.46,0.0
2026-07-22 00:10:00,F01,TRAP-A,23.62,90.23,9.71,0.0
2026-07-22 00:20:00,F01,TRAP-A,22.2,94.8,9.33,0.0
2026-07-22 00:30:00,F01,TRAP-A,21.78,92.21,13.06,0.0
2026-07-22 00:40:00,F01,TRAP-A,22.49,92.32,13.79,0.0
2026-07-22 00:50:00,F01,TRAP-A,23.91,90.47,11.42,0.0
2026-07-22 01:00:00,F01,TRAP-A,23.13,94.32,15.98,0.0
2026-07-22 01:10:00,F01,TRAP-A,23.13,90.25,19.62,0.0
2026-07-22 01:20:00,F01,TRAP-A,23.25,94.0,11.43,0.0
2026-07-22 01:30:00,F01,TRAP-A,22.86,94.14,10.43,0.0
2026-07-22 01:40:00,F01,TRAP-A,22.6,91.95,12.02,0.0
2026-07-22 01:50:00,F01,TRAP-A,23.03,93.79,23.67,0.0
2026-07-22 02:00:00,F01,TRAP-A,22.07,93.45,11.18,0.0
2026-07-22 02:10:00,F01,TRAP-A,21.38,92.85,13.17,0.0
2026-07-22 02:20:00,F01,TRAP-A,23.11,92.91,13.98,0.0
2026-07-22 02:30:00,F01,TRAP-A,23.56,92.94,11.28,0.0
2026-07-22 02:40:00,F01,TRAP-A,21.71,92.98,13.35,0.0
2026-07-22 02:50:00,F01,TRAP-A,23.31,92.65,11.95,0.0
2026-07-22 03:00:00,F01,TRAP-A,24.05,89.56,16.72,0.0
2026-07-22 03:10:00,F01,TRAP-A,22.76,91.73,14.82,0.09
2026-07-22 03:20:00,F01,TRAP-A,22.18,92.54,16.41,0.0
2026-07-22 03:30:00,F01,TRAP-A,23.01,91.86,11.94,0.0
2026-07-22 03:40:00,F01,TRAP-A,22.56,93.72,11.47,0.0
2026-07-22 03:50:00,F01,TRAP-A,22.6,92.57,17.16,0.0
2026-07-22 04:00:00,F01,TRAP-A,23.54,88.51,13.01,0.0
2026-07-22 04:10:00,F01,TRAP-A,22.02,89.9,12.21,0.0
2026-07-22 04:20:00,F01,TRAP-A,22.26,89.16,11.98,0.0
2026-07-22 04:30:00,F01,TRAP-A,23.56,89.52,13.93,0.0
2026-07-22 04:40:00,F01,TRAP-A,23.65,89.09,12.3,0.0
2026-07-22 04:50:00,F01,TRAP-A,24.08,90.18,14.37,0.0
2026-07-22 05:00:00,F01,TRAP-A,25.45,88.62,15.8,0.0
2026-07-22 05:10:00,F01,TRAP-A,24.18,90.76,14.23,0.0
2026-07-22 05:20:00,F01,TRAP-A,24.73,87.78,18.98,0.0
2026-07-22 05:30:00,F01,TRAP-A,23.62,84.57,12.49,0.0
2026-07-22 05:40:00,F01,TRAP-A,25.18,84.94,14.04,0.0
2026-07-22 05:50:00,F01,TRAP-A,24.31,87.06,12.53,0.64
2026-07-22 06:00:00,F01,TRAP-A,24.96,80.94,18.26,0.0
2026-07-22 06:10:00,F01,TRAP-A,25.0,81.03,20.06,0.0
2026-07-22 06:20:00,F01,TRAP-A,26.09,83.82,13.5,0.0
2026-07-22 06:30:00,F01,TRAP-A,24.4,85.56,13.04,0.0
2026-07-22 06:40:00,F01,TRAP-A,23.8,85.83,12.89,0.0
2026-07-22 06:50:00,F01,TRAP-A,25.65,81.39,17.76,0.0
2026-07-22 07:00:00,F01,TRAP-A,26.38,83.95,15.26,0.0
2026-07-22 07:10:00,F01,TRAP-A,26.32,80.84,18.14,0.0
2026-07-22 07:20:00,F01,TRAP-A,27.38,76.18,12.08,0.0
2026-07-22 07:30:00,F01,TRAP-A,26.94,79.34,13.57,0.0
2026-07-22 07:40:00,F01,TRAP-A,26.34,77.16,14.94,0.0
2026-07-22 07:50:00,F01,TRAP-A,25.12,80.35,18.29,0.0
2026-07-22 08:00:00,F01,TRAP-A,26.99,77.34,12.83,0.0
2026-07-22 08:10:00,F01,TRAP-A,28.2,73.55,12.41,0.0
2026-07-22 08:20:00,F01,TRAP-A,27.26,72.35,18.51,0.0
2026-07-22 08:30:00,F01,TRAP-A,27.79,75.4,11.22,0.0
2026-07-22 08:40:00,F01,TRAP-A,28.29,68.76,12.92,0.0
2026-07-22 08:50:00,F01,TRAP-A,27.34,72.88,12.68,0.0
2026-07-22 09:00:00,F01,TRAP-A,28.84,74.12,11.19,0.0
2026-07-22 09:10:00,F01,TRAP-A,29.83,70.28,12.09,3.02
2026-07-22 09:20:00,F01,TRAP-A,28.57,74.8,14.29,0.0
2026-07-22 09:30:00,F01,TRAP-A,27.98,74.69,11.68,0.0
2026-07-22 09:40:00,F01,TRAP-A,29.01,68.58,11.27,0.0
2026-07-22 09:50:00,F01,TRAP-A,27.46,69.8,14.58,0.0
2026-07-22 10:00:00,F01,TRAP-A,29.67,72.47,23.31,0.0
2026-07-22 10:10:00,F01,TRAP-A,29.93,69.44,14.24,0.0
2026-07-22 10:20:00,F01,TRAP-A,31.07,65.43,15.16,0.0
2026-07-22 10:30:00,F01,TRAP-A,29.72,68.04,17.8,0.0
2026-07-22 10:40:00,F01,TRAP-A,30.35,65.77,14.07,0.0
2026-07-22 10:50:00,F01,TRAP-A,29.48,70.2,20.84,0.0
2026-07-22 11:00:00,F01,TRAP-A,30.02,68.49,13.01,0.0
2026-07-22 11:10:00,F01,TRAP-A,29.22,65.76,11.96,0.0
2026-07-22 11:20:00,F01,TRAP-A,30.4,66.49,12.08,0.0
2026-07-22 11:30:00,F01,TRAP-A,30.43,62.47,15.27,0.0
2026-07-22 11:40:00,F01,TRAP-A,31.03,63.49,11.64,0.0
2026-07-22 11:50:00,F01,TRAP-A,30.39,68.92,12.31,0.0
2026-07-22 12:00:00,F01,TRAP-A,31.05,64.85,8.57,3.12
2026-07-22 12:10:00,F01,TRAP-A,30.8,66.75,14.98,0.0
2026-07-22 12:20:00,F01,TRAP-A,30.89,64.74,9.27,0.0
2026-07-22 12:30:00,F01,TRAP-A,31.29,67.21,7.85,0.0
2026-07-22 12:40:00,F01,TRAP-A,31.32,58.71,11.97,0.0
2026-07-22 12:50:00,F01,TRAP-A,31.95,63.05,8.3,0.0
2026-07-22 13:00:00,F01,TRAP-A,31.29,67.48,7.42,0.0
2026-07-22 13:10:00,F01,TRAP-A,31.15,65.63,7.53,0.0
2026-07-22 13:20:00,F01,TRAP-A,31.31,66.45,6.59,0.0
2026-07-22 13:30:00,F01,TRAP-A,30.91,63.04,6.61,0.0
2026-07-22 13:40:00,F01,TRAP-A,31.21,61.67,8.86,0.0
2026-07-22 13:50:00,F01,TRAP-A,33.12,60.43,12.05,0.0
2026-07-22 14:00:00,F01,TRAP-A,30.77,60.27,7.65,0.0
2026-07-22 14:10:00,F01,TRAP-A,31.26,65.07,8.67,0.0
2026-07-22 14:20:00,F01,TRAP-A,31.15,64.4,10.55,0.0
2026-07-22 14:30:00,F01,TRAP-A,31.24,63.05,6.76,0.0
2026-07-22 14:40:00,F01,TRAP-A,31.13,64.61,8.49,0.0
2026-07-22 14:50:00,F01,TRAP-A,31.57,63.85,6.48,0.0
2026-07-22 15:00:00,F01,TRAP-A,29.93,66.08,8.15,0.0
2026-07-22 15:10:00,F01,TRAP-A,32.06,66.27,5.68,0.0
2026-07-22 15:20:00,F01,TRAP-A,31.67,61.46,16.26,0.0
2026-07-22 15:30:00,F01,TRAP-A,30.09,65.07,4.97,0.0
2026-07-22 15:40:00,F01,TRAP-A,29.18,60.5,6.75,0.0
2026-07-22 15:50:00,F01,TRAP-A,30.12,65.32,5.55,0.0
2026-07-22 16:00:00,F01,TRAP-A,30.61,66.83,7.21,0.0
2026-07-22 16:10:00,F01,TRAP-A,32.76,62.4,6.06,0.0
2026-07-22 16:20:00,F01,TRAP-A,31.01,65.03,5.41,0.0
2026-07-22 16:30:00,F01,TRAP-A,29.01,66.5,5.11,0.0
2026-07-22 16:40:00,F01,TRAP-A,29.78,67.49,4.79,0.0
2026-07-22 16:50:00,F01,TRAP-A,30.15,66.66,8.72,0.0
2026-07-22 17:00:00,F01,TRAP-A,30.25,64.9,4.85,0.0
2026-07-22 17:10:00,F01,TRAP-A,28.85,68.18,8.52,0.0
2026-07-22 17:20:00,F01,TRAP-A,29.64,64.7,6.03,0.0
2026-07-22 17:30:00,F01,TRAP-A,29.02,68.77,4.24,0.0
2026-07-22 17:40:00,F01,TRAP-A,28.55,68.79,4.55,0.0
2026-07-22 17:50:00,F01,TRAP-A,29.47,70.12,10.7,0.0
2026-07-22 18:00:00,F01,TRAP-A,29.71,69.63,6.77,0.0
2026-07-22 18:10:00,F01,TRAP-A,29.59,67.84,4.63,0.0
2026-07-22 18:20:00,F01,TRAP-A,29.2,71.3,7.68,0.0
2026-07-22 18:30:00,F01,TRAP-A,28.16,75.15,9.26,0.0
2026-07-22 18:40:00,F01,TRAP-A,28.94,76.59,5.3,0.0
2026-07-22 18:50:00,F01,TRAP-A,28.43,80.17,6.57,0.0
2026-07-22 19:00:00,F01,TRAP-A,28.1,78.93,5.22,0.0
2026-07-22 19:10:00,F01,TRAP-A,27.31,72.35,4.49,0.0
2026-07-22 19:20:00,F01,TRAP-A,27.21,74.97,5.83,0.0
2026-07-22 19:30:00,F01,TRAP-A,27.47,76.58,8.55,0.0
2026-07-22 19:40:00,F01,TRAP-A,29.16,77.08,6.29,0.0
2026-07-22 19:50:00,F01,TRAP-A,27.26,78.12,6.09,0.0
2026-07-22 20:00:00,F01,TRAP-A,26.33,84.62,5.99,0.0
2026-07-22 20:10:00,F01,TRAP-A,25.96,76.55,6.56,0.0
2026-07-22 20:20:00,F01,TRAP-A,26.03,78.12,5.97,0.0
2026-07-22 20:30:00,F01,TRAP-A,27.98,84.66,7.77,0.0
2026-07-22 20:40:00,F01,TRAP-A,25.72,79.66,5.24,0.0
2026-07-22 20:50:00,F01,TRAP-A,26.58,82.82,10.1,0.0
2026-07-22 21:00:00,F01,TRAP-A,25.36,85.05,5.86,0.0
2026-07-22 21:10:00,F01,TRAP-A,25.68,84.3,8.43,0.0
2026-07-22 21:20:00,F01,TRAP-A,25.93,84.17,7.35,0.0
2026-07-22 21:30:00,F01,TRAP-A,24.65,86.64,10.15,0.0
2026-07-22 21:40:00,F01,TRAP-A,24.42,82.65,11.09,0.0
2026-07-22 21:50:00,F01,TRAP-A,26.09,84.21,6.67,0.0
2026-07-22 22:00:00,F01,TRAP-A,25.38,87.36,9.53,0.0
2026-07-22 22:10:00,F01,TRAP-A,25.06,81.39,6.93,0.0
2026-07-22 22:20:00,F01,TRAP-A,24.9,90.63,6.85,0.0
2026-07-22 22:30:00,F01,TRAP-A,24.49,88.36,14.61,0.0
2026-07-22 22:40:00,F01,TRAP-A,25.59,88.48,7.32,0.0
2026-07-22 22:50:00,F01,TRAP-A,23.86,84.49,7.73,0.0
2026-07-22 23:00:00,F01,TRAP-A,24.15,85.81,7.54,0.0
2026-07-22 23:10:00,F01,TRAP-A,22.4,88.46,9.2,0.0
2026-07-22 23:20:00,F01,TRAP-A,22.78,91.89,15.03,0.0
2026-07-22 23:30:00,F01,TRAP-A,22.36,85.07,8.56,0.0
2026-07-22 23:40:00,F01,TRAP-A,24.23,92.59,10.15,0.0
2026-07-22 23:50:00,F01,TRAP-A,21.07,90.06,9.58,0.0
2026-07-23 00:00:00,F01,TRAP-A,22.69,90.72,9.39,0.0
2026-07-23 00:10:00,F01,TRAP-A,20.53,92.21,10.88,0.0
2026-07-23 00:20:00,F01,TRAP-A,22.18,92.51,10.96,0.0
2026-07-23 00:30:00,F01,TRAP-A,22.38,90.3,10.02,0.0
2026-07-23 00:40:00,F01,TRAP-A,23.82,93.85,14.56,0.0
2026-07-23 00:50:00,F01,TRAP-A,22.97,86.68,9.19,0.0
2026-07-23 01:00:00,F01,TRAP-A,21.94,91.51,9.46,0.0
2026-07-23 01:10:00,F01,TRAP-A,23.42,93.15,23.41,0.0
2026-07-23 01:20:00,F01,TRAP-A,22.55,92.0,13.65,0.0
2026-07-23 01:30:00,F01,TRAP-A,22.55,88.37,14.57,0.0
2026-07-23 01:40:00,F01,TRAP-A,21.54,94.88,12.6,0.0
2026-07-23 01:50:00,F01,TRAP-A,21.71,89.88,11.62,0.0
2026-07-23 02:00:00,F01,TRAP-A,21.84,92.82,13.11,0.0
2026-07-23 02:10:00,F01,TRAP-A,22.55,93.33,10.57,0.0
2026-07-23 02:20:00,F01,TRAP-A,22.6,92.93,14.68,0.0
2026-07-23 02:30:00,F01,TRAP-A,23.8,95.7,12.9,0.0
2026-07-23 02:40:00,F01,TRAP-A,22.91,92.52,20.11,0.0
2026-07-23 02:50:00,F01,TRAP-A,20.48,93.57,13.86,0.0
2026-07-23 03:00:00,F01,TRAP-A,22.91,92.18,11.43,0.0
2026-07-23 03:10:00,F01,TRAP-A,21.61,93.64,13.0,0.0
2026-07-23 03:20:00,F01,TRAP-A,22.06,95.36,11.34,0.0
2026-07-23 03:30:00,F01,TRAP-A,22.27,91.96,15.37,0.0
2026-07-23 03:40:00,F01,TRAP-A,22.47,93.28,13.46,0.0
2026-07-23 03:50:00,F01,TRAP-A,22.0,94.65,12.84,0.0
2026-07-23 04:00:00,F01,TRAP-A,23.36,94.07,21.92,0.0
2026-07-23 04:10:00,F01,TRAP-A,22.18,89.35,20.09,1.44
2026-07-23 04:20:00,F01,TRAP-A,23.71,92.52,20.85,0.0
2026-07-23 04:30:00,F01,TRAP-A,25.33,90.14,12.5,0.0
2026-07-23 04:40:00,F01,TRAP-A,22.61,91.89,15.72,0.0
2026-07-23 04:50:00,F01,TRAP-A,23.58,90.06,20.58,0.0
2026-07-23 05:00:00,F01,TRAP-A,21.93,88.86,14.44,0.0
2026-07-23 05:10:00,F01,TRAP-A,23.86,88.76,12.66,0.0
2026-07-23 05:20:00,F01,TRAP-A,24.76,87.81,17.07,0.0
2026-07-23 05:30:00,F01,TRAP-A,24.98,87.38,18.34,0.0
2026-07-23 05:40:00,F01,TRAP-A,24.63,85.7,15.64,0.0
2026-07-23 05:50:00,F01,TRAP-A,25.45,84.91,13.04,0.0
2026-07-23 06:00:00,F01,TRAP-A,26.95,89.38,12.63,0.0
2026-07-23 06:10:00,F01,TRAP-A,26.45,85.58,14.92,0.0
2026-07-23 06:20:00,F01,TRAP-A,24.85,82.35,13.95,0.0
2026-07-23 06:30:00,F01,TRAP-A,24.29,82.48,15.26,0.0
2026-07-23 06:40:00,F01,TRAP-A,25.31,85.2,12.26,0.0
2026-07-23 06:50:00,F01,TRAP-A,25.06,80.09,12.31,0.0
2026-07-23 07:00:00,F01,TRAP-A,26.37,77.59,13.17,0.0
2026-07-23 07:10:00,F01,TRAP-A,25.26,77.13,12.66,0.0
2026-07-23 07:20:00,F01,TRAP-A,26.34,75.68,14.6,0.0
2026-07-23 07:30:00,F01,TRAP-A,27.26,76.11,13.01,0.0
2026-07-23 07:40:00,F01,TRAP-A,26.71,75.75,15.01,0.0
2026-07-23 07:50:00,F01,TRAP-A,26.23,81.51,15.86,0.0
2026-07-23 08:00:00,F01,TRAP-A,28.12,77.28,12.0,0.0
2026-07-23 08:10:00,F01,TRAP-A,25.87,75.83,18.85,0.0
2026-07-23 08:20:00,F01,TRAP-A,27.31,72.48,15.82,0.0
2026-07-23 08:30:00,F01,TRAP-A,27.73,75.09,14.03,0.0
2026-07-23 08:40:00,F01,TRAP-A,27.97,70.46,18.15,0.0
2026-07-23 08:50:00,F01,TRAP-A,28.3,73.24,11.76,0.0
2026-07-23 09:00:00,F01,TRAP-A,28.83,78.7,12.35,0.0
2026-07-23 09:10:00,F01,TRAP-A,28.5,74.57,10.85,0.0
2026-07-23 09:20:00,F01,TRAP-A,28.41,71.78,12.27,0.0
2026-07-23 09:30:00,F01,TRAP-A,28.56,73.45,12.42,0.0
2026-07-23 09:40:00,F01,TRAP-A,28.58,69.81,13.03,0.0
2026-07-23 09:50:00,F01,TRAP-A,29.87,68.54,10.21,0.0
2026-07-23 10:00:00,F01,TRAP-A,28.89,74.24,9.96,0.0
2026-07-23 10:10:00,F01,TRAP-A,30.25,66.58,11.34,0.0
2026-07-23 10:20:00,F01,TRAP-A,29.74,68.02,10.17,0.0
2026-07-23 10:30:00,F01,TRAP-A,29.46,69.16,13.65,0.0
2026-07-23 10:40:00,F01,TRAP-A,30.52,65.56,12.53,0.0
2026-07-23 10:50:00,F01,TRAP-A,29.59,69.05,10.23,0.0
2026-07-23 11:00:00,F01,TRAP-A,30.82,66.21,9.02,0.0
2026-07-23 11:10:00,F01,TRAP-A,30.61,68.2,9.31,0.0
2026-07-23 11:20:00,F01,TRAP-A,30.08,67.59,12.06,0.0
2026-07-23 11:30:00,F01,TRAP-A,31.1,65.13,22.23,0.0
2026-07-23 11:40:00,F01,TRAP-A,31.22,69.65,9.37,0.0
2026-07-23 11:50:00,F01,TRAP-A,31.82,63.37,12.87,0.0
2026-07-23 12:00:00,F01,TRAP-A,31.76,68.09,13.89,0.0
2026-07-23 12:10:00,F01,TRAP-A,31.47,67.36,7.81,0.0
2026-07-23 12:20:00,F01,TRAP-A,30.25,68.59,14.93,0.16
2026-07-23 12:30:00,F01,TRAP-A,33.18,64.36,9.2,0.0
2026-07-23 12:40:00,F01,TRAP-A,30.16,61.74,17.14,0.0
2026-07-23 12:50:00,F01,TRAP-A,32.1,68.72,9.3,0.0
2026-07-23 13:00:00,F01,TRAP-A,31.74,62.53,7.61,0.0
2026-07-23 13:10:00,F01,TRAP-A,30.49,61.2,17.67,0.0
2026-07-23 13:20:00,F01,TRAP-A,31.36,62.66,7.32,0.0
2026-07-23 13:30:00,F01,TRAP-A,31.42,60.61,12.74,0.0
2026-07-23 13:40:00,F01,TRAP-A,32.54,64.33,6.73,0.0
2026-07-23 13:50:00,F01,TRAP-A,30.93,61.49,9.38,0.0
2026-07-23 14:00:00,F01,TRAP-A,31.29,62.29,7.45,0.0
2026-07-23 14:10:00,F01,TRAP-A,29.62,65.47,16.44,0.0
2026-07-23 14:20:00,F01,TRAP-A,32.85,64.68,6.19,0.0
2026-07-23 14:30:00,F01,TRAP-A,30.58,63.26,7.02,0.0
2026-07-23 14:40:00,F01,TRAP-A,31.66,63.77,8.37,0.0
2026-07-23 14:50:00,F01,TRAP-A,31.27,63.53,16.58,0.0
2026-07-23 15:00:00,F01,TRAP-A,31.22,62.6,6.15,1.69
2026-07-23 15:10:00,F01,TRAP-A,31.88,63.88,6.46,0.0
2026-07-23 15:20:00,F01,TRAP-A,32.5,65.35,6.69,0.0
2026-07-23 15:30:00,F01,TRAP-A,31.29,64.07,5.6,0.0
2026-07-23 15:40:00,F01,TRAP-A,31.52,65.72,9.73,0.0
2026-07-23 15:50:00,F01,TRAP-A,31.17,62.89,4.83,0.0
2026-07-23 16:00:00,F01,TRAP-A,31.62,63.81,8.12,0.0
2026-07-23 16:10:00,F01,TRAP-A,30.32,63.85,6.67,0.0
2026-07-23 16:20:00,F01,TRAP-A,31.44,64.66,5.14,0.0
2026-07-23 16:30:00,F01,TRAP-A,31.34,69.7,6.28,0.0
2026-07-23 16:40:00,F01,TRAP-A,31.19,68.73,9.5,0.0
2026-07-23 16:50:00,F01,TRAP-A,29.66,64.67,5.91,0.0
2026-07-23 17:00:00,F01,TRAP-A,29.92,68.93,4.49,0.0
2026-07-23 17:10:00,F01,TRAP-A,30.09,67.35,4.19,0.0
2026-07-23 17:20:00,F01,TRAP-A,28.65,67.13,8.55,0.0
2026-07-23 17:30:00,F01,TRAP-A,30.87,65.64,5.22,0.0
2026-07-23 17:40:00,F01,TRAP-A,29.42,72.33,12.04,0.0
2026-07-23 17:50:00,F01,TRAP-A,29.49,67.05,6.88,0.0
2026-07-23 18:00:00,F01,TRAP-A,28.63,70.9,5.72,7.05
2026-07-23 18:10:00,F01,TRAP-A,27.85,69.25,6.51,0.75
2026-07-23 18:20:00,F01,TRAP-A,28.25,74.16,5.87,0.0
2026-07-23 18:30:00,F01,TRAP-A,28.73,71.99,11.15,0.0
2026-07-23 18:40:00,F01,TRAP-A,28.9,73.11,5.93,0.0
2026-07-23 18:50:00,F01,TRAP-A,28.31,73.82,4.46,0.0
2026-07-23 19:00:00,F01,TRAP-A,28.26,75.47,6.91,0.0
2026-07-23 19:10:00,F01,TRAP-A,27.53,75.38,7.16,0.0
2026-07-23 19:20:00,F01,TRAP-A,28.0,75.89,8.65,0.0
2026-07-23 19:30:00,F01,TRAP-A,28.59,75.35,12.49,0.0
2026-07-23 19:40:00,F01,TRAP-A,27.77,73.36,6.2,0.0
2026-07-23 19:50:00,F01,TRAP-A,27.66,75.16,5.83,0.0
2026-07-23 20:00:00,F01,TRAP-A,27.05,80.41,6.64,0.0
2026-07-23 20:10:00,F01,TRAP-A,25.42,78.5,11.63,0.0
2026-07-23 20:20:00,F01,TRAP-A,25.59,78.25,16.55,0.0
2026-07-23 20:30:00,F01,TRAP-A,26.6,77.05,15.57,0.0
2026-07-23 20:40:00,F01,TRAP-A,26.03,76.9,5.83,0.0
2026-07-23 20:50:00,F01,TRAP-A,26.2,80.08,7.22,0.0
2026-07-23 21:00:00,F01,TRAP-A,27.0,84.69,6.19,0.0
2026-07-23 21:10:00,F01,TRAP-A,26.05,81.7,6.8,0.0
2026-07-23 21:20:00,F01,TRAP-A,26.3,84.7,5.65,0.0
2026-07-23 21:30:00,F01,TRAP-A,25.19,82.79,6.22,0.0
2026-07-23 21:40:00,F01,TRAP-A,24.29,86.48,7.36,0.0
2026-07-23 21:50:00,F01,TRAP-A,24.72,84.58,7.35,0.0
2026-07-23 22:00:00,F01,TRAP-A,23.95,82.94,7.12,0.0
2026-07-23 22:10:00,F01,TRAP-A,25.68,85.9,7.08,0.0
2026-07-23 22:20:00,F01,TRAP-A,24.9,91.68,10.6,0.0
2026-07-23 22:30:00,F01,TRAP-A,24.53,92.08,7.67,0.0
2026-07-23 22:40:00,F01,TRAP-A,24.96,89.32,10.46,0.0
2026-07-23 22:50:00,F01,TRAP-A,22.21,88.23,8.33,0.0
2026-07-23 23:00:00,F01,TRAP-A,24.16,89.79,11.98,0.0
2026-07-23 23:10:00,F01,TRAP-A,22.51,90.25,7.84,0.0
2026-07-23 23:20:00,F01,TRAP-A,23.43,89.77,7.98,0.0
2026-07-23 23:30:00,F01,TRAP-A,23.07,91.36,11.05,0.0
2026-07-23 23:40:00,F01,TRAP-A,23.74,91.15,15.21,0.0
2026-07-23 23:50:00,F01,TRAP-A,23.29,90.18,8.45,0.0
2026-07-24 00:00:00,F01,TRAP-A,24.09,88.3,8.39,0.0
2026-07-24 00:10:00,F01,TRAP-A,22.45,90.43,16.52,0.0
2026-07-24 00:20:00,F01,TRAP-A,23.41,93.84,8.89,0.0
2026-07-24 00:30:00,F01,TRAP-A,22.91,92.0,9.55,0.0
2026-07-24 00:40:00,F01,TRAP-A,21.4,93.04,16.81,0.0
2026-07-24 00:50:00,F01,TRAP-A,21.92,91.77,13.9,1.07
2026-07-24 01:00:00,F01,TRAP-A,22.49,89.99,10.45,0.0
2026-07-24 01:10:00,F01,TRAP-A,23.46,92.17,18.63,0.0
2026-07-24 01:20:00,F01,TRAP-A,22.91,90.31,12.04,0.0
2026-07-24 01:30:00,F01,TRAP-A,21.58,90.22,9.91,0.0
2026-07-24 01:40:00,F01,TRAP-A,22.39,96.0,13.48,0.0
2026-07-24 01:50:00,F01,TRAP-A,24.11,91.95,12.3,0.0
2026-07-24 02:00:00,F01,TRAP-A,22.59,91.13,12.69,0.0
2026-07-24 02:10:00,F01,TRAP-A,22.25,96.99,25.69,0.0
2026-07-24 02:20:00,F01,TRAP-A,22.93,94.91,10.92,0.0
2026-07-24 02:30:00,F01,TRAP-A,23.18,91.85,13.77,0.0
2026-07-24 02:40:00,F01,TRAP-A,22.24,93.72,12.54,0.0
2026-07-24 02:50:00,F01,TRAP-A,23.05,91.91,11.77,0.0
2026-07-24 03:00:00,F01,TRAP-A,22.44,90.59,14.49,0.0
2026-07-24 03:10:00,F01,TRAP-A,23.34,93.3,14.37,0.0
2026-07-24 03:20:00,F01,TRAP-A,22.97,91.06,16.99,0.0
2026-07-24 03:30:00,F01,TRAP-A,23.3,91.8,17.6,0.0
2026-07-24 03:40:00,F01,TRAP-A,22.4,93.88,13.84,0.0
2026-07-24 03:50:00,F01,TRAP-A,22.44,93.29,12.64,0.0
2026-07-24 04:00:00,F01,TRAP-A,23.95,89.3,13.81,0.0
2026-07-24 04:10:00,F01,TRAP-A,23.24,91.53,12.96,0.0
2026-07-24 04:20:00,F01,TRAP-A,23.65,87.11,12.67,0.0
2026-07-24 04:30:00,F01,TRAP-A,23.3,90.64,14.16,0.0
2026-07-24 04:40:00,F01,TRAP-A,24.39,89.46,15.03,0.0
2026-07-24 04:50:00,F01,TRAP-A,23.32,89.58,14.54,0.0
2026-07-24 05:00:00,F01,TRAP-A,23.84,87.42,21.17,0.0
2026-07-24 05:10:00,F01,TRAP-A,24.73,92.88,13.0,0.0
2026-07-24 05:20:00,F01,TRAP-A,25.19,84.91,13.36,0.0
2026-07-24 05:30:00,F01,TRAP-A,23.99,89.07,15.29,4.31
2026-07-24 05:40:00,F01,TRAP-A,26.14,83.52,14.75,0.0
2026-07-24 05:50:00,F01,TRAP-A,24.99,86.8,12.01,0.0
2026-07-24 06:00:00,F01,TRAP-A,24.08,86.4,13.12,0.0
2026-07-24 06:10:00,F01,TRAP-A,25.38,84.51,12.86,0.0
2026-07-24 06:20:00,F01,TRAP-A,24.96,82.54,17.46,0.0
2026-07-24 06:30:00,F01,TRAP-A,25.8,83.52,17.98,0.0
2026-07-24 06:40:00,F01,TRAP-A,25.6,83.22,12.91,0.0
2026-07-24 06:50:00,F01,TRAP-A,25.88,86.4,12.19,0.0
2026-07-24 07:00:00,F01,TRAP-A,25.28,79.11,12.51,0.0
2026-07-24 07:10:00,F01,TRAP-A,27.0,79.26,12.35,0.0
2026-07-24 07:20:00,F01,TRAP-A,25.48,80.71,12.51,0.0
2026-07-24 07:30:00,F01,TRAP-A,25.71,78.71,12.43,0.0
2026-07-24 07:40:00,F01,TRAP-A,27.09,78.45,13.51,0.0
2026-07-24 07:50:00,F01,TRAP-A,28.27,80.72,12.62,0.0
2026-07-24 08:00:00,F01,TRAP-A,26.9,70.34,13.84,0.0
2026-07-24 08:10:00,F01,TRAP-A,27.94,75.24,12.55,0.43
2026-07-24 08:20:00,F01,TRAP-A,28.43,71.73,16.24,0.0
2026-07-24 08:30:00,F01,TRAP-A,28.42,72.45,20.11,0.0
2026-07-24 08:40:00,F01,TRAP-A,27.71,80.8,12.51,0.0
2026-07-24 08:50:00,F01,TRAP-A,27.28,75.65,10.99,0.0
2026-07-24 09:00:00,F01,TRAP-A,26.58,75.91,11.53,0.0
2026-07-24 09:10:00,F01,TRAP-A,28.32,72.71,10.9,0.0
2026-07-24 09:20:00,F01,TRAP-A,29.65,74.19,11.71,0.0
2026-07-24 09:30:00,F01,TRAP-A,27.99,67.28,13.41,0.0
2026-07-24 09:40:00,F01,TRAP-A,29.63,73.71,12.35,0.0
2026-07-24 09:50:00,F01,TRAP-A,28.48,68.49,10.84,0.0
2026-07-24 10:00:00,F01,TRAP-A,29.49,68.65,14.23,0.0
2026-07-24 10:10:00,F01,TRAP-A,30.14,70.69,10.12,0.0
2026-07-24 10:20:00,F01,TRAP-A,29.2,69.69,10.32,0.0
2026-07-24 10:30:00,F01,TRAP-A,30.02,68.6,12.76,0.0
2026-07-24 10:40:00,F01,TRAP-A,29.7,64.49,9.87,0.0
2026-07-24 10:50:00,F01,TRAP-A,30.74,67.67,12.45,0.0
2026-07-24 11:00:00,F01,TRAP-A,30.5,69.37,20.19,0.0
2026-07-24 11:10:00,F01,TRAP-A,30.48,65.2,14.04,0.0
2026-07-24 11:20:00,F01,TRAP-A,31.81,69.41,9.06,0.0
2026-07-24 11:30:00,F01,TRAP-A,31.21,63.55,10.56,0.0
2026-07-24 11:40:00,F01,TRAP-A,30.24,65.39,9.83,0.0
2026-07-24 11:50:00,F01,TRAP-A,30.82,68.87,22.37,0.0
2026-07-24 12:00:00,F01,TRAP-A,30.93,63.01,17.84,0.0
2026-07-24 12:10:00,F01,TRAP-A,31.14,67.06,8.07,0.0
2026-07-24 12:20:00,F01,TRAP-A,33.17,69.09,14.67,0.0
2026-07-24 12:30:00,F01,TRAP-A,31.52,64.35,7.96,0.0
2026-07-24 12:40:00,F01,TRAP-A,29.66,62.39,8.3,0.0
2026-07-24 12:50:00,F01,TRAP-A,30.91,61.59,8.28,0.0
2026-07-24 13:00:00,F01,TRAP-A,29.84,66.63,7.82,0.0
2026-07-24 13:10:00,F01,TRAP-A,31.17,66.43,12.4,0.0
2026-07-24 13:20:00,F01,TRAP-A,29.87,66.76,7.68,0.0
2026-07-24 13:30:00,F01,TRAP-A,30.78,62.98,11.41,0.0
2026-07-24 13:40:00,F01,TRAP-A,30.28,65.61,21.7,0.0
2026-07-24 13:50:00,F01,TRAP-A,31.81,62.88,11.52,0.0
2026-07-24 14:00:00,F01,TRAP-A,31.5,60.8,7.13,0.0
2026-07-24 14:10:00,F01,TRAP-A,31.73,65.86,9.44,0.0
2026-07-24 14:20:00,F01,TRAP-A,31.38,67.21,7.86,0.0
2026-07-24 14:30:00,F01,TRAP-A,30.32,60.67,10.07,0.0
2026-07-24 14:40:00,F01,TRAP-A,31.81,60.75,5.8,0.0
2026-07-24 14:50:00,F01,TRAP-A,32.89,63.6,8.23,0.0
2026-07-24 15:00:00,F01,TRAP-A,31.62,66.07,9.52,0.0
2026-07-24 15:10:00,F01,TRAP-A,30.89,61.06,9.24,0.0
2026-07-24 15:20:00,F01,TRAP-A,30.02,64.69,14.77,0.0
2026-07-24 15:30:00,F01,TRAP-A,30.36,62.91,4.91,0.0
2026-07-24 15:40:00,F01,TRAP-A,31.36,66.43,5.9,0.0
2026-07-24 15:50:00,F01,TRAP-A,31.76,63.0,6.48,0.0
2026-07-24 16:00:00,F01,TRAP-A,31.01,67.26,5.57,0.0
2026-07-24 16:10:00,F01,TRAP-A,31.33,65.3,5.49,0.0
2026-07-24 16:20:00,F01,TRAP-A,31.14,63.73,4.89,0.0
2026-07-24 16:30:00,F01,TRAP-A,30.86,66.64,9.27,0.0
2026-07-24 16:40:00,F01,TRAP-A,29.8,62.07,11.35,0.0
2026-07-24 16:50:00,F01,TRAP-A,30.33,65.97,4.4,0.0
2026-07-24 17:00:00,F01,TRAP-A,29.37,68.68,4.6,0.0
2026-07-24 17:10:00,F01,TRAP-A,29.92,63.9,4.84,0.0
2026-07-24 17:20:00,F01,TRAP-A,30.01,62.41,6.17,0.0
2026-07-24 17:30:00,F01,TRAP-A,30.93,63.52,8.71,0.0
2026-07-24 17:40:00,F01,TRAP-A,28.38,73.23,4.23,0.0
2026-07-24 17:50:00,F01,TRAP-A,29.65,70.28,7.04,0.0
2026-07-24 18:00:00,F01,TRAP-A,30.27,69.71,4.49,0.0
2026-07-24 18:10:00,F01,TRAP-A,29.52,73.99,14.68,0.0
2026-07-24 18:20:00,F01,TRAP-A,29.4,71.21,10.9,0.0
2026-07-24 18:30:00,F01,TRAP-A,29.02,73.51,13.02,0.0
2026-07-24 18:40:00,F01,TRAP-A,29.4,73.52,4.43,0.0
2026-07-24 18:50:00,F01,TRAP-A,27.31,72.9,6.14,0.0
2026-07-24 19:00:00,F01,TRAP-A,26.88,75.45,4.72,0.0
2026-07-24 19:10:00,F01,TRAP-A,27.79,77.29,6.99,0.0
2026-07-24 19:20:00,F01,TRAP-A,25.87,75.54,5.1,0.0
2026-07-24 19:30:00,F01,TRAP-A,28.39,75.5,8.79,0.0
2026-07-24 19:40:00,F01,TRAP-A,28.18,76.45,7.55,2.51
2026-07-24 19:50:00,F01,TRAP-A,26.66,72.22,7.07,0.0
2026-07-24 20:00:00,F01,TRAP-A,26.52,79.32,9.85,0.0
2026-07-24 20:10:00,F01,TRAP-A,26.56,76.25,6.8,0.0
2026-07-24 20:20:00,F01,TRAP-A,26.47,81.5,5.76,3.47
2026-07-24 20:30:00,F01,TRAP-A,26.33,80.34,7.84,0.0
2026-07-24 20:40:00,F01,TRAP-A,26.48,81.47,14.49,0.0
2026-07-24 20:50:00,F01,TRAP-A,25.71,83.6,7.92,0.0
2026-07-24 21:00:00,F01,TRAP-A,26.41,80.16,8.27,0.0
2026-07-24 21:10:00,F01,TRAP-A,25.83,84.02,13.61,0.0
2026-07-24 21:20:00,F01,TRAP-A,24.8,84.37,7.73,0.0
2026-07-24 21:30:00,F01,TRAP-A,26.18,83.84,22.54,0.0
2026-07-24 21:40:00,F01,TRAP-A,23.85,82.57,6.36,0.0
2026-07-24 21:50:00,F01,TRAP-A,24.69,86.96,8.3,0.0
2026-07-24 22:00:00,F01,TRAP-A,25.37,87.79,6.86,0.0
2026-07-24 22:10:00,F01,TRAP-A,23.85,86.86,8.11,0.0
2026-07-24 22:20:00,F01,TRAP-A,24.52,84.43,7.02,0.0
2026-07-24 22:30:00,F01,TRAP-A,24.55,86.29,7.38,0.0
2026-07-24 22:40:00,F01,TRAP-A,23.28,87.96,7.5,0.0
2026-07-24 22:50:00,F01,TRAP-A,23.77,90.3,8.11,0.0
2026-07-24 23:00:00,F01,TRAP-A,23.56,85.08,7.56,0.0
2026-07-24 23:10:00,F01,TRAP-A,23.12,88.06,12.27,0.0
2026-07-24 23:20:00,F01,TRAP-A,25.28,88.87,8.22,0.0
2026-07-24 23:30:00,F01,TRAP-A,22.71,90.06,9.26,0.0
2026-07-24 23:40:00,F01,TRAP-A,24.01,87.38,7.86,0.0
2026-07-24 23:50:00,F01,TRAP-A,22.79,90.43,8.32,0.3
2026-07-25 00:00:00,F01,TRAP-A,22.14,90.51,14.96,0.0
2026-07-25 00:10:00,F01,TRAP-A,23.01,88.99,13.78,0.0
2026-07-25 00:20:00,F01,TRAP-A,23.37,91.55,14.03,0.0
2026-07-25 00:30:00,F01,TRAP-A,23.51,90.73,10.27,0.0
2026-07-25 00:40:00,F01,TRAP-A,23.96,93.53,9.31,0.0
2026-07-25 00:50:00,F01,TRAP-A,25.01,90.27,9.37,0.0
2026-07-25 01:00:00,F01,TRAP-A,22.81,92.86,11.98,0.0
2026-07-25 01:10:00,F01,TRAP-A,22.04,90.74,14.64,0.0
2026-07-25 01:20:00,F01,TRAP-A,22.9,91.37,16.43,0.0
2026-07-25 01:30:00,F01,TRAP-A,22.31,93.68,10.7,4.82
2026-07-25 01:40:00,F01,TRAP-A,23.25,93.57,11.0,0.81
2026-07-25 01:50:00,F01,TRAP-A,21.46,91.96,10.31,4.2
2026-07-25 02:00:00,F01,TRAP-A,24.4,92.31,14.61,0.0
2026-07-25 02:10:00,F01,TRAP-A,23.2,89.31,11.25,0.0
2026-07-25 02:20:00,F01,TRAP-A,21.19,96.38,12.39,0.0
2026-07-25 02:30:00,F01,TRAP-A,22.0,94.5,18.49,0.0
2026-07-25 02:40:00,F01,TRAP-A,23.26,94.28,14.88,0.0
2026-07-25 02:50:00,F01,TRAP-A,23.59,88.51,10.98,0.0
2026-07-25 03:00:00,F01,TRAP-A,21.69,90.83,10.97,0.0
2026-07-25 03:10:00,F01,TRAP-A,23.34,91.27,15.7,0.0
2026-07-25 03:20:00,F01,TRAP-A,21.28,87.04,13.58,0.0
2026-07-25 03:30:00,F01,TRAP-A,22.85,93.83,15.09,0.0
2026-07-25 03:40:00,F01,TRAP-A,23.89,94.96,11.88,0.0
2026-07-25 03:50:00,F01,TRAP-A,22.66,96.16,17.63,0.0
2026-07-25 04:00:00,F01,TRAP-A,21.99,88.05,16.0,0.0
2026-07-25 04:10:00,F01,TRAP-A,23.42,90.6,18.27,0.0
2026-07-25 04:20:00,F01,TRAP-A,22.94,93.23,12.94,0.0
2026-07-25 04:30:00,F01,TRAP-A,24.05,88.88,12.72,0.0
2026-07-25 04:40:00,F01,TRAP-A,22.97,87.67,12.31,0.0
2026-07-25 04:50:00,F01,TRAP-A,23.19,83.97,19.84,0.0
2026-07-25 05:00:00,F01,TRAP-A,22.34,90.99,12.49,0.0
2026-07-25 05:10:00,F01,TRAP-A,24.24,87.62,12.32,0.0
2026-07-25 05:20:00,F01,TRAP-A,24.12,85.34,12.61,0.0
2026-07-25 05:30:00,F01,TRAP-A,23.46,87.34,16.41,0.0
2026-07-25 05:40:00,F01,TRAP-A,24.73,86.47,18.6,0.0
2026-07-25 05:50:00,F01,TRAP-A,25.56,85.95,17.0,0.0
2026-07-25 06:00:00,F01,TRAP-A,24.74,84.41,14.48,0.0
2026-07-25 06:10:00,F01,TRAP-A,25.3,88.43,27.28,0.0
2026-07-25 06:20:00,F01,TRAP-A,25.49,83.44,12.18,0.0
2026-07-25 06:30:00,F01,TRAP-A,24.49,87.21,18.0,0.0
2026-07-25 06:40:00,F01,TRAP-A,27.28,83.95,13.58,0.0
2026-07-25 06:50:00,F01,TRAP-A,25.45,82.79,13.69,0.0
2026-07-25 07:00:00,F01,TRAP-A,26.54,81.0,12.23,0.0
2026-07-25 07:10:00,F01,TRAP-A,26.82,83.07,11.86,0.0
2026-07-25 07:20:00,F01,TRAP-A,26.29,80.27,12.84,0.0
2026-07-25 07:30:00,F01,TRAP-A,27.08,77.01,12.21,0.0
2026-07-25 07:40:00,F01,TRAP-A,26.99,76.27,13.53,0.0
2026-07-25 07:50:00,F01,TRAP-A,25.86,79.09,11.95,0.0
2026-07-25 08:00:00,F01,TRAP-A,26.92,75.11,11.82,0.0
2026-07-25 08:10:00,F01,TRAP-A,26.89,76.57,17.57,0.0
2026-07-25 08:20:00,F01,TRAP-A,27.21,78.72,18.81,0.0
2026-07-25 08:30:00,F01,TRAP-A,26.73,76.19,21.06,0.0
2026-07-25 08:40:00,F01,TRAP-A,28.87,72.98,14.38,0.0
2026-07-25 08:50:00,F01,TRAP-A,29.44,77.68,15.26,0.0
2026-07-25 09:00:00,F01,TRAP-A,29.13,74.89,16.13,0.0
2026-07-25 09:10:00,F01,TRAP-A,29.55,75.45,13.8,0.0
2026-07-25 09:20:00,F01,TRAP-A,28.44,66.62,11.64,0.0
2026-07-25 09:30:00,F01,TRAP-A,28.38,72.52,10.81,0.49
2026-07-25 09:40:00,F01,TRAP-A,28.45,73.21,10.97,0.0
2026-07-25 09:50:00,F01,TRAP-A,29.76,74.78,15.51,0.0
2026-07-25 10:00:00,F01,TRAP-A,29.59,66.31,13.43,0.0
2026-07-25 10:10:00,F01,TRAP-A,29.51,72.44,11.52,0.0
2026-07-25 10:20:00,F01,TRAP-A,30.77,73.01,9.63,0.0
2026-07-25 10:30:00,F01,TRAP-A,30.21,63.34,10.3,0.0
2026-07-25 10:40:00,F01,TRAP-A,29.36,69.09,13.13,0.0
2026-07-25 10:50:00,F01,TRAP-A,29.63,68.96,11.2,0.0
2026-07-25 11:00:00,F01,TRAP-A,30.86,66.15,10.59,0.0
2026-07-25 11:10:00,F01,TRAP-A,31.27,65.31,9.83,0.0
2026-07-25 11:20:00,F01,TRAP-A,31.01,67.79,11.33,0.2
2026-07-25 11:30:00,F01,TRAP-A,32.2,64.19,18.54,0.0
2026-07-25 11:40:00,F01,TRAP-A,32.1,64.82,15.12,0.0
2026-07-25 11:50:00,F01,TRAP-A,31.25,67.06,8.1,0.0
2026-07-25 12:00:00,F01,TRAP-A,30.32,69.1,9.8,0.0
2026-07-25 12:10:00,F01,TRAP-A,30.03,65.76,8.86,2.13
2026-07-25 12:20:00,F01,TRAP-A,30.84,64.49,9.63,0.0
2026-07-25 12:30:00,F01,TRAP-A,31.83,62.62,10.11,0.0
2026-07-25 12:40:00,F01,TRAP-A,32.75,61.18,7.81,0.0
2026-07-25 12:50:00,F01,TRAP-A,31.68,66.29,11.54,0.0
2026-07-25 13:00:00,F01,TRAP-A,32.33,62.98,8.74,0.0
2026-07-25 13:10:00,F01,TRAP-A,31.23,66.11,21.13,0.0
2026-07-25 13:20:00,F01,TRAP-A,31.96,62.31,6.55,0.0
2026-07-25 13:30:00,F01,TRAP-A,32.14,61.44,6.95,0.0
2026-07-25 13:40:00,F01,TRAP-A,29.91,64.07,9.67,0.0
2026-07-25 13:50:00,F01,TRAP-A,31.17,62.81,9.57,0.0
2026-07-25 14:00:00,F01,TRAP-A,32.26,60.0,8.48,0.0
2026-07-25 14:10:00,F01,TRAP-A,31.7,67.6,16.44,0.0
2026-07-25 14:20:00,F01,TRAP-A,30.51,61.56,7.18,0.0
2026-07-25 14:30:00,F01,TRAP-A,29.49,65.54,7.05,0.0
2026-07-25 14:40:00,F01,TRAP-A,31.1,65.45,12.54,0.0
2026-07-25 14:50:00,F01,TRAP-A,31.29,60.35,7.5,0.0
2026-07-25 15:00:00,F01,TRAP-A,30.59,61.18,6.37,0.0
2026-07-25 15:10:00,F01,TRAP-A,31.35,63.14,8.75,0.0
2026-07-25 15:20:00,F01,TRAP-A,31.57,61.97,7.73,0.0
2026-07-25 15:30:00,F01,TRAP-A,31.62,68.71,5.83,0.0
2026-07-25 15:40:00,F01,TRAP-A,29.11,64.18,5.69,0.0
2026-07-25 15:50:00,F01,TRAP-A,29.85,67.22,6.05,0.0
2026-07-25 16:00:00,F01,TRAP-A,30.56,66.62,4.68,0.0
2026-07-25 16:10:00,F01,TRAP-A,31.15,66.35,12.95,0.0
2026-07-25 16:20:00,F01,TRAP-A,30.97,66.18,4.91,0.0
2026-07-25 16:30:00,F01,TRAP-A,30.83,69.58,4.89,0.0
2026-07-25 16:40:00,F01,TRAP-A,30.02,64.86,7.31,0.0
2026-07-25 16:50:00,F01,TRAP-A,29.93,71.69,8.0,0.0
2026-07-25 17:00:00,F01,TRAP-A,29.46,64.63,8.1,0.0
2026-07-25 17:10:00,F01,TRAP-A,30.51,70.29,5.47,0.0
2026-07-25 17:20:00,F01,TRAP-A,29.01,65.33,10.23,0.0
2026-07-25 17:30:00,F01,TRAP-A,30.27,68.58,6.37,0.0
2026-07-25 17:40:00,F01,TRAP-A,29.59,70.15,5.74,0.0
2026-07-25 17:50:00,F01,TRAP-A,29.22,69.26,8.99,0.0
2026-07-25 18:00:00,F01,TRAP-A,28.56,70.59,4.84,0.0
2026-07-25 18:10:00,F01,TRAP-A,27.83,68.17,9.92,0.0
2026-07-25 18:20:00,F01,TRAP-A,28.21,69.76,6.36,0.0
2026-07-25 18:30:00,F01,TRAP-A,28.28,74.09,10.97,0.0
2026-07-25 18:40:00,F01,TRAP-A,26.47,73.53,4.77,0.0
2026-07-25 18:50:00,F01,TRAP-A,28.02,72.36,12.38,0.0
2026-07-25 19:00:00,F01,TRAP-A,28.72,78.03,7.68,0.0
2026-07-25 19:10:00,F01,TRAP-A,28.24,72.32,7.13,0.0
2026-07-25 19:20:00,F01,TRAP-A,27.2,75.11,5.95,0.0
2026-07-25 19:30:00,F01,TRAP-A,27.44,75.4,13.76,0.0
2026-07-25 19:40:00,F01,TRAP-A,26.76,78.85,6.21,0.0
2026-07-25 19:50:00,F01,TRAP-A,27.13,78.09,6.6,0.0
2026-07-25 20:00:00,F01,TRAP-A,28.04,78.35,9.18,0.0
2026-07-25 20:10:00,F01,TRAP-A,27.39,74.67,5.72,0.0
2026-07-25 20:20:00,F01,TRAP-A,26.84,82.09,5.86,4.18
2026-07-25 20:30:00,F01,TRAP-A,25.83,80.03,9.41,0.0
2026-07-25 20:40:00,F01,TRAP-A,26.63,81.51,5.46,0.0
2026-07-25 20:50:00,F01,TRAP-A,24.49,79.98,10.36,0.0
2026-07-25 21:00:00,F01,TRAP-A,25.45,80.22,8.24,0.0
2026-07-25 21:10:00,F01,TRAP-A,25.94,86.85,7.75,0.0
2026-07-25 21:20:00,F01,TRAP-A,25.88,79.28,6.34,0.0
2026-07-25 21:30:00,F01,TRAP-A,25.64,81.68,10.33,0.0
2026-07-25 21:40:00,F01,TRAP-A,25.17,88.6,10.75,0.0
2026-07-25 21:50:00,F01,TRAP-A,24.6,87.08,7.97,0.0
2026-07-25 22:00:00,F01,TRAP-A,25.02,85.22,7.62,0.0
2026-07-25 22:10:00,F01,TRAP-A,23.66,89.7,7.15,0.0
2026-07-25 22:20:00,F01,TRAP-A,23.59,88.23,10.67,0.0
2026-07-25 22:30:00,F01,TRAP-A,24.16,88.2,9.68,0.0
2026-07-25 22:40:00,F01,TRAP-A,24.1,88.68,7.48,0.0
2026-07-25 22:50:00,F01,TRAP-A,22.36,89.75,11.7,0.0
2026-07-25 23:00:00,F01,TRAP-A,24.05,90.3,13.54,0.0
2026-07-25 23:10:00,F01,TRAP-A,24.18,94.96,7.48,0.0
2026-07-25 23:20:00,F01,TRAP-A,23.37,89.4,11.91,0.0
2026-07-25 23:30:00,F01,TRAP-A,25.22,89.86,13.39,0.0
2026-07-25 23:40:00,F01,TRAP-A,22.66,87.54,22.12,0.0
2026-07-25 23:50:00,F01,TRAP-A,22.82,90.85,8.81,0.0
2026-07-26 00:00:00,F01,TRAP-A,22.7,95.95,9.56,0.0
2026-07-26 00:10:00,F01,TRAP-A,22.86,94.04,18.5,0.0
2026-07-26 00:20:00,F01,TRAP-A,22.58,90.49,8.81,0.0
2026-07-26 00:30:00,F01,TRAP-A,21.65,92.16,10.91,0.0
2026-07-26 00:40:00,F01,TRAP-A,22.27,89.06,10.98,0.0
2026-07-26 00:50:00,F01,TRAP-A,22.58,90.06,11.83,0.0
2026-07-26 01:00:00,F01,TRAP-A,23.59,93.01,10.4,0.0
2026-07-26 01:10:00,F01,TRAP-A,24.33,91.53,17.17,0.0
2026-07-26 01:20:00,F01,TRAP-A,23.61,90.26,10.47,0.0
2026-07-26 01:30:00,F01,TRAP-A,21.9,94.17,12.83,0.0
2026-07-26 01:40:00,F01,TRAP-A,21.95,92.78,11.9,0.0
2026-07-26 01:50:00,F01,TRAP-A,22.37,89.08,10.92,0.0
2026-07-26 02:00:00,F01,TRAP-A,23.93,87.8,10.77,0.0
2026-07-26 02:10:00,F01,TRAP-A,22.38,91.52,19.7,0.0
2026-07-26 02:20:00,F01,TRAP-A,21.48,88.9,12.9,0.0
2026-07-26 02:30:00,F01,TRAP-A,22.17,88.1,13.35,0.0
2026-07-26 02:40:00,F01,TRAP-A,23.21,95.47,15.28,0.0
2026-07-26 02:50:00,F01,TRAP-A,23.2,92.25,11.08,0.0
2026-07-26 03:00:00,F01,TRAP-A,22.55,91.65,14.7,0.0
2026-07-26 03:10:00,F01,TRAP-A,23.32,91.63,11.6,0.0
2026-07-26 03:20:00,F01,TRAP-A,21.02,89.02,15.22,0.0
2026-07-26 03:30:00,F01,TRAP-A,23.0,92.63,11.73,0.0
2026-07-26 03:40:00,F01,TRAP-A,23.69,90.99,16.73,0.0
2026-07-26 03:50:00,F01,TRAP-A,22.43,89.11,14.89,1.0
2026-07-26 04:00:00,F01,TRAP-A,22.53,89.15,13.01,0.0
2026-07-26 04:10:00,F01,TRAP-A,21.82,87.23,12.96,0.0
2026-07-26 04:20:00,F01,TRAP-A,24.7,88.9,12.18,0.0
2026-07-26 04:30:00,F01,TRAP-A,22.97,88.91,18.79,0.0
2026-07-26 04:40:00,F01,TRAP-A,23.87,88.0,12.19,0.0
2026-07-26 04:50:00,F01,TRAP-A,24.3,88.76,13.78,0.0
2026-07-26 05:00:00,F01,TRAP-A,25.16,87.96,12.71,0.0
2026-07-26 05:10:00,F01,TRAP-A,23.98,88.24,28.76,0.86
2026-07-26 05:20:00,F01,TRAP-A,23.82,89.51,14.61,0.0
2026-07-26 05:30:00,F01,TRAP-A,24.55,88.11,12.47,0.0
2026-07-26 05:40:00,F01,TRAP-A,25.6,88.47,15.3,0.0
2026-07-26 05:50:00,F01,TRAP-A,24.61,83.4,26.34,0.0
2026-07-26 06:00:00,F01,TRAP-A,24.15,83.68,14.78,0.0
2026-07-26 06:10:00,F01,TRAP-A,23.86,86.0,13.82,0.0
2026-07-26 06:20:00,F01,TRAP-A,24.29,85.44,13.01,0.0
2026-07-26 06:30:00,F01,TRAP-A,26.14,81.46,12.23,0.0
2026-07-26 06:40:00,F01,TRAP-A,25.38,84.07,12.68,0.0
2026-07-26 06:50:00,F01,TRAP-A,25.34,79.55,14.29,0.0
2026-07-26 07:00:00,F01,TRAP-A,25.45,82.48,16.02,0.0
2026-07-26 07:10:00,F01,TRAP-A,26.28,80.57,18.07,0.0
2026-07-26 07:20:00,F01,TRAP-A,26.21,76.52,16.43,0.0
2026-07-26 07:30:00,F01,TRAP-A,26.38,78.25,12.03,0.0
2026-07-26 07:40:00,F01,TRAP-A,27.88,84.14,16.01,0.0
2026-07-26 07:50:00,F01,TRAP-A,28.22,78.53,14.08,0.0
2026-07-26 08:00:00,F01,TRAP-A,25.9,83.12,13.28,0.0
2026-07-26 08:10:00,F01,TRAP-A,27.65,73.11,13.83,0.0
2026-07-26 08:20:00,F01,TRAP-A,26.96,77.95,11.2,0.0
2026-07-26 08:30:00,F01,TRAP-A,27.57,69.09,11.28,0.0
2026-07-26 08:40:00,F01,TRAP-A,28.21,74.78,13.19,0.0
2026-07-26 08:50:00,F01,TRAP-A,27.99,75.72,11.41,0.0
2026-07-26 09:00:00,F01,TRAP-A,28.53,75.61,13.07,0.0
2026-07-26 09:10:00,F01,TRAP-A,29.07,70.9,11.89,0.0
2026-07-26 09:20:00,F01,TRAP-A,28.95,74.88,17.58,0.0
2026-07-26 09:30:00,F01,TRAP-A,28.38,70.35,19.27,0.0
2026-07-26 09:40:00,F01,TRAP-A,28.57,70.69,21.86,0.0
2026-07-26 09:50:00,F01,TRAP-A,28.09,69.44,16.88,0.0
2026-07-26 10:00:00,F01,TRAP-A,28.73,67.12,22.64,0.0
2026-07-26 10:10:00,F01,TRAP-A,31.14,73.34,13.37,0.0
2026-07-26 10:20:00,F01,TRAP-A,29.1,69.01,19.23,0.0
2026-07-26 10:30:00,F01,TRAP-A,28.93,71.1,12.45,0.0
2026-07-26 10:40:00,F01,TRAP-A,30.29,70.5,14.18,1.39
2026-07-26 10:50:00,F01,TRAP-A,30.09,64.99,9.47,0.0
2026-07-26 11:00:00,F01,TRAP-A,30.16,70.0,12.32,0.0
2026-07-26 11:10:00,F01,TRAP-A,31.57,67.78,16.73,0.0
2026-07-26 11:20:00,F01,TRAP-A,31.0,63.51,10.86,0.0
2026-07-26 11:30:00,F01,TRAP-A,30.26,66.85,8.98,0.0
2026-07-26 11:40:00,F01,TRAP-A,30.45,62.81,10.43,0.0
2026-07-26 11:50:00,F01,TRAP-A,30.49,69.04,11.69,0.0
2026-07-26 12:00:00,F01,TRAP-A,31.69,66.74,12.24,0.0
2026-07-26 12:10:00,F01,TRAP-A,30.83,64.24,9.88,0.0
2026-07-26 12:20:00,F01,TRAP-A,29.72,67.31,8.22,0.0
2026-07-26 12:30:00,F01,TRAP-A,31.19,59.96,15.15,0.0
2026-07-26 12:40:00,F01,TRAP-A,30.06,61.83,11.6,0.0
2026-07-26 12:50:00,F01,TRAP-A,33.09,62.89,7.92,0.0
2026-07-26 13:00:00,F01,TRAP-A,30.62,68.95,11.81,0.0
2026-07-26 13:10:00,F01,TRAP-A,31.3,60.56,7.92,0.0
2026-07-26 13:20:00,F01,TRAP-A,31.67,58.86,7.6,0.0
2026-07-26 13:30:00,F01,TRAP-A,31.25,59.45,12.28,0.0
2026-07-26 13:40:00,F01,TRAP-A,31.26,65.28,12.36,0.0
2026-07-26 13:50:00,F01,TRAP-A,31.84,61.51,7.53,0.0
2026-07-26 14:00:00,F01,TRAP-A,32.72,62.62,5.88,0.0
2026-07-26 14:10:00,F01,TRAP-A,32.1,64.96,6.33,0.0
2026-07-26 14:20:00,F01,TRAP-A,32.65,62.73,12.77,0.0
2026-07-26 14:30:00,F01,TRAP-A,30.6,63.73,12.3,0.0
2026-07-26 14:40:00,F01,TRAP-A,31.65,64.69,7.11,0.0
2026-07-26 14:50:00,F01,TRAP-A,31.47,62.43,6.26,0.0
2026-07-26 15:00:00,F01,TRAP-A,31.57,63.27,6.14,0.0
2026-07-26 15:10:00,F01,TRAP-A,32.33,64.5,11.76,0.0
2026-07-26 15:20:00,F01,TRAP-A,30.98,66.3,6.01,0.0
2026-07-26 15:30:00,F01,TRAP-A,30.76,62.41,6.88,0.0
2026-07-26 15:40:00,F01,TRAP-A,31.42,57.13,8.57,0.0
2026-07-26 15:50:00,F01,TRAP-A,29.48,66.7,5.24,0.0
2026-07-26 16:00:00,F01,TRAP-A,30.61,67.66,5.33,0.0
2026-07-26 16:10:00,F01,TRAP-A,30.58,66.2,5.71,0.0
2026-07-26 16:20:00,F01,TRAP-A,29.84,66.76,7.49,0.0
2026-07-26 16:30:00,F01,TRAP-A,31.3,65.08,9.35,0.0
2026-07-26 16:40:00,F01,TRAP-A,29.47,68.18,6.56,0.0
2026-07-26 16:50:00,F01,TRAP-A,30.08,69.51,4.57,0.0
2026-07-26 17:00:00,F01,TRAP-A,30.28,67.99,5.87,0.0
2026-07-26 17:10:00,F01,TRAP-A,30.98,74.57,4.47,0.0
2026-07-26 17:20:00,F01,TRAP-A,29.74,64.94,4.31,0.0
2026-07-26 17:30:00,F01,TRAP-A,30.34,69.78,6.69,0.0
2026-07-26 17:40:00,F01,TRAP-A,29.98,66.98,13.39,0.0
2026-07-26 17:50:00,F01,TRAP-A,29.35,72.68,9.45,0.0
2026-07-26 18:00:00,F01,TRAP-A,28.21,67.1,8.47,0.0
2026-07-26 18:10:00,F01,TRAP-A,27.76,68.3,7.91,0.0
2026-07-26 18:20:00,F01,TRAP-A,28.81,70.66,10.86,0.0
2026-07-26 18:30:00,F01,TRAP-A,28.11,73.51,8.25,0.0
2026-07-26 18:40:00,F01,TRAP-A,29.1,71.98,7.05,0.0
2026-07-26 18:50:00,F01,TRAP-A,28.77,72.63,5.5,0.0
2026-07-26 19:00:00,F01,TRAP-A,27.83,74.28,4.5,0.0
2026-07-26 19:10:00,F01,TRAP-A,26.86,74.77,6.09,0.0
2026-07-26 19:20:00,F01,TRAP-A,28.0,79.74,12.06,0.0
2026-07-26 19:30:00,F01,TRAP-A,26.58,78.38,7.0,0.0
2026-07-26 19:40:00,F01,TRAP-A,26.6,76.51,5.06,0.0
2026-07-26 19:50:00,F01,TRAP-A,26.22,83.22,7.67,0.0
2026-07-26 20:00:00,F01,TRAP-A,26.7,79.86,6.5,0.0
2026-07-26 20:10:00,F01,TRAP-A,27.55,76.86,12.76,0.0
2026-07-26 20:20:00,F01,TRAP-A,26.42,80.58,5.35,0.0
2026-07-26 20:30:00,F01,TRAP-A,25.87,81.92,8.67,0.0
2026-07-26 20:40:00,F01,TRAP-A,24.81,79.51,8.48,0.0
2026-07-26 20:50:00,F01,TRAP-A,26.28,79.23,17.49,0.0
2026-07-26 21:00:00,F01,TRAP-A,25.03,82.71,7.79,0.0
2026-07-26 21:10:00,F01,TRAP-A,25.56,82.21,11.58,0.0
2026-07-26 21:20:00,F01,TRAP-A,25.0,87.42,5.64,0.0
2026-07-26 21:30:00,F01,TRAP-A,25.77,86.17,6.09,0.0
2026-07-26 21:40:00,F01,TRAP-A,24.8,83.3,7.12,0.0
2026-07-26 21:50:00,F01,TRAP-A,24.71,86.55,8.89,0.0
2026-07-26 22:00:00,F01,TRAP-A,24.98,89.21,7.94,0.0
2026-07-26 22:10:00,F01,TRAP-A,26.11,83.1,6.98,0.0
2026-07-26 22:20:00,F01,TRAP-A,24.98,84.56,9.13,0.0
2026-07-26 22:30:00,F01,TRAP-A,24.04,87.6,9.14,0.99
2026-07-26 22:40:00,F01,TRAP-A,23.97,88.21,9.02,0.0
2026-07-26 22:50:00,F01,TRAP-A,23.4,88.46,7.24,0.0
2026-07-26 23:00:00,F01,TRAP-A,22.93,88.27,14.98,0.0
2026-07-26 23:10:00,F01,TRAP-A,23.11,88.66,9.99,0.0
2026-07-26 23:20:00,F01,TRAP-A,22.82,90.85,8.39,0.0
2026-07-26 23:30:00,F01,TRAP-A,23.84,93.11,11.13,0.0
2026-07-26 23:40:00,F01,TRAP-A,22.35,89.44,8.97,0.0
2026-07-26 23:50:00,F01,TRAP-A,24.17,97.08,10.11,0.0
2026-07-27 00:00:00,F01,TRAP-A,23.61,96.2,9.42,0.0
2026-07-27 00:10:00,F01,TRAP-A,22.94,94.91,14.71,0.0
2026-07-27 00:20:00,F01,TRAP-A,22.85,93.41,23.85,0.0
2026-07-27 00:30:00,F01,TRAP-A,22.33,97.11,9.22,0.0
2026-07-27 00:40:00,F01,TRAP-A,22.93,91.57,8.93,0.0
2026-07-27 00:50:00,F01,TRAP-A,23.53,90.4,9.77,0.0
2026-07-27 01:00:00,F01,TRAP-A,22.05,91.32,11.87,0.0
2026-07-27 01:10:00,F01,TRAP-A,21.34,90.26,9.94,0.0
2026-07-27 01:20:00,F01,TRAP-A,23.1,93.17,14.53,0.0
2026-07-27 01:30:00,F01,TRAP-A,22.78,93.69,11.26,0.0
2026-07-27 01:40:00,F01,TRAP-A,21.61,93.49,12.67,0.0
2026-07-27 01:50:00,F01,TRAP-A,21.91,92.97,11.82,0.0
2026-07-27 02:00:00,F01,TRAP-A,21.82,93.32,17.15,0.0
2026-07-27 02:10:00,F01,TRAP-A,21.94,97.29,10.4,0.0
2026-07-27 02:20:00,F01,TRAP-A,22.28,94.42,14.35,0.0
2026-07-27 02:30:00,F01,TRAP-A,22.35,95.08,13.73,0.0
2026-07-27 02:40:00,F01,TRAP-A,22.08,93.13,13.84,0.0
2026-07-27 02:50:00,F01,TRAP-A,22.05,88.46,12.43,0.0
2026-07-27 03:00:00,F01,TRAP-A,22.52,87.78,10.99,0.0
2026-07-27 03:10:00,F01,TRAP-A,22.9,97.31,14.57,0.0
2026-07-27 03:20:00,F01,TRAP-A,22.59,90.54,16.48,0.0
2026-07-27 03:30:00,F01,TRAP-A,23.85,90.06,11.54,0.0
2026-07-27 03:40:00,F01,TRAP-A,23.41,91.93,13.12,0.0
2026-07-27 03:50:00,F01,TRAP-A,21.83,92.38,11.99,0.0
2026-07-27 04:00:00,F01,TRAP-A,23.62,92.35,14.38,0.0
2026-07-27 04:10:00,F01,TRAP-A,23.79,94.74,16.24,0.0
2026-07-27 04:20:00,F01,TRAP-A,23.08,93.66,14.99,0.0
2026-07-27 04:30:00,F01,TRAP-A,22.35,87.48,12.91,0.0
2026-07-27 04:40:00,F01,TRAP-A,23.68,91.49,12.26,0.0
2026-07-27 04:50:00,F01,TRAP-A,23.81,87.66,16.61,0.81
2026-07-27 05:00:00,F01,TRAP-A,23.06,87.81,13.08,0.0
2026-07-27 05:10:00,F01,TRAP-A,22.94,84.92,12.01,0.0
2026-07-27 05:20:00,F01,TRAP-A,24.19,82.91,14.51,0.0
2026-07-27 05:30:00,F01,TRAP-A,24.23,86.54,12.83,0.0
2026-07-27 05:40:00,F01,TRAP-A,24.24,83.69,17.52,0.0
2026-07-27 05:50:00,F01,TRAP-A,24.68,87.84,12.46,0.0
2026-07-27 06:00:00,F01,TRAP-A,24.03,84.24,13.71,0.0
2026-07-27 06:10:00,F01,TRAP-A,24.74,85.13,12.86,0.0
2026-07-27 06:20:00,F01,TRAP-A,25.7,87.18,15.48,0.0
2026-07-27 06:30:00,F01,TRAP-A,25.18,79.44,14.33,0.0
2026-07-27 06:40:00,F01,TRAP-A,24.3,80.72,16.6,0.0
2026-07-27 06:50:00,F01,TRAP-A,25.45,82.35,13.71,0.0
2026-07-27 07:00:00,F01,TRAP-A,25.16,82.05,11.83,0.0
2026-07-27 07:10:00,F01,TRAP-A,26.43,83.38,12.49,0.0
2026-07-27 07:20:00,F01,TRAP-A,26.66,82.15,30.0,0.0
2026-07-27 07:30:00,F01,TRAP-A,25.27,79.57,13.19,0.0
2026-07-27 07:40:00,F01,TRAP-A,27.41,79.43,14.46,0.0
2026-07-27 07:50:00,F01,TRAP-A,26.1,78.85,18.53,0.0
2026-07-27 08:00:00,F01,TRAP-A,28.44,73.69,11.44,0.0
2026-07-27 08:10:00,F01,TRAP-A,27.35,76.32,14.51,0.0
2026-07-27 08:20:00,F01,TRAP-A,26.58,76.68,12.2,0.0
2026-07-27 08:30:00,F01,TRAP-A,26.86,76.56,12.05,0.0
2026-07-27 08:40:00,F01,TRAP-A,28.25,72.46,11.72,0.0
2026-07-27 08:50:00,F01,TRAP-A,27.85,70.96,16.02,0.0
2026-07-27 09:00:00,F01,TRAP-A,28.27,72.92,12.11,0.0
2026-07-27 09:10:00,F01,TRAP-A,29.82,77.81,10.78,0.0
2026-07-27 09:20:00,F01,TRAP-A,28.16,70.23,10.74,0.0
2026-07-27 09:30:00,F01,TRAP-A,28.94,74.61,10.78,0.0
2026-07-27 09:40:00,F01,TRAP-A,30.21,75.05,17.03,0.0
2026-07-27 09:50:00,F01,TRAP-A,29.46,70.63,11.68,0.0
2026-07-27 10:00:00,F01,TRAP-A,28.13,68.26,17.28,0.0
2026-07-27 10:10:00,F01,TRAP-A,29.98,70.69,14.8,0.0
2026-07-27 10:20:00,F01,TRAP-A,28.8,69.37,14.99,0.0
2026-07-27 10:30:00,F01,TRAP-A,31.01,66.22,10.39,0.0
2026-07-27 10:40:00,F01,TRAP-A,29.38,66.23,10.16,0.0
2026-07-27 10:50:00,F01,TRAP-A,32.55,68.54,11.5,0.0
2026-07-27 11:00:00,F01,TRAP-A,31.49,69.29,10.49,0.0
2026-07-27 11:10:00,F01,TRAP-A,29.81,65.71,10.83,0.0
2026-07-27 11:20:00,F01,TRAP-A,30.58,65.94,8.69,0.0
2026-07-27 11:30:00,F01,TRAP-A,31.29,67.39,19.04,0.0
2026-07-27 11:40:00,F01,TRAP-A,31.42,64.93,8.36,0.0
2026-07-27 11:50:00,F01,TRAP-A,31.25,64.27,8.6,0.0
2026-07-27 12:00:00,F01,TRAP-A,31.99,62.81,11.23,3.5
2026-07-27 12:10:00,F01,TRAP-A,30.98,62.48,8.16,0.0
2026-07-27 12:20:00,F01,TRAP-A,30.86,70.82,7.82,0.0
2026-07-27 12:30:00,F01,TRAP-A,30.95,63.42,7.81,0.0
2026-07-27 12:40:00,F01,TRAP-A,31.98,67.11,7.33,0.0
2026-07-27 12:50:00,F01,TRAP-A,31.64,67.73,7.84,0.0
2026-07-27 13:00:00,F01,TRAP-A,31.63,62.9,7.75,0.0
2026-07-27 13:10:00,F01,TRAP-A,32.07,64.15,8.71,0.0
2026-07-27 13:20:00,F01,TRAP-A,29.82,63.39,8.21,0.0
2026-07-27 13:30:00,F01,TRAP-A,31.73,59.03,8.24,0.0
2026-07-27 13:40:00,F01,TRAP-A,31.67,59.14,9.03,0.0
2026-07-27 13:50:00,F01,TRAP-A,32.84,63.12,6.79,0.0
2026-07-27 14:00:00,F01,TRAP-A,30.27,61.95,6.29,0.0
2026-07-27 14:10:00,F01,TRAP-A,32.73,67.78,12.04,0.0
2026-07-27 14:20:00,F01,TRAP-A,31.52,62.53,8.58,0.0
2026-07-27 14:30:00,F01,TRAP-A,31.82,68.1,5.62,0.0
2026-07-27 14:40:00,F01,TRAP-A,32.74,62.16,15.04,0.0
2026-07-27 14:50:00,F01,TRAP-A,31.8,68.29,8.72,0.0
2026-07-27 15:00:00,F01,TRAP-A,31.61,64.96,5.55,0.0
2026-07-27 15:10:00,F01,TRAP-A,31.42,65.31,15.37,0.0
2026-07-27 15:20:00,F01,TRAP-A,30.77,62.86,6.19,0.0
2026-07-27 15:30:00,F01,TRAP-A,31.06,65.84,17.23,0.0
2026-07-27 15:40:00,F01,TRAP-A,30.42,68.92,4.96,0.0
2026-07-27 15:50:00,F01,TRAP-A,30.86,64.64,5.06,0.0
2026-07-27 16:00:00,F01,TRAP-A,28.93,64.49,7.67,0.0
2026-07-27 16:10:00,F01,TRAP-A,31.03,65.09,4.44,0.0
2026-07-27 16:20:00,F01,TRAP-A,30.48,70.14,4.36,0.0
2026-07-27 16:30:00,F01,TRAP-A,30.18,68.64,8.95,0.0
2026-07-27 16:40:00,F01,TRAP-A,30.5,70.55,4.74,0.0
2026-07-27 16:50:00,F01,TRAP-A,29.04,68.17,11.67,0.0
2026-07-27 17:00:00,F01,TRAP-A,31.59,67.95,5.76,1.78
2026-07-27 17:10:00,F01,TRAP-A,29.81,69.41,10.27,0.0
2026-07-27 17:20:00,F01,TRAP-A,29.63,71.53,5.66,0.0
2026-07-27 17:30:00,F01,TRAP-A,28.81,68.77,6.28,0.0
2026-07-27 17:40:00,F01,TRAP-A,29.44,73.35,5.15,0.0
2026-07-27 17:50:00,F01,TRAP-A,30.36,71.4,7.22,0.0
2026-07-27 18:00:00,F01,TRAP-A,29.91,65.04,5.15,0.68
2026-07-27 18:10:00,F01,TRAP-A,29.59,73.85,4.77,0.0
2026-07-27 18:20:00,F01,TRAP-A,29.16,69.06,4.29,0.0
2026-07-27 18:30:00,F01,TRAP-A,28.26,75.0,4.24,0.0
2026-07-27 18:40:00,F01,TRAP-A,27.2,75.73,5.19,0.0
2026-07-27 18:50:00,F01,TRAP-A,28.01,74.93,8.14,0.0
2026-07-27 19:00:00,F01,TRAP-A,27.79,76.1,4.87,0.0
2026-07-27 19:10:00,F01,TRAP-A,28.63,78.13,5.31,0.0
2026-07-27 19:20:00,F01,TRAP-A,27.84,74.79,11.37,0.0
2026-07-27 19:30:00,F01,TRAP-A,28.69,78.66,7.43,0.0
2026-07-27 19:40:00,F01,TRAP-A,28.16,80.24,12.02,0.0
2026-07-27 19:50:00,F01,TRAP-A,26.64,82.38,11.8,0.0
2026-07-27 20:00:00,F01,TRAP-A,25.37,75.87,4.82,0.0
2026-07-27 20:10:00,F01,TRAP-A,27.72,80.31,14.02,0.0
2026-07-27 20:20:00,F01,TRAP-A,27.5,77.54,4.98,0.0
2026-07-27 20:30:00,F01,TRAP-A,25.13,78.08,12.73,1.12
2026-07-27 20:40:00,F01,TRAP-A,27.24,82.13,7.42,0.0
2026-07-27 20:50:00,F01,TRAP-A,26.15,82.06,7.45,0.0
2026-07-27 21:00:00,F01,TRAP-A,25.78,85.36,9.04,0.0
2026-07-27 21:10:00,F01,TRAP-A,26.76,82.25,11.77,0.35
2026-07-27 21:20:00,F01,TRAP-A,26.36,83.39,8.44,0.0
2026-07-27 21:30:00,F01,TRAP-A,25.62,84.85,7.36,0.0
2026-07-27 21:40:00,F01,TRAP-A,25.3,82.76,6.2,0.0
2026-07-27 21:50:00,F01,TRAP-A,25.25,83.68,10.67,0.0
2026-07-27 22:00:00,F01,TRAP-A,24.27,88.84,6.56,0.0
2026-07-27 22:10:00,F01,TRAP-A,24.38,85.22,10.19,0.0
2026-07-27 22:20:00,F01,TRAP-A,23.54,90.08,8.72,0.0
2026-07-27 22:30:00,F01,TRAP-A,23.84,89.15,8.09,0.0
2026-07-27 22:40:00,F01,TRAP-A,23.67,84.25,9.64,0.0
2026-07-27 22:50:00,F01,TRAP-A,23.31,89.92,11.4,0.0
2026-07-27 23:00:00,F01,TRAP-A,23.79,90.36,15.63,0.0
2026-07-27 23:10:00,F01,TRAP-A,23.3,90.54,8.22,0.0
2026-07-27 23:20:00,F01,TRAP-A,23.83,89.54,16.29,0.0
2026-07-27 23:30:00,F01,TRAP-A,22.02,87.93,17.38,0.0
2026-07-27 23:40:00,F01,TRAP-A,23.12,94.01,12.86,0.0
2026-07-27 23:50:00,F01,TRAP-A,23.21,90.73,14.39,0.0
2026-07-28 00:00:00,F01,TRAP-A,22.76,89.09,11.71,0.0
2026-07-28 00:10:00,F01,TRAP-A,22.79,92.73,8.46,0.0
2026-07-28 00:20:00,F01,TRAP-A,21.58,90.0,11.09,0.0
2026-07-28 00:30:00,F01,TRAP-A,23.06,89.72,12.82,0.0
2026-07-28 00:40:00,F01,TRAP-A,23.23,91.36,17.39,0.0
2026-07-28 00:50:00,F01,TRAP-A,23.05,90.82,11.57,0.0
2026-07-28 01:00:00,F01,TRAP-A,23.44,90.36,13.94,0.0
2026-07-28 01:10:00,F01,TRAP-A,22.73,94.79,13.03,0.0
2026-07-28 01:20:00,F01,TRAP-A,22.92,92.59,10.52,0.0
2026-07-28 01:30:00,F01,TRAP-A,22.64,96.07,10.19,0.0
2026-07-28 01:40:00,F01,TRAP-A,23.05,90.85,14.01,0.0
2026-07-28 01:50:00,F01,TRAP-A,21.24,88.68,10.8,0.0
2026-07-28 02:00:00,F01,TRAP-A,21.79,93.36,10.99,0.0
2026-07-28 02:10:00,F01,TRAP-A,23.79,97.58,13.39,0.0
2026-07-28 02:20:00,F01,TRAP-A,20.57,94.2,15.1,0.0
2026-07-28 02:30:00,F01,TRAP-A,22.46,98.0,13.19,0.0
2026-07-28 02:40:00,F01,TRAP-A,23.54,93.48,17.19,0.0
2026-07-28 02:50:00,F01,TRAP-A,22.58,93.08,11.54,0.0
2026-07-28 03:00:00,F01,TRAP-A,22.38,86.92,11.82,0.0
2026-07-28 03:10:00,F01,TRAP-A,22.87,93.17,14.1,0.0
2026-07-28 03:20:00,F01,TRAP-A,22.56,92.29,16.48,0.0
2026-07-28 03:30:00,F01,TRAP-A,22.94,90.58,13.6,0.0
2026-07-28 03:40:00,F01,TRAP-A,22.46,90.97,11.4,0.0
2026-07-28 03:50:00,F01,TRAP-A,23.99,90.83,14.85,0.0
2026-07-28 04:00:00,F01,TRAP-A,24.34,90.21,16.59,0.0
2026-07-28 04:10:00,F01,TRAP-A,23.2,95.52,12.59,0.0
2026-07-28 04:20:00,F01,TRAP-A,22.32,88.98,11.86,0.0
2026-07-28 04:30:00,F01,TRAP-A,23.13,89.92,13.95,0.0
2026-07-28 04:40:00,F01,TRAP-A,23.53,88.06,11.94,0.0
2026-07-28 04:50:00,F01,TRAP-A,24.22,90.57,13.48,0.0
2026-07-28 05:00:00,F01,TRAP-A,23.15,88.59,11.96,0.0
2026-07-28 05:10:00,F01,TRAP-A,23.49,86.95,12.7,0.0
2026-07-28 05:20:00,F01,TRAP-A,24.67,82.33,13.44,0.0
2026-07-28 05:30:00,F01,TRAP-A,25.17,87.22,12.34,0.0
2026-07-28 05:40:00,F01,TRAP-A,24.08,85.3,12.36,0.0
2026-07-28 05:50:00,F01,TRAP-A,23.68,85.36,17.26,0.0
2026-07-28 06:00:00,F01,TRAP-A,27.55,81.98,12.12,0.0
2026-07-28 06:10:00,F01,TRAP-A,25.72,87.93,15.49,0.0
2026-07-28 06:20:00,F01,TRAP-A,25.06,85.89,17.02,0.0
2026-07-28 06:30:00,F01,TRAP-A,26.15,86.72,12.36,0.0
2026-07-28 06:40:00,F01,TRAP-A,25.54,85.39,12.56,0.0
2026-07-28 06:50:00,F01,TRAP-A,26.53,83.38,14.94,0.0
2026-07-28 07:00:00,F01,TRAP-A,26.15,78.4,12.95,0.0
2026-07-28 07:10:00,F01,TRAP-A,26.29,85.23,13.7,0.0
2026-07-28 07:20:00,F01,TRAP-A,26.32,77.65,17.12,0.0
2026-07-28 07:30:00,F01,TRAP-A,25.45,78.65,12.07,0.0
2026-07-28 07:40:00,F01,TRAP-A,28.35,80.43,14.45,0.0
2026-07-28 07:50:00,F01,TRAP-A,26.24,79.9,20.03,0.0
2026-07-28 08:00:00,F01,TRAP-A,26.1,78.79,11.55,0.0
2026-07-28 08:10:00,F01,TRAP-A,27.22,75.7,11.46,0.0
2026-07-28 08:20:00,F01,TRAP-A,26.81,74.54,13.6,0.0
2026-07-28 08:30:00,F01,TRAP-A,27.74,81.74,20.73,0.0
2026-07-28 08:40:00,F01,TRAP-A,28.52,74.67,11.7,0.0
2026-07-28 08:50:00,F01,TRAP-A,28.96,73.72,12.04,0.0
2026-07-28 09:00:00,F01,TRAP-A,29.0,71.72,11.02,0.0
2026-07-28 09:10:00,F01,TRAP-A,28.29,73.49,11.92,0.0
2026-07-28 09:20:00,F01,TRAP-A,28.76,72.77,10.57,0.0
2026-07-28 09:30:00,F01,TRAP-A,29.22,71.63,11.78,0.0
2026-07-28 09:40:00,F01,TRAP-A,27.67,72.04,12.58,0.63
2026-07-28 09:50:00,F01,TRAP-A,29.7,74.92,21.07,0.0
2026-07-28 10:00:00,F01,TRAP-A,28.25,68.46,14.97,0.0
2026-07-28 10:10:00,F01,TRAP-A,31.21,69.51,14.87,0.0
2026-07-28 10:20:00,F01,TRAP-A,29.41,67.26,10.31,0.0
2026-07-28 10:30:00,F01,TRAP-A,29.74,69.1,9.64,0.0
2026-07-28 10:40:00,F01,TRAP-A,29.42,66.45,11.98,0.0
2026-07-28 10:50:00,F01,TRAP-A,29.68,66.09,11.25,0.0
2026-07-28 11:00:00,F01,TRAP-A,32.13,63.3,11.05,0.0
2026-07-28 11:10:00,F01,TRAP-A,31.2,66.76,9.04,0.0
2026-07-28 11:20:00,F01,TRAP-A,29.33,67.18,10.57,0.0
2026-07-28 11:30:00,F01,TRAP-A,31.89,70.37,8.84,0.0
2026-07-28 11:40:00,F01,TRAP-A,31.75,66.53,9.82,0.0
2026-07-28 11:50:00,F01,TRAP-A,30.67,63.89,8.2,0.0
2026-07-28 12:00:00,F01,TRAP-A,31.24,61.3,13.66,0.0
2026-07-28 12:10:00,F01,TRAP-A,31.07,61.36,7.69,0.0
2026-07-28 12:20:00,F01,TRAP-A,32.73,60.91,15.89,0.0
2026-07-28 12:30:00,F01,TRAP-A,30.59,68.6,13.27,0.0
2026-07-28 12:40:00,F01,TRAP-A,31.41,64.42,11.33,1.61
2026-07-28 12:50:00,F01,TRAP-A,31.0,62.06,19.11,0.0
2026-07-28 13:00:00,F01,TRAP-A,30.25,60.96,6.97,0.0
2026-07-28 13:10:00,F01,TRAP-A,33.18,61.09,9.71,0.0
2026-07-28 13:20:00,F01,TRAP-A,30.52,61.61,12.15,0.0
2026-07-28 13:30:00,F01,TRAP-A,31.66,66.35,6.72,0.0
2026-07-28 13:40:00,F01,TRAP-A,30.1,62.94,8.79,0.0
2026-07-28 13:50:00,F01,TRAP-A,31.18,59.38,7.5,0.0
2026-07-28 14:00:00,F01,TRAP-A,31.83,68.79,7.57,0.0
2026-07-28 14:10:00,F01,TRAP-A,30.82,60.21,13.02,0.0
2026-07-28 14:20:00,F01,TRAP-A,31.93,61.65,7.89,0.0
2026-07-28 14:30:00,F01,TRAP-A,31.22,66.5,5.72,0.0
2026-07-28 14:40:00,F01,TRAP-A,32.32,64.39,13.6,0.0
2026-07-28 14:50:00,F01,TRAP-A,32.44,62.33,5.79,0.0
2026-07-28 15:00:00,F01,TRAP-A,30.82,60.61,11.75,0.0
2026-07-28 15:10:00,F01,TRAP-A,31.29,61.48,15.55,0.0
2026-07-28 15:20:00,F01,TRAP-A,31.31,61.87,11.14,0.0
2026-07-28 15:30:00,F01,TRAP-A,31.58,64.42,8.12,0.0
2026-07-28 15:40:00,F01,TRAP-A,31.0,65.17,8.71,0.0
2026-07-28 15:50:00,F01,TRAP-A,31.05,64.63,8.15,0.0
2026-07-28 16:00:00,F01,TRAP-A,30.6,65.25,6.3,0.0
2026-07-28 16:10:00,F01,TRAP-A,30.78,63.08,5.34,0.0
2026-07-28 16:20:00,F01,TRAP-A,31.61,66.83,5.31,0.0
2026-07-28 16:30:00,F01,TRAP-A,30.97,69.7,8.18,0.0
2026-07-28 16:40:00,F01,TRAP-A,30.88,66.53,7.14,0.0
2026-07-28 16:50:00,F01,TRAP-A,30.76,66.93,6.77,0.0
2026-07-28 17:00:00,F01,TRAP-A,29.92,68.07,7.27,0.0
2026-07-28 17:10:00,F01,TRAP-A,30.15,71.15,8.53,0.0
2026-07-28 17:20:00,F01,TRAP-A,28.87,66.62,8.17,0.0
2026-07-28 17:30:00,F01,TRAP-A,30.6,73.02,4.35,0.0
2026-07-28 17:40:00,F01,TRAP-A,27.19,70.99,5.36,0.0
2026-07-28 17:50:00,F01,TRAP-A,29.18,70.56,4.92,0.0
2026-07-28 18:00:00,F01,TRAP-A,29.99,74.1,6.32,0.0
2026-07-28 18:10:00,F01,TRAP-A,27.81,68.7,4.21,0.0
2026-07-28 18:20:00,F01,TRAP-A,29.04,73.56,8.35,0.0
2026-07-28 18:30:00,F01,TRAP-A,28.0,73.94,4.4,0.0
2026-07-28 18:40:00,F01,TRAP-A,28.06,71.14,5.04,0.0
2026-07-28 18:50:00,F01,TRAP-A,28.92,75.26,8.72,0.0
2026-07-28 19:00:00,F01,TRAP-A,28.13,75.45,4.34,0.0
2026-07-28 19:10:00,F01,TRAP-A,26.16,74.94,7.48,0.0
2026-07-28 19:20:00,F01,TRAP-A,26.81,78.19,12.05,0.0
2026-07-28 19:30:00,F01,TRAP-A,28.18,75.25,7.26,0.0
2026-07-28 19:40:00,F01,TRAP-A,27.56,78.01,8.19,0.0
2026-07-28 19:50:00,F01,TRAP-A,28.4,77.66,9.25,0.0
2026-07-28 20:00:00,F01,TRAP-A,28.15,77.11,5.38,0.0
2026-07-28 20:10:00,F01,TRAP-A,26.34,80.56,7.33,0.0
2026-07-28 20:20:00,F01,TRAP-A,28.42,79.43,5.93,0.0
2026-07-28 20:30:00,F01,TRAP-A,26.24,76.91,5.8,0.0
2026-07-28 20:40:00,F01,TRAP-A,25.26,76.74,5.69,0.0
2026-07-28 20:50:00,F01,TRAP-A,25.33,83.85,7.81,0.0
2026-07-28 21:00:00,F01,TRAP-A,23.84,79.45,10.04,0.0
2026-07-28 21:10:00,F01,TRAP-A,26.75,83.82,11.69,0.0
2026-07-28 21:20:00,F01,TRAP-A,26.56,83.87,7.24,0.0
2026-07-28 21:30:00,F01,TRAP-A,24.29,83.41,7.1,0.0
2026-07-28 21:40:00,F01,TRAP-A,24.74,89.81,9.34,0.0
2026-07-28 21:50:00,F01,TRAP-A,24.83,85.94,10.55,0.0
2026-07-28 22:00:00,F01,TRAP-A,23.82,87.94,7.03,0.0
2026-07-28 22:10:00,F01,TRAP-A,23.02,87.31,7.37,0.0
2026-07-28 22:20:00,F01,TRAP-A,24.09,86.55,8.75,0.0
2026-07-28 22:30:00,F01,TRAP-A,23.85,87.59,8.39,0.0
2026-07-28 22:40:00,F01,TRAP-A,23.65,91.77,10.47,0.0
2026-07-28 22:50:00,F01,TRAP-A,24.0,91.32,9.07,0.0
2026-07-28 23:00:00,F01,TRAP-A,24.83,93.93,7.49,0.0
2026-07-28 23:10:00,F01,TRAP-A,23.31,90.04,7.85,0.0
2026-07-28 23:20:00,F01,TRAP-A,23.57,87.7,14.44,0.0
2026-07-28 23:30:00,F01,TRAP-A,23.9,89.18,8.42,0.0
2026-07-28 23:40:00,F01,TRAP-A,23.65,87.68,7.98,0.0
2026-07-28 23:50:00,F01,TRAP-A,22.61,92.9,11.94,0.0
2026-07-29 00:00:00,F01,TRAP-A,23.09,89.84,11.63,0.0
2026-07-29 00:10:00,F01,TRAP-A,23.36,83.95,11.1,0.0
2026-07-29 00:20:00,F01,TRAP-A,21.94,98.0,10.61,7.15
2026-07-29 00:30:00,F01,TRAP-A,23.78,90.67,19.17,0.0
2026-07-29 00:40:00,F01,TRAP-A,23.85,90.86,9.25,0.0
2026-07-29 00:50:00,F01,TRAP-A,22.08,96.67,11.17,0.0
2026-07-29 01:00:00,F01,TRAP-A,22.76,89.62,11.69,0.0
2026-07-29 01:10:00,F01,TRAP-A,23.08,95.61,9.43,0.0
2026-07-29 01:20:00,F01,TRAP-A,22.1,91.4,11.12,0.0
2026-07-29 01:30:00,F01,TRAP-A,22.9,89.63,14.27,0.0
2026-07-29 01:40:00,F01,TRAP-A,22.63,97.25,11.76,0.0
2026-07-29 01:50:00,F01,TRAP-A,21.33,95.31,16.24,4.44
2026-07-29 02:00:00,F01,TRAP-A,22.87,95.29,13.25,0.0
2026-07-29 02:10:00,F01,TRAP-A,21.64,93.86,14.65,0.0
2026-07-29 02:20:00,F01,TRAP-A,23.29,94.37,15.33,0.0
2026-07-29 02:30:00,F01,TRAP-A,22.03,89.69,14.08,0.0
2026-07-29 02:40:00,F01,TRAP-A,22.48,92.92,14.85,0.0
2026-07-29 02:50:00,F01,TRAP-A,23.75,90.17,14.39,0.0
2026-07-29 03:00:00,F01,TRAP-A,23.1,88.84,13.35,0.0
2026-07-29 03:10:00,F01,TRAP-A,21.91,93.12,13.57,0.0
2026-07-29 03:20:00,F01,TRAP-A,22.03,94.76,11.8,0.0
2026-07-29 03:30:00,F01,TRAP-A,22.44,90.64,16.55,0.0
2026-07-29 03:40:00,F01,TRAP-A,23.32,90.78,12.5,0.0
2026-07-29 03:50:00,F01,TRAP-A,23.39,88.15,13.77,0.0
2026-07-29 04:00:00,F01,TRAP-A,22.53,90.67,12.41,0.0
2026-07-29 04:10:00,F01,TRAP-A,22.38,92.19,15.2,0.0
2026-07-29 04:20:00,F01,TRAP-A,23.65,91.88,22.78,0.0
2026-07-29 04:30:00,F01,TRAP-A,23.41,90.86,16.62,0.0
2026-07-29 04:40:00,F01,TRAP-A,25.41,87.52,14.71,0.0
2026-07-29 04:50:00,F01,TRAP-A,23.85,86.99,14.38,0.0
2026-07-29 05:00:00,F01,TRAP-A,25.41,90.13,13.92,0.0
2026-07-29 05:10:00,F01,TRAP-A,23.17,89.68,12.63,0.0
2026-07-29 05:20:00,F01,TRAP-A,23.0,86.71,13.25,0.0
2026-07-29 05:30:00,F01,TRAP-A,23.52,85.54,13.55,0.0
2026-07-29 05:40:00,F01,TRAP-A,25.53,88.98,20.67,0.0
2026-07-29 05:50:00,F01,TRAP-A,26.15,84.6,13.66,0.0
2026-07-29 06:00:00,F01,TRAP-A,24.29,86.8,14.64,0.0
2026-07-29 06:10:00,F01,TRAP-A,24.73,84.0,19.65,0.0
2026-07-29 06:20:00,F01,TRAP-A,24.34,81.13,14.16,0.0
2026-07-29 06:30:00,F01,TRAP-A,24.01,87.17,12.81,0.0
2026-07-29 06:40:00,F01,TRAP-A,26.22,82.82,13.34,0.0
2026-07-29 06:50:00,F01,TRAP-A,26.01,80.11,13.28,5.18
2026-07-29 07:00:00,F01,TRAP-A,26.03,77.77,15.58,0.0
2026-07-29 07:10:00,F01,TRAP-A,25.1,77.38,12.81,0.0
2026-07-29 07:20:00,F01,TRAP-A,27.72,79.03,15.63,0.0
2026-07-29 07:30:00,F01,TRAP-A,26.2,84.13,18.23,0.0
2026-07-29 07:40:00,F01,TRAP-A,27.23,77.2,12.78,0.0
2026-07-29 07:50:00,F01,TRAP-A,25.83,81.62,11.9,0.0
2026-07-29 08:00:00,F01,TRAP-A,27.04,77.02,14.43,0.0
2026-07-29 08:10:00,F01,TRAP-A,27.62,73.74,12.62,0.0
2026-07-29 08:20:00,F01,TRAP-A,27.85,74.86,13.46,0.0
2026-07-29 08:30:00,F01,TRAP-A,27.9,72.2,14.08,0.03
2026-07-29 08:40:00,F01,TRAP-A,28.37,72.62,12.52,0.0
2026-07-29 08:50:00,F01,TRAP-A,27.26,71.91,18.59,0.0
2026-07-29 09:00:00,F01,TRAP-A,28.51,68.73,12.23,0.0
2026-07-29 09:10:00,F01,TRAP-A,28.63,76.66,11.67,0.0
2026-07-29 09:20:00,F01,TRAP-A,28.91,72.79,16.94,0.0
2026-07-29 09:30:00,F01,TRAP-A,28.96,69.95,10.73,0.0
2026-07-29 09:40:00,F01,TRAP-A,28.06,71.63,10.55,0.0
2026-07-29 09:50:00,F01,TRAP-A,28.19,68.41,18.23,0.0
2026-07-29 10:00:00,F01,TRAP-A,27.65,63.27,10.55,0.0
2026-07-29 10:10:00,F01,TRAP-A,30.23,76.79,10.17,0.0
2026-07-29 10:20:00,F01,TRAP-A,30.4,69.35,11.83,0.0
2026-07-29 10:30:00,F01,TRAP-A,30.57,66.89,9.51,0.0
2026-07-29 10:40:00,F01,TRAP-A,30.28,63.03,12.11,0.0
2026-07-29 10:50:00,F01,TRAP-A,28.47,63.66,10.85,0.0
2026-07-29 11:00:00,F01,TRAP-A,29.5,71.08,11.94,0.0
2026-07-29 11:10:00,F01,TRAP-A,30.58,70.27,9.7,0.0
2026-07-29 11:20:00,F01,TRAP-A,30.68,67.99,15.6,0.0
2026-07-29 11:30:00,F01,TRAP-A,30.51,62.93,9.3,0.0
2026-07-29 11:40:00,F01,TRAP-A,31.09,69.13,11.22,0.0
2026-07-29 11:50:00,F01,TRAP-A,30.91,66.14,16.71,0.0
2026-07-29 12:00:00,F01,TRAP-A,31.09,66.33,9.36,0.0
2026-07-29 12:10:00,F01,TRAP-A,30.57,65.52,8.18,0.0
2026-07-29 12:20:00,F01,TRAP-A,31.94,60.38,7.69,0.0
2026-07-29 12:30:00,F01,TRAP-A,30.88,60.91,17.2,0.0
2026-07-29 12:40:00,F01,TRAP-A,30.23,62.42,11.46,0.0
2026-07-29 12:50:00,F01,TRAP-A,30.73,65.12,14.5,0.0
2026-07-29 13:00:00,F01,TRAP-A,31.11,59.91,10.4,0.0
2026-07-29 13:10:00,F01,TRAP-A,32.23,62.79,7.89,0.0
2026-07-29 13:20:00,F01,TRAP-A,31.43,62.69,6.86,0.0
2026-07-29 13:30:00,F01,TRAP-A,31.33,65.04,14.26,0.0
2026-07-29 13:40:00,F01,TRAP-A,30.5,64.7,8.17,0.0
2026-07-29 13:50:00,F01,TRAP-A,32.13,60.47,7.52,0.0
2026-07-29 14:00:00,F01,TRAP-A,30.97,66.63,8.44,0.0
2026-07-29 14:10:00,F01,TRAP-A,31.4,60.15,6.04,0.0
2026-07-29 14:20:00,F01,TRAP-A,32.65,65.86,6.68,5.97
2026-07-29 14:30:00,F01,TRAP-A,31.84,61.85,8.48,0.0
2026-07-29 14:40:00,F01,TRAP-A,30.09,63.76,5.61,0.0
2026-07-29 14:50:00,F01,TRAP-A,29.93,64.08,5.61,0.0
2026-07-29 15:00:00,F01,TRAP-A,31.24,64.19,7.2,0.0
2026-07-29 15:10:00,F01,TRAP-A,30.26,65.59,7.87,0.0
2026-07-29 15:20:00,F01,TRAP-A,31.68,65.12,5.45,8.29
2026-07-29 15:30:00,F01,TRAP-A,31.11,66.36,4.82,0.0
2026-07-29 15:40:00,F01,TRAP-A,31.12,65.86,14.16,0.0
2026-07-29 15:50:00,F01,TRAP-A,30.33,61.85,4.62,0.0
2026-07-29 16:00:00,F01,TRAP-A,32.19,66.02,4.46,0.0
2026-07-29 16:10:00,F01,TRAP-A,32.96,64.3,5.55,0.0
2026-07-29 16:20:00,F01,TRAP-A,30.35,63.33,5.06,0.0
2026-07-29 16:30:00,F01,TRAP-A,30.73,65.78,6.8,3.82
2026-07-29 16:40:00,F01,TRAP-A,30.4,67.4,10.92,0.0
2026-07-29 16:50:00,F01,TRAP-A,29.97,68.02,6.1,0.0
2026-07-29 17:00:00,F01,TRAP-A,29.37,70.5,8.55,0.0
2026-07-29 17:10:00,F01,TRAP-A,29.03,71.62,11.26,0.0
2026-07-29 17:20:00,F01,TRAP-A,28.83,69.71,4.66,0.0
2026-07-29 17:30:00,F01,TRAP-A,29.91,70.69,6.03,0.0
2026-07-29 17:40:00,F01,TRAP-A,29.0,70.18,7.09,0.0
2026-07-29 17:50:00,F01,TRAP-A,27.19,72.42,5.21,0.0
2026-07-29 18:00:00,F01,TRAP-A,29.43,72.29,8.04,0.0
2026-07-29 18:10:00,F01,TRAP-A,28.87,71.52,7.68,0.0
2026-07-29 18:20:00,F01,TRAP-A,29.8,77.64,5.67,0.0
2026-07-29 18:30:00,F01,TRAP-A,28.84,71.5,4.34,0.0
2026-07-29 18:40:00,F01,TRAP-A,27.17,77.12,4.13,0.0
2026-07-29 18:50:00,F01,TRAP-A,26.38,70.73,5.52,0.0
2026-07-29 19:00:00,F01,TRAP-A,27.4,76.79,4.44,0.0
2026-07-29 19:10:00,F01,TRAP-A,27.28,78.99,8.81,0.0
2026-07-29 19:20:00,F01,TRAP-A,28.34,71.27,5.53,0.0
2026-07-29 19:30:00,F01,TRAP-A,27.39,77.04,7.67,0.0
2026-07-29 19:40:00,F01,TRAP-A,28.1,79.13,5.73,1.28
2026-07-29 19:50:00,F01,TRAP-A,25.94,78.63,9.3,0.0
2026-07-29 20:00:00,F01,TRAP-A,27.58,79.6,11.21,0.0
2026-07-29 20:10:00,F01,TRAP-A,27.18,79.65,10.17,0.0
2026-07-29 20:20:00,F01,TRAP-A,24.8,77.22,6.81,0.0
2026-07-29 20:30:00,F01,TRAP-A,27.28,86.52,5.2,0.0
2026-07-29 20:40:00,F01,TRAP-A,26.1,79.99,6.44,0.0
2026-07-29 20:50:00,F01,TRAP-A,26.15,82.97,6.83,0.0
2026-07-29 21:00:00,F01,TRAP-A,24.96,80.89,14.97,0.0
2026-07-29 21:10:00,F01,TRAP-A,26.48,77.44,7.93,0.0
2026-07-29 21:20:00,F01,TRAP-A,24.33,81.43,8.64,0.0
2026-07-29 21:30:00,F01,TRAP-A,25.76,80.72,10.28,0.0
2026-07-29 21:40:00,F01,TRAP-A,25.58,87.65,8.37,0.0
2026-07-29 21:50:00,F01,TRAP-A,23.97,83.98,8.74,0.0
2026-07-29 22:00:00,F01,TRAP-A,26.17,84.77,7.0,0.0
2026-07-29 22:10:00,F01,TRAP-A,24.6,83.94,6.49,0.0
2026-07-29 22:20:00,F01,TRAP-A,24.78,87.37,10.3,0.0
2026-07-29 22:30:00,F01,TRAP-A,22.89,85.85,12.3,0.0
2026-07-29 22:40:00,F01,TRAP-A,25.65,90.61,8.39,0.0
2026-07-29 22:50:00,F01,TRAP-A,22.84,89.36,9.35,0.0
2026-07-29 23:00:00,F01,TRAP-A,24.5,87.63,8.24,0.0
2026-07-29 23:10:00,F01,TRAP-A,22.76,91.62,9.1,0.0
2026-07-29 23:20:00,F01,TRAP-A,22.93,89.92,8.18,0.0
2026-07-29 23:30:00,F01,TRAP-A,23.94,90.34,11.93,0.0
2026-07-29 23:40:00,F01,TRAP-A,24.03,86.99,9.86,0.0
2026-07-29 23:50:00,F01,TRAP-A,22.09,90.81,10.38,0.0
